chrom,start,end,name,score,strand,signal,pvalue,qvalue,peak_offset,center
chr12,53676107,53676353,.,1000,.,497.2945,-1.0,4.87269,126,53676233
chr17,37373596,37373838,.,1000,.,489.70457,-1.0,4.87269,126,37373722
chr5,43105741,43105981,.,1000,.,484.0279,-1.0,4.87269,129,43105870
chr19,40634550,40634789,.,1000,.,482.15478,-1.0,4.87269,119,40634669
chr16,57649099,57649346,.,1000,.,481.7591,-1.0,4.87269,119,57649218
chr9,128117677,128117924,.,1000,.,481.2463,-1.0,4.87269,116,128117793
chr10,75235955,75236223,.,1000,.,478.68399,-1.0,4.87269,141,75236096
chr11,66222737,66222969,.,1000,.,476.67342,-1.0,4.87269,122,66222859
chr17,80575386,80575629,.,1000,.,470.45262,-1.0,4.87269,121,80575507
chr1,114346562,114346816,.,1000,.,469.14351,-1.0,4.87269,130,114346692
chr3,195850938,195851190,.,1000,.,469.13369,-1.0,4.87269,112,195851050
chr12,57905393,57905625,.,1000,.,468.29247,-1.0,4.87269,121,57905514
chr2,44479461,44479710,.,1000,.,463.16586,-1.0,4.87269,125,44479586
chr17,45135328,45135572,.,1000,.,462.35599,-1.0,4.87269,124,45135452
chr7,151172601,151172867,.,1000,.,461.91385,-1.0,4.87269,134,151172735
chr22,36856377,36856657,.,1000,.,460.26299,-1.0,4.87269,150,36856527
chr1,150979543,150979773,.,1000,.,460.04129,-1.0,4.87269,115,150979658
chr15,56246084,56246317,.,1000,.,460.03474,-1.0,4.87269,115,56246199
chr1,159161070,159161297,.,1000,.,459.5105,-1.0,4.87269,105,159161175
chr12,57239135,57239381,.,1000,.,459.34564,-1.0,4.87269,125,57239260
chr13,99436918,99437187,.,1000,.,456.0694,-1.0,4.87269,135,99437053
chr14,21092543,21092807,.,1000,.,455.49597,-1.0,4.87269,121,21092664
chr17,41662726,41662990,.,1000,.,455.04037,-1.0,4.87269,135,41662861
chr7,143215145,143215384,.,1000,.,454.14687,-1.0,4.87269,111,143215256
chr2,30711659,30711915,.,1000,.,453.14442,-1.0,4.87269,141,30711800
chr12,121794228,121794486,.,1000,.,453.05191,-1.0,4.87269,134,121794362
chr15,40274761,40274986,.,1000,.,452.29317,-1.0,4.87269,108,40274869
chr12,54379701,54379938,.,1000,.,450.36543,-1.0,4.87269,122,54379823
chr17,34200010,34200236,.,1000,.,448.0385,-1.0,4.87269,115,34200125
chr20,58209877,58210134,.,1000,.,447.79448,-1.0,4.87269,140,58210017
chr10,64041253,64041480,.,1000,.,447.53387,-1.0,4.87269,119,64041372
chr10,130190149,130190391,.,1000,.,446.54763,-1.0,4.87269,133,130190282
chr17,43483630,43483907,.,1000,.,444.76702,-1.0,4.87269,144,43483774
chr7,91880706,91880942,.,1000,.,444.61398,-1.0,4.87269,112,91880818
chr22,41666701,41666930,.,1000,.,443.73026,-1.0,4.87269,113,41666814
chr5,157743548,157743788,.,1000,.,443.30947,-1.0,4.87269,122,157743670
chr22,42867795,42868046,.,1000,.,442.74376,-1.0,4.87269,114,42867909
chr17,28750140,28750368,.,1000,.,441.86415,-1.0,4.87269,111,28750251
chr2,117814390,117814643,.,1000,.,441.31743,-1.0,4.87269,142,117814532
chr16,56964612,56964845,.,1000,.,440.60668,-1.0,4.87269,118,56964730
chr6,30131087,30131307,.,1000,.,440.13449,-1.0,4.87269,118,30131205
chr1,155017575,155017804,.,1000,.,439.26012,-1.0,4.87269,117,155017692
chr3,46488751,46488998,.,1000,.,438.72086,-1.0,4.87269,120,46488871
chr9,68584514,68584730,.,1000,.,437.76186,-1.0,4.87269,118,68584632
chr17,42322820,42323053,.,1000,.,436.63468,-1.0,4.87269,128,42322948
chr12,124906829,124907052,.,1000,.,436.40931,-1.0,4.87269,110,124906939
chr7,25565954,25566176,.,1000,.,436.09281,-1.0,4.87269,112,25566066
chr19,55653689,55653908,.,1000,.,435.91498,-1.0,4.87269,104,55653793
chr6,72412258,72412491,.,1000,.,435.11619,-1.0,4.87269,106,72412364
chr12,48814659,48814909,.,1000,.,434.61783,-1.0,4.87269,128,48814787
chr19,42108584,42108821,.,1000,.,434.51773,-1.0,4.87269,115,42108699
chrX,154534863,154535122,.,1000,.,434.13417,-1.0,4.87269,135,154534998
chr1,225474997,225475247,.,1000,.,433.82956,-1.0,4.87269,118,225475115
chr17,39622002,39622223,.,1000,.,433.65614,-1.0,4.87269,103,39622105
chr12,103632662,103632878,.,1000,.,433.42336,-1.0,4.87269,100,103632762
chr14,105045776,105046037,.,1000,.,432.81304,-1.0,4.87269,122,105045898
chr5,139968853,139969072,.,1000,.,431.72321,-1.0,4.87269,102,139968955
chr11,75248704,75248953,.,1000,.,431.22568,-1.0,4.87269,132,75248836
chr19,33778058,33778308,.,1000,.,430.58699,-1.0,4.87269,125,33778183
chr19,45883428,45883641,.,1000,.,430.40972,-1.0,4.87269,105,45883533
chr13,48769188,48769402,.,1000,.,430.1864,-1.0,4.87269,100,48769288
chr17,43760451,43760676,.,1000,.,429.92632,-1.0,4.87269,99,43760550
chr1,37990066,37990283,.,1000,.,429.56119,-1.0,4.87269,105,37990171
chr10,4849735,4849956,.,1000,.,429.54508,-1.0,4.87269,111,4849846
chr14,90399611,90399838,.,1000,.,428.57197,-1.0,4.87269,111,90399722
chr10,6088729,6089023,.,1000,.,427.66124,-1.0,4.87269,158,6088887
chr11,2400322,2400504,.,1000,.,427.43565,-1.0,4.87269,82,2400404
chr15,77633528,77633766,.,1000,.,427.37648,-1.0,4.87269,122,77633650
chr10,117216677,117216917,.,1000,.,426.57363,-1.0,4.87269,111,117216788
chr22,42169046,42169273,.,1000,.,426.11871,-1.0,4.87269,101,42169147
chr2,219642550,219642774,.,1000,.,425.15392,-1.0,4.87269,118,219642668
chr15,94119973,94120188,.,1000,.,424.79382,-1.0,4.87269,115,94120088
chr1,9627024,9627283,.,1000,.,424.2992,-1.0,4.87269,124,9627148
chr3,48436056,48436298,.,1000,.,423.25939,-1.0,4.87269,114,48436170
chr14,49862105,49862363,.,1000,.,422.94189,-1.0,4.87269,117,49862222
chr2,218847744,218847970,.,1000,.,422.82018,-1.0,4.87269,115,218847859
chr17,44210395,44210607,.,1000,.,422.74017,-1.0,4.87269,101,44210496
chr11,728091,728305,.,1000,.,421.95125,-1.0,4.87269,110,728201
chr12,44948804,44949025,.,1000,.,421.61992,-1.0,4.87269,111,44948915
chr16,67816604,67816842,.,1000,.,421.39017,-1.0,4.87269,127,67816731
chr14,20609424,20609671,.,1000,.,421.36429,-1.0,4.87269,119,20609543
chr7,76314332,76314582,.,1000,.,421.1492,-1.0,4.87269,112,76314444
chr11,65884723,65884934,.,1000,.,421.11843,-1.0,4.87269,101,65884824
chr3,51942138,51942322,.,1000,.,419.91378,-1.0,4.87269,76,51942214
chr11,130862014,130862256,.,1000,.,419.89692,-1.0,4.87269,128,130862142
chr15,45118156,45118412,.,1000,.,419.84825,-1.0,4.87269,127,45118283
chr16,50024920,50025134,.,1000,.,419.81728,-1.0,4.87269,102,50025022
chr7,43838943,43839185,.,1000,.,419.04945,-1.0,4.87269,126,43839069
chr20,31612889,31613153,.,1000,.,418.80804,-1.0,4.87269,125,31613014
chr4,147866885,147867105,.,1000,.,418.62801,-1.0,4.87269,103,147866988
chr16,75464752,75464981,.,1000,.,418.16359,-1.0,4.87269,143,75464895
chr8,20376284,20376506,.,1000,.,417.11037,-1.0,4.87269,107,20376391
chr18,45212830,45213029,.,1000,.,416.26646,-1.0,4.87269,98,45212928
chr11,129364207,129364424,.,1000,.,416.10957,-1.0,4.87269,97,129364304
chr11,36747159,36747377,.,1000,.,415.96768,-1.0,4.87269,102,36747261
chr19,2236301,2236512,.,1000,.,415.87597,-1.0,4.87269,108,2236409
chr20,34312741,34312991,.,1000,.,415.60267,-1.0,4.87269,118,34312859
chr5,170338952,170339200,.,1000,.,415.31709,-1.0,4.87269,131,170339083
chr16,96979,97201,.,1000,.,415.1984,-1.0,4.87269,119,97098
chr16,4254058,4254298,.,1000,.,415.19238,-1.0,4.87269,115,4254173
chr11,72434148,72434440,.,1000,.,414.29371,-1.0,4.87269,147,72434295
chr14,104078032,104078272,.,1000,.,414.17977,-1.0,4.87269,126,104078158
chr12,29317851,29318074,.,1000,.,414.10087,-1.0,4.87269,113,29317964
chr9,133022425,133022660,.,1000,.,413.85918,-1.0,4.87269,118,133022543
chr3,46078906,46079125,.,1000,.,412.96877,-1.0,4.87269,104,46079010
chr19,13880128,13880422,.,1000,.,412.84307,-1.0,4.87269,171,13880299
chr8,85220713,85220918,.,1000,.,412.37793,-1.0,4.87269,91,85220804
chr1,159891646,159891847,.,1000,.,412.27344,-1.0,4.87269,94,159891740
chr12,53746695,53746926,.,1000,.,412.17641,-1.0,4.87269,119,53746814
chr3,64023450,64023686,.,1000,.,411.33964,-1.0,4.87269,116,64023566
chr6,41368925,41369168,.,1000,.,410.87928,-1.0,4.87269,130,41369055
chr20,49333973,49334231,.,1000,.,410.55236,-1.0,4.87269,132,49334105
chr2,46987077,46987313,.,1000,.,410.44836,-1.0,4.87269,120,46987197
chr20,38435332,38435527,.,1000,.,410.4172,-1.0,4.87269,102,38435434
chr6,131628236,131628488,.,1000,.,410.2211,-1.0,4.87269,132,131628368
chrX,12946847,12947082,.,1000,.,409.27936,-1.0,4.87269,104,12946951
chr14,23120846,23121085,.,1000,.,409.11354,-1.0,4.87269,122,23120968
chr17,81101778,81102042,.,1000,.,408.58581,-1.0,4.87269,130,81101908
chr5,112160666,112160848,.,1000,.,407.94744,-1.0,4.87269,85,112160751
chr2,222690648,222690880,.,1000,.,407.6045,-1.0,4.87269,123,222690771
chr21,43789352,43789599,.,1000,.,407.24744,-1.0,4.87269,128,43789480
chr16,90082014,90082214,.,1000,.,407.09038,-1.0,4.87269,96,90082110
chr8,104759797,104759986,.,1000,.,406.85155,-1.0,4.87269,89,104759886
chr6,166275755,166275962,.,1000,.,406.41083,-1.0,4.87269,110,166275865
chr1,116139138,116139329,.,1000,.,406.23319,-1.0,4.87269,87,116139225
chr15,40045180,40045387,.,1000,.,406.20965,-1.0,4.87269,92,40045272
chr17,7851845,7852033,.,1000,.,406.12437,-1.0,4.87269,95,7851940
chr9,124712007,124712229,.,1000,.,406.01318,-1.0,4.87269,108,124712115
chr10,71896474,71896711,.,1000,.,405.00808,-1.0,4.87269,127,71896601
chr3,149273193,149273424,.,1000,.,404.60342,-1.0,4.87269,117,149273310
chr22,22959256,22959484,.,1000,.,404.45535,-1.0,4.87269,112,22959368
chr16,77236105,77236347,.,1000,.,404.31872,-1.0,4.87269,114,77236219
chr16,28945643,28945849,.,1000,.,404.30203,-1.0,4.87269,106,28945749
chr8,138727473,138727679,.,1000,.,403.68621,-1.0,4.87269,111,138727584
chr6,154675641,154675894,.,1000,.,403.65949,-1.0,4.87269,121,154675762
chr13,39942859,39943071,.,1000,.,403.04722,-1.0,4.87269,97,39942956
chr10,95694081,95694288,.,1000,.,401.96771,-1.0,4.87269,125,95694206
chr14,22570295,22570604,.,1000,.,401.67614,-1.0,4.87269,147,22570442
chrX,100768815,100769036,.,1000,.,401.59476,-1.0,4.87269,110,100768925
chr17,57243197,57243401,.,1000,.,401.35429,-1.0,4.87269,97,57243294
chr2,28566814,28567043,.,1000,.,401.21891,-1.0,4.87269,118,28566932
chr17,49570077,49570309,.,1000,.,400.61366,-1.0,4.87269,127,49570204
chr11,60485992,60486187,.,1000,.,400.47249,-1.0,4.87269,109,60486101
chr6,15691316,15691568,.,1000,.,400.44128,-1.0,4.87269,129,15691445
chr17,27381039,27381274,.,1000,.,400.27779,-1.0,4.87269,120,27381159
chr15,45430314,45430535,.,1000,.,400.21752,-1.0,4.87269,109,45430423
chr9,137236532,137236801,.,1000,.,399.44847,-1.0,4.87269,125,137236657
chr3,115819891,115820069,.,1000,.,399.31421,-1.0,4.87269,67,115819958
chr14,55271137,55271367,.,1000,.,399.1579,-1.0,4.87269,118,55271255
chr1,155250778,155250986,.,1000,.,398.5062,-1.0,4.87269,98,155250876
chr7,142783369,142783587,.,1000,.,398.35989,-1.0,4.87269,110,142783479
chr19,39532850,39533035,.,1000,.,397.88092,-1.0,4.87269,92,39532942
chr10,48656274,48656520,.,1000,.,397.87218,-1.0,4.87269,137,48656411
chr21,43939132,43939355,.,1000,.,397.53587,-1.0,4.87269,118,43939250
chr20,50929415,50929686,.,1000,.,397.26052,-1.0,4.87269,140,50929555
chr2,70142769,70142929,.,1000,.,396.93698,-1.0,4.87269,68,70142837
chr12,54214788,54215034,.,1000,.,396.92693,-1.0,4.87269,129,54214917
chr16,55465130,55465383,.,1000,.,396.04811,-1.0,4.87269,137,55465267
chr19,10581075,10581285,.,1000,.,396.01082,-1.0,4.87269,96,10581171
chr11,88544415,88544649,.,1000,.,395.81919,-1.0,4.87269,118,88544533
chr10,104291469,104291713,.,1000,.,395.63447,-1.0,4.87269,122,104291591
chr6,157314786,157314991,.,1000,.,395.14943,-1.0,4.87269,103,157314889
chr20,47384098,47384306,.,1000,.,394.90494,-1.0,4.87269,106,47384204
chr15,74621157,74621344,.,1000,.,393.6944,-1.0,4.87269,95,74621252
chr7,43582719,43582963,.,1000,.,393.57687,-1.0,4.87269,128,43582847
chr22,39529308,39529500,.,1000,.,393.04223,-1.0,4.87269,92,39529400
chr8,80240680,80240894,.,1000,.,392.75205,-1.0,4.87269,94,80240774
chr14,70817758,70817985,.,1000,.,392.56454,-1.0,4.87269,115,70817873
chr13,48095102,48095311,.,1000,.,392.47659,-1.0,4.87269,109,48095211
chr17,50546974,50547168,.,1000,.,392.41491,-1.0,4.87269,94,50547068
chr4,48963160,48963355,.,1000,.,392.11971,-1.0,4.87269,88,48963248
chr2,84925786,84926070,.,1000,.,391.96737,-1.0,4.87269,131,84925917
chr1,207963618,207963824,.,1000,.,391.8469,-1.0,4.87269,100,207963718
chr11,61129830,61130063,.,1000,.,391.80789,-1.0,4.87269,108,61129938
chr15,31435378,31435603,.,1000,.,391.66052,-1.0,4.87269,110,31435488
chr1,18913125,18913355,.,1000,.,391.53433,-1.0,4.87269,121,18913246
chr17,38667618,38667820,.,1000,.,391.44567,-1.0,4.87269,103,38667721
chr6,25992555,25992766,.,1000,.,390.9852,-1.0,4.87269,122,25992677
chr11,65989059,65989277,.,1000,.,390.61467,-1.0,4.87269,94,65989153
chr5,175534131,175534372,.,1000,.,390.09828,-1.0,4.87269,114,175534245
chr10,96375350,96375579,.,1000,.,390.0084,-1.0,4.87269,137,96375487
chr3,139329407,139329610,.,1000,.,389.5786,-1.0,4.87269,114,139329521
chr20,1503709,1503929,.,1000,.,389.01066,-1.0,4.87269,114,1503823
chr2,177164653,177164848,.,1000,.,388.62969,-1.0,4.87269,99,177164752
chr17,47970744,47970955,.,1000,.,387.94884,-1.0,4.87269,107,47970851
chr10,100433850,100434071,.,1000,.,387.50891,-1.0,4.87269,111,100433961
chr2,94874270,94874477,.,1000,.,387.32094,-1.0,4.87269,105,94874375
chr6,109705252,109705504,.,1000,.,385.91777,-1.0,4.87269,121,109705373
chr16,68520686,68520892,.,1000,.,385.30964,-1.0,4.87269,102,68520788
chr14,24679017,24679239,.,1000,.,385.02699,-1.0,4.87269,96,24679113
chr2,134450944,134451151,.,1000,.,384.68589,-1.0,4.87269,91,134451035
chr3,136752285,136752516,.,1000,.,384.23782,-1.0,4.87269,110,136752395
chrX,10119457,10119874,.,1000,.,383.63276,-1.0,4.87269,211,10119668
chr6,29753141,29753338,.,1000,.,383.3671,-1.0,4.87269,106,29753247
chr9,97411782,97412022,.,1000,.,383.25439,-1.0,4.87269,115,97411897
chr19,49570250,49570454,.,1000,.,383.12058,-1.0,4.87269,87,49570337
chr10,86939450,86939707,.,1000,.,382.46746,-1.0,4.87269,125,86939575
chr1,78114474,78114675,.,1000,.,381.7924,-1.0,4.87269,100,78114574
chr21,43646752,43646935,.,1000,.,381.52964,-1.0,4.87269,84,43646836
chr9,121320137,121320347,.,1000,.,381.46879,-1.0,4.87269,111,121320248
chr17,62109519,62109760,.,1000,.,381.37508,-1.0,4.87269,125,62109644
chr3,184803363,184803565,.,1000,.,381.23718,-1.0,4.87269,97,184803460
chr15,82540461,82540667,.,1000,.,381.08056,-1.0,4.87269,101,82540562
chr20,63537981,63538176,.,1000,.,381.0073,-1.0,4.87269,102,63538083
chr12,52980930,52981177,.,1000,.,380.94882,-1.0,4.87269,111,52981041
chr1,201513039,201513248,.,1000,.,380.82351,-1.0,4.87269,105,201513144
chr4,10018807,10019056,.,1000,.,380.70664,-1.0,4.87269,120,10018927
chr1,25895473,25895689,.,1000,.,380.57441,-1.0,4.87269,113,25895586
chr22,41957686,41957907,.,1000,.,380.50014,-1.0,4.87269,115,41957801
chr9,33722184,33722402,.,1000,.,380.06979,-1.0,4.87269,116,33722300
chr1,36149600,36149794,.,1000,.,380.02729,-1.0,4.87269,101,36149701
chr16,67521117,67521338,.,1000,.,379.8243,-1.0,4.87269,109,67521226
chr11,65711821,65712013,.,1000,.,379.81745,-1.0,4.87269,96,65711917
chr16,86563844,86564115,.,1000,.,379.51924,-1.0,4.87269,136,86563980
chr3,46630026,46630243,.,1000,.,379.37313,-1.0,4.87269,100,46630126
chr16,69754927,69755122,.,1000,.,379.36247,-1.0,4.87269,99,69755026
chr12,52327586,52327774,.,1000,.,379.26756,-1.0,4.87269,93,52327679
chr19,34501600,34501813,.,1000,.,379.19921,-1.0,4.87269,120,34501720
chr2,73177472,73177692,.,1000,.,379.10526,-1.0,4.87269,105,73177577
chr3,195271561,195271821,.,1000,.,378.99067,-1.0,4.87269,125,195271686
chr7,38335678,38335904,.,1000,.,378.93474,-1.0,4.87269,133,38335811
chr15,73636486,73636731,.,1000,.,378.23334,-1.0,4.87269,134,73636620
chrX,133792538,133792723,.,1000,.,377.60121,-1.0,4.87269,89,133792627
chr1,206612414,206612617,.,1000,.,377.4988,-1.0,4.87269,117,206612531
chr8,22574424,22574655,.,1000,.,377.01156,-1.0,4.87269,119,22574543
chr19,47349050,47349248,.,1000,.,377.00382,-1.0,4.87269,99,47349149
chr6,148578262,148578460,.,1000,.,376.86733,-1.0,4.87269,95,148578357
chr7,128209838,128210036,.,1000,.,376.75316,-1.0,4.87269,114,128209952
chr3,39288416,39288628,.,1000,.,376.4165,-1.0,4.87269,111,39288527
chr12,45990673,45990853,.,1000,.,376.38899,-1.0,4.87269,81,45990754
chr4,56544627,56544821,.,1000,.,376.05044,-1.0,4.87269,97,56544724
chr2,27683573,27683764,.,1000,.,375.78836,-1.0,4.87269,108,27683681
chr7,76178198,76178390,.,1000,.,375.70597,-1.0,4.87269,100,76178298
chr13,48037983,48038184,.,1000,.,375.34882,-1.0,4.87269,101,48038084
chr19,38930320,38930575,.,1000,.,375.22464,-1.0,4.87269,148,38930468
chr10,72048605,72048851,.,1000,.,375.20478,-1.0,4.87269,120,72048725
chr5,111158209,111158393,.,1000,.,375.07564,-1.0,4.87269,95,111158304
chr7,135281580,135281744,.,1000,.,375.02484,-1.0,4.87269,80,135281660
chr1,33367867,33368038,.,1000,.,375.00455,-1.0,4.87269,83,33367950
chr11,120303131,120303325,.,1000,.,374.45152,-1.0,4.87269,105,120303236
chr4,674304,674488,.,1000,.,374.38548,-1.0,4.87269,84,674388
chr4,25312532,25312817,.,1000,.,374.24087,-1.0,4.87269,147,25312679
chr11,93234702,93234883,.,1000,.,374.02311,-1.0,4.87269,100,93234802
chr5,317197,317395,.,1000,.,373.84055,-1.0,4.87269,110,317307
chr3,127575077,127575251,.,1000,.,373.75092,-1.0,4.87269,76,127575153
chr2,96858128,96858309,.,1000,.,373.70466,-1.0,4.87269,88,96858216
chr15,74950468,74950641,.,1000,.,373.30158,-1.0,4.87269,90,74950558
chr17,38677134,38677318,.,1000,.,373.14606,-1.0,4.87269,91,38677225
chr17,38558191,38558380,.,1000,.,373.11523,-1.0,4.87269,94,38558285
chr17,7688106,7688321,.,1000,.,372.97397,-1.0,4.87269,98,7688204
chr19,5690102,5690306,.,1000,.,372.85207,-1.0,4.87269,109,5690211
chr10,29998444,29998627,.,1000,.,372.77118,-1.0,4.87269,86,29998530
chr16,27179584,27179786,.,1000,.,372.66425,-1.0,4.87269,100,27179684
chr3,50616026,50616201,.,1000,.,372.39776,-1.0,4.87269,84,50616110
chr6,36027442,36027626,.,1000,.,372.37354,-1.0,4.87269,89,36027531
chr15,74127606,74127793,.,1000,.,372.12541,-1.0,4.87269,94,74127700
chr16,67644755,67644960,.,1000,.,372.12204,-1.0,4.87269,92,67644847
chr19,35931714,35931876,.,1000,.,371.97186,-1.0,4.87269,85,35931799
chr10,101840756,101840939,.,1000,.,371.95689,-1.0,4.87269,78,101840834
chrX,21985359,21985581,.,1000,.,371.63158,-1.0,4.87269,113,21985472
chr1,66242750,66242961,.,1000,.,371.34372,-1.0,4.87269,105,66242855
chr18,34122817,34123009,.,1000,.,371.26814,-1.0,4.87269,91,34122908
chr14,23068949,23069181,.,1000,.,371.07046,-1.0,4.87269,109,23069058
chr12,122752572,122752768,.,1000,.,371.04306,-1.0,4.87269,109,122752681
chr11,62612494,62612711,.,1000,.,370.96922,-1.0,4.87269,104,62612598
chr1,230642257,230642441,.,1000,.,370.92068,-1.0,4.87269,98,230642355
chr6,111259053,111259263,.,1000,.,370.9205,-1.0,4.87269,102,111259155
chr19,35693825,35694059,.,1000,.,370.82636,-1.0,4.87269,134,35693959
chr6,44313309,44313499,.,1000,.,370.81602,-1.0,4.87269,88,44313397
chr16,81035607,81035819,.,1000,.,370.75075,-1.0,4.87269,104,81035711
chr1,244273092,244273304,.,1000,.,370.7085,-1.0,4.87269,123,244273215
chr7,993157,993425,.,1000,.,370.66566,-1.0,4.87269,153,993310
chr13,52450617,52450856,.,1000,.,370.2006,-1.0,4.87269,105,52450722
chr13,112942797,112942990,.,1000,.,370.15714,-1.0,4.87269,101,112942898
chr14,55051468,55051681,.,1000,.,370.14153,-1.0,4.87269,103,55051571
chr12,5003123,5003303,.,1000,.,369.68229,-1.0,4.87269,84,5003207
chr20,35954472,35954710,.,1000,.,369.33036,-1.0,4.87269,111,35954583
chr8,141386807,141387051,.,1000,.,368.9988,-1.0,4.87269,117,141386924
chr20,36605481,36605644,.,1000,.,368.86871,-1.0,4.87269,83,36605564
chr19,8580835,8581047,.,1000,.,368.5061,-1.0,4.87269,114,8580949
chrX,109485827,109486041,.,1000,.,368.38861,-1.0,4.87269,112,109485939
chr8,10928504,10928717,.,1000,.,368.26859,-1.0,4.87269,111,10928615
chr20,31952066,31952253,.,1000,.,368.1962,-1.0,4.87269,94,31952160
chr15,74800229,74800422,.,1000,.,368.08347,-1.0,4.87269,103,74800332
chr1,32712261,32712483,.,1000,.,368.01432,-1.0,4.87269,95,32712356
chr1,25998222,25998384,.,1000,.,367.88792,-1.0,4.87269,86,25998308
chr6,69796959,69797158,.,1000,.,367.78535,-1.0,4.87269,94,69797053
chr1,205591904,205592125,.,1000,.,367.64118,-1.0,4.87269,104,205592008
chr5,141524807,141525080,.,1000,.,367.59624,-1.0,4.87269,129,141524936
chr3,126389331,126389539,.,1000,.,367.52713,-1.0,4.87269,111,126389442
chr17,36149044,36149216,.,1000,.,367.3161,-1.0,4.87269,101,36149145
chr1,95043490,95043680,.,1000,.,367.00404,-1.0,4.87269,94,95043584
chr6,35342302,35342492,.,1000,.,366.97997,-1.0,4.87269,87,35342389
chr19,17932577,17932785,.,1000,.,366.86527,-1.0,4.87269,108,17932685
chr20,63009129,63009325,.,1000,.,366.83166,-1.0,4.87269,107,63009236
chr2,189661122,189661333,.,1000,.,366.82834,-1.0,4.87269,126,189661248
chr3,15202786,15202954,.,1000,.,366.4707,-1.0,4.87269,79,15202865
chr6,35468193,35468374,.,1000,.,366.14642,-1.0,4.87269,85,35468278
chr12,59150130,59150312,.,1000,.,366.06591,-1.0,4.87269,84,59150214
chr20,39050149,39050348,.,1000,.,366.04677,-1.0,4.87269,96,39050245
chr17,78250990,78251216,.,1000,.,365.96839,-1.0,4.87269,104,78251094
chr19,44723970,44724132,.,1000,.,365.67154,-1.0,4.87269,77,44724047
chr17,48585435,48585631,.,1000,.,365.62268,-1.0,4.87269,118,48585553
chr16,68328698,68328889,.,1000,.,364.91755,-1.0,4.87269,91,68328789
chr6,42044313,42044489,.,1000,.,364.8649,-1.0,4.87269,84,42044397
chr11,67356942,67357127,.,1000,.,364.50081,-1.0,4.87269,94,67357036
chrX,9995850,9996065,.,1000,.,364.00522,-1.0,4.87269,106,9995956
chr14,103921556,103921713,.,1000,.,363.86685,-1.0,4.87269,79,103921635
chr17,38606437,38606654,.,1000,.,363.69289,-1.0,4.87269,112,38606549
chr12,53701880,53702038,.,1000,.,363.66786,-1.0,4.87269,72,53701952
chr16,84187047,84187216,.,1000,.,363.39186,-1.0,4.87269,80,84187127
chr3,52001557,52001759,.,1000,.,363.26168,-1.0,4.87269,106,52001663
chr19,10269523,10269708,.,1000,.,363.12909,-1.0,4.87269,90,10269613
chr19,38335587,38335768,.,1000,.,362.91938,-1.0,4.87269,89,38335676
chr15,90320101,90320299,.,1000,.,362.90472,-1.0,4.87269,97,90320198
chr1,21368571,21368763,.,1000,.,362.78919,-1.0,4.87269,99,21368670
chr2,231707074,231707256,.,1000,.,362.7699,-1.0,4.87269,102,231707176
chr3,5122092,5122290,.,1000,.,362.76935,-1.0,4.87269,87,5122179
chr15,70512846,70513050,.,1000,.,362.73929,-1.0,4.87269,109,70512955
chr19,49680812,49680986,.,1000,.,362.46931,-1.0,4.87269,76,49680888
chr11,62786580,62786784,.,1000,.,362.24271,-1.0,4.87269,100,62786680
chr15,75204873,75205038,.,1000,.,362.22284,-1.0,4.87269,94,75204967
chr17,47229820,47230024,.,1000,.,362.21392,-1.0,4.87269,100,47229920
chr11,19071258,19071417,.,1000,.,362.20927,-1.0,4.87269,100,19071358
chr3,194333829,194334024,.,1000,.,362.13949,-1.0,4.87269,106,194333935
chr5,180293542,180293738,.,1000,.,362.13482,-1.0,4.87269,115,180293657
chr6,41779970,41780130,.,1000,.,362.10545,-1.0,4.87269,83,41780053
chr16,66830924,66831111,.,1000,.,362.01169,-1.0,4.87269,95,66831019
chr15,89057614,89057798,.,1000,.,361.98126,-1.0,4.87269,79,89057693
chr16,19886356,19886545,.,1000,.,361.68735,-1.0,4.87269,95,19886451
chr19,54231771,54231941,.,1000,.,361.58826,-1.0,4.87269,77,54231848
chr9,134443428,134443597,.,1000,.,361.4739,-1.0,4.87269,77,134443505
chr14,50532617,50532800,.,1000,.,360.96749,-1.0,4.87269,93,50532710
chrX,74550386,74550614,.,1000,.,360.88156,-1.0,4.87269,116,74550502
chr3,184561325,184561525,.,1000,.,360.88143,-1.0,4.87269,101,184561426
chr5,50962986,50963200,.,1000,.,360.82803,-1.0,4.87269,85,50963071
chr7,151124012,151124197,.,1000,.,360.81318,-1.0,4.87269,104,151124116
chr16,68510253,68510461,.,1000,.,360.62361,-1.0,4.87269,100,68510353
chr1,27858142,27858313,.,1000,.,360.42228,-1.0,4.87269,75,27858217
chrX,104922212,104922423,.,1000,.,360.21205,-1.0,4.87269,127,104922339
chr12,49741191,49741390,.,1000,.,360.03444,-1.0,4.87269,105,49741296
chr2,237572076,237572267,.,1000,.,359.79524,-1.0,4.87269,92,237572168
chr6,41028066,41028258,.,1000,.,359.65065,-1.0,4.87269,96,41028162
chr14,24161076,24161269,.,1000,.,359.64804,-1.0,4.87269,90,24161166
chr10,110672129,110672335,.,1000,.,359.46888,-1.0,4.87269,106,110672235
chr14,106417547,106417986,.,855,.,359.35302,-1.0,4.87269,230,106417777
chr17,1648869,1649085,.,1000,.,359.15366,-1.0,4.87269,120,1648989
chr3,116770914,116771122,.,1000,.,358.93872,-1.0,4.87269,101,116771015
chr2,10409221,10409382,.,1000,.,358.77833,-1.0,4.87269,82,10409303
chr8,102814713,102814872,.,1000,.,358.72347,-1.0,4.87269,89,102814802
chr9,3467683,3467863,.,1000,.,358.60913,-1.0,4.87269,93,3467776
chr11,62906072,62906217,.,1000,.,358.53327,-1.0,4.87269,71,62906143
chr1,20493893,20494069,.,1000,.,358.50074,-1.0,4.87269,82,20493975
chr19,7903560,7903804,.,1000,.,358.46579,-1.0,4.87269,134,7903694
chr15,41989602,41989786,.,1000,.,358.31717,-1.0,4.87269,93,41989695
chr11,67382639,67382811,.,1000,.,358.31234,-1.0,4.87269,92,67382731
chr1,33633116,33633304,.,1000,.,358.2313,-1.0,4.87269,94,33633210
chr10,73849143,73849286,.,1000,.,358.13188,-1.0,4.87269,65,73849208
chr11,518705,518969,.,1000,.,358.05001,-1.0,4.87269,148,518853
chr20,32790137,32790311,.,1000,.,357.97354,-1.0,4.87269,83,32790220
chr20,50071352,50071543,.,1000,.,357.90814,-1.0,4.87269,96,50071448
chr19,12977951,12978120,.,1000,.,357.69284,-1.0,4.87269,72,12978023
chr12,6965171,6965347,.,1000,.,357.6081,-1.0,4.87269,88,6965259
chr8,28622284,28622491,.,1000,.,357.57428,-1.0,4.87269,108,28622392
chr3,50273012,50273203,.,1000,.,357.48748,-1.0,4.87269,76,50273088
chr16,85821481,85821729,.,1000,.,357.40314,-1.0,4.87269,127,85821608
chr17,28726902,28727104,.,1000,.,357.39623,-1.0,4.87269,103,28727005
chr13,99916587,99916765,.,1000,.,356.8764,-1.0,4.87269,87,99916674
chr19,1438201,1438385,.,1000,.,356.71065,-1.0,4.87269,90,1438291
chr17,50783229,50783436,.,1000,.,356.69196,-1.0,4.87269,107,50783336
chr5,148731036,148731232,.,1000,.,356.65626,-1.0,4.87269,104,148731140
chr16,65757,65931,.,1000,.,356.64918,-1.0,4.87269,98,65855
chr1,7667638,7667817,.,1000,.,356.64727,-1.0,4.87269,83,7667721
chr7,92447256,92447448,.,1000,.,356.47303,-1.0,4.87269,94,92447350
chr10,43105556,43105758,.,1000,.,356.44106,-1.0,4.87269,103,43105659
chr2,41840740,41840931,.,1000,.,356.36044,-1.0,4.87269,99,41840839
chr6,44151916,44152139,.,1000,.,356.33496,-1.0,4.87269,124,44152040
chr8,52008555,52008737,.,1000,.,356.30703,-1.0,4.87269,97,52008652
chr12,110450338,110450529,.,1000,.,356.25926,-1.0,4.87269,97,110450435
chr22,37538905,37539091,.,1000,.,356.23715,-1.0,4.87269,93,37538998
chr2,126777467,126777648,.,1000,.,355.99002,-1.0,4.87269,97,126777564
chr4,55948679,55948865,.,1000,.,355.87477,-1.0,4.87269,90,55948769
chr17,74744702,74744869,.,1000,.,355.62383,-1.0,4.87269,70,74744772
chr2,219294856,219295123,.,1000,.,355.4182,-1.0,4.87269,146,219295002
chr6,139219302,139219492,.,1000,.,355.31435,-1.0,4.87269,84,139219386
chr2,95022392,95022583,.,1000,.,355.16418,-1.0,4.87269,86,95022478
chr1,26789249,26789436,.,1000,.,355.09117,-1.0,4.87269,93,26789342
chr12,11486659,11486873,.,1000,.,355.02353,-1.0,4.87269,90,11486749
chr1,205335693,205335893,.,1000,.,355.01549,-1.0,4.87269,99,205335792
chr21,43810844,43811022,.,1000,.,354.96682,-1.0,4.87269,88,43810932
chr9,136728171,136728366,.,1000,.,354.86109,-1.0,4.87269,86,136728257
chr17,78422111,78422288,.,1000,.,354.80437,-1.0,4.87269,95,78422206
chr10,32346209,32346438,.,1000,.,354.73583,-1.0,4.87269,123,32346332
chr18,62584405,62584604,.,1000,.,354.51809,-1.0,4.87269,105,62584510
chr8,42152628,42152799,.,1000,.,354.51251,-1.0,4.87269,85,42152713
chr1,27300891,27301065,.,1000,.,354.43902,-1.0,4.87269,82,27300973
chr17,42024992,42025165,.,1000,.,354.24874,-1.0,4.87269,89,42025081
chr2,237512850,237513074,.,1000,.,354.1232,-1.0,4.87269,98,237512948
chr20,62302648,62302832,.,1000,.,354.07026,-1.0,4.87269,105,62302753
chr2,27370295,27370467,.,1000,.,353.96006,-1.0,4.87269,112,27370407
chr16,2003902,2004121,.,1000,.,353.40238,-1.0,4.87269,107,2004009
chr8,23287955,23288124,.,1000,.,353.34956,-1.0,4.87269,97,23288052
chr16,57300651,57300808,.,1000,.,353.12398,-1.0,4.87269,94,57300745
chr17,8998105,8998284,.,1000,.,353.04964,-1.0,4.87269,91,8998196
chr5,139633410,139633550,.,1000,.,352.88918,-1.0,4.87269,61,139633471
chr19,36127796,36127981,.,1000,.,352.84239,-1.0,4.87269,94,36127890
chr11,73661032,73661225,.,1000,.,352.80871,-1.0,4.87269,92,73661124
chr1,67500526,67500698,.,1000,.,352.75816,-1.0,4.87269,102,67500628
chr19,47244314,47244501,.,1000,.,352.47685,-1.0,4.87269,79,47244393
chr12,110888105,110888287,.,1000,.,352.35513,-1.0,4.87269,89,110888194
chr11,73335536,73335712,.,1000,.,352.29925,-1.0,4.87269,101,73335637
chr11,59136005,59136178,.,1000,.,352.19991,-1.0,4.87269,80,59136085
chr17,75515815,75516020,.,1000,.,351.99909,-1.0,4.87269,113,75515928
chr11,73289573,73289750,.,1000,.,351.87893,-1.0,4.87269,76,73289649
chr9,133144512,133144699,.,1000,.,351.83068,-1.0,4.87269,93,133144605
chr19,58581244,58581429,.,1000,.,351.77178,-1.0,4.87269,84,58581328
chr2,174341574,174341754,.,1000,.,351.76218,-1.0,4.87269,98,174341672
chr22,20564411,20564602,.,1000,.,351.69422,-1.0,4.87269,80,20564491
chr17,19362951,19363115,.,1000,.,351.67022,-1.0,4.87269,89,19363040
chr1,23539901,23540072,.,1000,.,351.66905,-1.0,4.87269,91,23539992
chr16,67547059,67547235,.,1000,.,351.57056,-1.0,4.87269,94,67547153
chr22,36978136,36978337,.,1000,.,351.56451,-1.0,4.87269,97,36978233
chr6,83067469,83067688,.,1000,.,351.54768,-1.0,4.87269,105,83067574
chr17,28494804,28494989,.,1000,.,351.44765,-1.0,4.87269,86,28494890
chr19,4791182,4791351,.,1000,.,351.40408,-1.0,4.87269,79,4791261
chr8,11016497,11016689,.,1000,.,351.3186,-1.0,4.87269,95,11016592
chr2,233251414,233251622,.,1000,.,351.23135,-1.0,4.87269,110,233251524
chr19,51422003,51422184,.,1000,.,351.18764,-1.0,4.87269,97,51422100
chr20,4108718,4108895,.,1000,.,350.85585,-1.0,4.87269,96,4108814
chr9,127735346,127735534,.,1000,.,350.85064,-1.0,4.87269,93,127735439
chr17,76523177,76523354,.,1000,.,350.84925,-1.0,4.87269,95,76523272
chr9,122123077,122123243,.,1000,.,350.80761,-1.0,4.87269,90,122123167
chr17,45385610,45385793,.,1000,.,350.6248,-1.0,4.87269,98,45385708
chr22,42090908,42091105,.,1000,.,350.61868,-1.0,4.87269,105,42091013
chr11,61336308,61336484,.,1000,.,350.54054,-1.0,4.87269,82,61336390
chr3,56494803,56494967,.,1000,.,350.51637,-1.0,4.87269,82,56494885
chr3,53196006,53196205,.,1000,.,350.49708,-1.0,4.87269,101,53196107
chr15,64153647,64153814,.,1000,.,350.41008,-1.0,4.87269,81,64153728
chr13,75549290,75549508,.,1000,.,350.32239,-1.0,4.87269,123,75549413
chr17,81484377,81484568,.,1000,.,350.30624,-1.0,4.87269,97,81484474
chr5,96868974,96869151,.,1000,.,350.15986,-1.0,4.87269,88,96869062
chr14,23589081,23589274,.,1000,.,350.12137,-1.0,4.87269,102,23589183
chr19,12564160,12564334,.,1000,.,350.10628,-1.0,4.87269,92,12564252
chr20,31723943,31724128,.,1000,.,350.02243,-1.0,4.87269,95,31724038
chrX,119516318,119516510,.,1000,.,350.01225,-1.0,4.87269,118,119516436
chr5,141619170,141619352,.,1000,.,349.94337,-1.0,4.87269,88,141619258
chr12,6779004,6779192,.,1000,.,349.82265,-1.0,4.87269,95,6779099
chr1,155061594,155061781,.,1000,.,349.81239,-1.0,4.87269,88,155061682
chr17,50397496,50397674,.,1000,.,349.69479,-1.0,4.87269,98,50397594
chr17,3846267,3846470,.,1000,.,349.5818,-1.0,4.87269,102,3846369
chr2,148509532,148509726,.,1000,.,349.446,-1.0,4.87269,91,148509623
chr19,42133152,42133343,.,1000,.,349.28424,-1.0,4.87269,93,42133245
chr9,114653622,114653808,.,1000,.,349.20933,-1.0,4.87269,84,114653706
chr14,95561010,95561235,.,1000,.,349.20537,-1.0,4.87269,117,95561127
chr22,36124091,36124249,.,1000,.,349.08387,-1.0,4.87269,77,36124168
chr11,129750924,129751138,.,1000,.,348.99814,-1.0,4.87269,114,129751038
chr10,13371991,13372151,.,1000,.,348.9839,-1.0,4.87269,76,13372067
chr12,111397026,111397220,.,1000,.,348.97272,-1.0,4.87269,80,111397106
chrX,65595496,65595702,.,1000,.,348.91588,-1.0,4.87269,95,65595591
chr19,12965397,12965621,.,1000,.,348.88073,-1.0,4.87269,111,12965508
chr1,109984532,109984685,.,1000,.,348.87505,-1.0,4.87269,62,109984594
chr16,66977760,66977931,.,1000,.,348.80994,-1.0,4.87269,85,66977845
chr14,64986670,64986855,.,1000,.,348.79771,-1.0,4.87269,104,64986774
chr1,160193178,160193356,.,1000,.,348.63751,-1.0,4.87269,94,160193272
chr6,35297672,35297846,.,1000,.,348.61092,-1.0,4.87269,79,35297751
chr8,140467270,140467440,.,1000,.,348.23842,-1.0,4.87269,99,140467369
chr19,46638648,46638830,.,1000,.,348.21839,-1.0,4.87269,77,46638725
chr2,96509482,96509663,.,1000,.,348.10018,-1.0,4.87269,99,96509581
chr20,38446518,38446681,.,1000,.,348.00942,-1.0,4.87269,81,38446599
chr17,17356152,17356315,.,1000,.,347.99274,-1.0,4.87269,83,17356235
chr17,67717736,67717901,.,1000,.,347.94863,-1.0,4.87269,81,67717817
chr19,46347369,46347568,.,1000,.,347.8472,-1.0,4.87269,106,46347475
chr12,49707631,49707824,.,1000,.,347.6666,-1.0,4.87269,89,49707720
chr9,133486389,133486588,.,1000,.,347.55012,-1.0,4.87269,103,133486492
chr4,123564848,123565036,.,1000,.,347.52896,-1.0,4.87269,89,123564937
chr15,73973019,73973200,.,1000,.,347.50076,-1.0,4.87269,88,73973107
chr5,129767937,129768150,.,1000,.,347.45965,-1.0,4.87269,112,129768049
chr19,11036013,11036184,.,1000,.,347.44586,-1.0,4.87269,95,11036108
chr14,49634267,49634452,.,1000,.,347.42924,-1.0,4.87269,88,49634355
chr10,102009940,102010083,.,1000,.,347.28982,-1.0,4.87269,79,102010019
chr5,154610431,154610616,.,1000,.,347.19841,-1.0,4.87269,89,154610520
chr5,151771500,151771673,.,1000,.,347.14315,-1.0,4.87269,76,151771576
chr8,46917731,46917919,.,1000,.,347.0985,-1.0,4.87269,101,46917832
chr12,110826739,110826946,.,1000,.,347.06143,-1.0,4.87269,90,110826829
chr5,133111319,133111484,.,1000,.,346.90068,-1.0,4.87269,83,133111402
chr12,6944677,6944855,.,1000,.,346.86165,-1.0,4.87269,72,6944749
chr1,40338793,40338970,.,1000,.,346.77769,-1.0,4.87269,93,40338886
chr5,151652135,151652314,.,1000,.,346.73243,-1.0,4.87269,79,151652214
chr12,12916327,12916502,.,1000,.,346.7145,-1.0,4.87269,77,12916404
chr11,61733507,61733667,.,1000,.,346.58129,-1.0,4.87269,104,61733611
chr1,92858952,92859160,.,1000,.,346.38095,-1.0,4.87269,106,92859058
chr9,72281030,72281197,.,1000,.,346.33797,-1.0,4.87269,77,72281107
chr11,65818255,65818479,.,1000,.,346.28377,-1.0,4.87269,110,65818365
chr2,96508135,96508314,.,1000,.,346.28318,-1.0,4.87269,88,96508223
chr8,43093369,43093529,.,1000,.,346.2784,-1.0,4.87269,77,43093446
chr14,21477032,21477222,.,1000,.,346.26472,-1.0,4.87269,86,21477118
chr12,119444531,119444729,.,1000,.,346.26218,-1.0,4.87269,105,119444636
chr10,97426022,97426206,.,1000,.,346.2514,-1.0,4.87269,91,97426113
chr19,14572079,14572258,.,1000,.,346.24116,-1.0,4.87269,81,14572160
chr10,128150060,128150266,.,1000,.,346.05323,-1.0,4.87269,89,128150149
chr1,211698577,211698749,.,1000,.,345.87444,-1.0,4.87269,94,211698671
chr20,63864294,63864469,.,1000,.,345.67874,-1.0,4.87269,87,63864381
chr19,11482666,11482850,.,1000,.,345.67666,-1.0,4.87269,96,11482762
chr16,1706028,1706205,.,1000,.,345.4152,-1.0,4.87269,81,1706109
chr17,45197882,45198084,.,1000,.,345.40316,-1.0,4.87269,102,45197984
chr12,51341507,51341672,.,1000,.,345.2639,-1.0,4.87269,86,51341593
chr12,121795006,121795188,.,1000,.,344.95935,-1.0,4.87269,93,121795099
chr8,100559751,100559920,.,1000,.,344.9488,-1.0,4.87269,90,100559841
chr4,3106686,3106842,.,1000,.,344.93526,-1.0,4.87269,98,3106784
chr4,1130652,1130829,.,1000,.,344.77842,-1.0,4.87269,99,1130751
chr9,117644739,117644922,.,1000,.,344.68612,-1.0,4.87269,99,117644838
chr11,111602046,111602239,.,1000,.,344.65485,-1.0,4.87269,99,111602145
chr2,85729057,85729239,.,1000,.,344.64883,-1.0,4.87269,84,85729141
chr12,48618554,48618702,.,1000,.,344.62833,-1.0,4.87269,88,48618642
chr7,50418118,50418342,.,1000,.,344.35613,-1.0,4.87269,109,50418227
chr13,33542733,33542942,.,1000,.,344.34907,-1.0,4.87269,102,33542835
chr22,21938115,21938304,.,1000,.,344.33446,-1.0,4.87269,89,21938204
chr5,138036083,138036269,.,1000,.,344.27693,-1.0,4.87269,79,138036162
chr4,7070864,7071036,.,1000,.,344.21987,-1.0,4.87269,88,7070952
chr10,44932800,44932971,.,1000,.,344.16259,-1.0,4.87269,75,44932875
chr6,37018719,37018908,.,1000,.,344.12599,-1.0,4.87269,83,37018802
chr17,81959729,81959950,.,1000,.,344.11188,-1.0,4.87269,109,81959838
chr14,24333690,24333868,.,1000,.,343.96687,-1.0,4.87269,96,24333786
chr15,40904090,40904286,.,1000,.,343.88598,-1.0,4.87269,92,40904182
chr5,115634787,115634968,.,1000,.,343.85235,-1.0,4.87269,82,115634869
chr10,102917500,102917704,.,1000,.,343.8037,-1.0,4.87269,104,102917604
chr6,37018261,37018446,.,1000,.,343.63245,-1.0,4.87269,89,37018350
chr8,81780581,81780761,.,1000,.,343.56545,-1.0,4.87269,96,81780677
chr17,5439161,5439397,.,1000,.,343.55785,-1.0,4.87269,122,5439283
chr12,118376172,118376368,.,1000,.,343.50549,-1.0,4.87269,99,118376271
chr16,70251918,70252118,.,1000,.,343.50438,-1.0,4.87269,111,70252029
chr5,139518005,139518186,.,1000,.,343.47951,-1.0,4.87269,100,139518105
chr14,105480927,105481115,.,1000,.,343.45818,-1.0,4.87269,103,105481030
chr19,18007057,18007246,.,1000,.,343.43786,-1.0,4.87269,94,18007151
chr18,79379048,79379234,.,1000,.,343.4104,-1.0,4.87269,107,79379155
chr11,120108286,120108476,.,1000,.,343.29591,-1.0,4.87269,99,120108385
chr5,172188736,172188911,.,1000,.,343.25381,-1.0,4.87269,96,172188832
chr19,17996922,17997100,.,1000,.,343.11411,-1.0,4.87269,100,17997022
chr5,91384939,91385123,.,1000,.,343.06634,-1.0,4.87269,108,91385047
chr1,92831855,92832032,.,1000,.,343.00184,-1.0,4.87269,88,92831943
chr11,76152258,76152443,.,1000,.,342.84278,-1.0,4.87269,98,76152356
chr15,65517692,65517845,.,1000,.,342.63297,-1.0,4.87269,93,65517785
chr19,45643202,45643394,.,1000,.,342.62516,-1.0,4.87269,89,45643291
chr11,62082130,62082301,.,1000,.,342.62247,-1.0,4.87269,92,62082222
chr1,153749507,153749702,.,1000,.,342.54046,-1.0,4.87269,93,153749600
chr12,53543534,53543725,.,1000,.,342.49375,-1.0,4.87269,98,53543632
chr19,29716623,29716805,.,1000,.,342.43394,-1.0,4.87269,98,29716721
chr19,5804067,5804274,.,1000,.,342.30353,-1.0,4.87269,99,5804166
chr5,123423439,123423614,.,1000,.,342.25537,-1.0,4.87269,80,123423519
chr3,51682185,51682373,.,1000,.,342.25438,-1.0,4.87269,94,51682279
chr5,1641669,1641868,.,1000,.,342.25253,-1.0,4.87269,93,1641762
chr11,66408489,66408726,.,1000,.,342.17492,-1.0,4.87269,98,66408587
chr13,45047413,45047596,.,1000,.,342.05884,-1.0,4.87269,97,45047510
chr22,50342410,50342585,.,1000,.,341.9898,-1.0,4.87269,85,50342495
chr14,104650411,104650593,.,1000,.,341.97613,-1.0,4.87269,92,104650503
chr7,5494690,5494871,.,1000,.,341.89901,-1.0,4.87269,102,5494792
chr10,80444792,80444954,.,1000,.,341.74281,-1.0,4.87269,75,80444867
chr6,31546720,31546904,.,1000,.,341.71119,-1.0,4.87269,79,31546799
chr10,11270676,11270863,.,1000,.,341.66782,-1.0,4.87269,97,11270773
chr13,30113037,30113216,.,1000,.,341.61977,-1.0,4.87269,101,30113138
chr12,53508635,53508829,.,1000,.,341.59631,-1.0,4.87269,99,53508734
chr7,73855649,73855822,.,1000,.,341.57212,-1.0,4.87269,70,73855719
chr11,130916476,130916670,.,1000,.,341.51355,-1.0,4.87269,89,130916565
chr19,17859532,17859703,.,1000,.,341.39561,-1.0,4.87269,96,17859628
chr17,67374735,67374897,.,1000,.,341.29622,-1.0,4.87269,82,67374817
chr16,23596303,23596491,.,1000,.,341.24894,-1.0,4.87269,101,23596404
chr20,44080865,44081000,.,1000,.,341.15267,-1.0,4.87269,74,44080939
chr15,44663756,44663899,.,1000,.,341.112,-1.0,4.87269,48,44663804
chr2,169824867,169825079,.,1000,.,341.04836,-1.0,4.87269,91,169824958
chr6,13615191,13615328,.,1000,.,341.00706,-1.0,4.87269,77,13615268
chr20,45362879,45363071,.,1000,.,340.97343,-1.0,4.87269,101,45362980
chr16,30658012,30658198,.,1000,.,340.84869,-1.0,4.87269,97,30658109
chr1,33127287,33127443,.,1000,.,340.78612,-1.0,4.87269,87,33127374
chr4,143558960,143559154,.,1000,.,340.69503,-1.0,4.87269,107,143559067
chr16,85610598,85610764,.,1000,.,340.60874,-1.0,4.87269,76,85610674
chr10,70815727,70815926,.,1000,.,340.53038,-1.0,4.87269,102,70815829
chr16,741042,741199,.,1000,.,340.45827,-1.0,4.87269,65,741107
chr8,41701784,41701984,.,1000,.,340.45429,-1.0,4.87269,99,41701883
chr22,44626313,44626497,.,1000,.,340.44869,-1.0,4.87269,96,44626409
chr2,112726811,112726985,.,1000,.,340.41101,-1.0,4.87269,91,112726902
chr15,50885933,50886149,.,1000,.,340.37833,-1.0,4.87269,110,50886043
chr5,178164274,178164465,.,1000,.,340.15137,-1.0,4.87269,87,178164361
chr2,219530263,219530437,.,1000,.,340.14061,-1.0,4.87269,84,219530347
chr3,15268044,15268198,.,1000,.,340.10159,-1.0,4.87269,85,15268129
chr8,140637477,140637636,.,1000,.,340.06513,-1.0,4.87269,77,140637554
chr11,118907099,118907268,.,1000,.,340.00191,-1.0,4.87269,94,118907193
chr11,61899200,61899382,.,1000,.,339.79469,-1.0,4.87269,99,61899299
chr8,38410721,38410885,.,1000,.,339.76605,-1.0,4.87269,83,38410804
chr22,31633906,31634090,.,1000,.,339.76257,-1.0,4.87269,93,31633999
chr20,40968828,40969005,.,1000,.,339.72886,-1.0,4.87269,85,40968913
chr20,31514270,31514422,.,1000,.,339.65413,-1.0,4.87269,76,31514346
chr6,158704288,158704460,.,1000,.,339.59752,-1.0,4.87269,86,158704374
chr18,12039051,12039237,.,1000,.,339.46431,-1.0,4.87269,86,12039137
chr16,74709509,74709705,.,1000,.,339.44861,-1.0,4.87269,100,74709609
chr18,47749215,47749440,.,1000,.,339.24895,-1.0,4.87269,120,47749335
chr8,144373811,144373985,.,1000,.,339.24326,-1.0,4.87269,93,144373904
chr1,6343522,6343700,.,1000,.,339.10679,-1.0,4.87269,91,6343613
chr11,75445422,75445573,.,1000,.,339.02638,-1.0,4.87269,80,75445502
chr2,85420741,85420909,.,1000,.,338.98965,-1.0,4.87269,90,85420831
chr11,66282565,66282732,.,1000,.,338.91547,-1.0,4.87269,85,66282650
chr6,5143735,5143904,.,1000,.,338.82554,-1.0,4.87269,73,5143808
chr10,62610739,62610931,.,1000,.,338.76145,-1.0,4.87269,103,62610842
chr2,44955702,44955886,.,1000,.,338.72481,-1.0,4.87269,91,44955793
chr20,49611150,49611400,.,1000,.,338.71961,-1.0,4.87269,128,49611278
chr2,219277770,219277948,.,1000,.,338.4648,-1.0,4.87269,89,219277859
chr1,112369746,112369941,.,1000,.,338.3942,-1.0,4.87269,99,112369845
chr12,27014428,27014580,.,1000,.,338.39103,-1.0,4.87269,62,27014490
chr13,114226836,114227017,.,1000,.,338.3398,-1.0,4.87269,89,114226925
chr3,50226150,50226333,.,1000,.,338.33952,-1.0,4.87269,103,50226253
chr1,147242494,147242704,.,1000,.,338.31399,-1.0,4.87269,104,147242598
chr1,112716360,112716521,.,1000,.,338.2976,-1.0,4.87269,82,112716442
chr15,79596112,79596343,.,1000,.,338.27019,-1.0,4.87269,120,79596232
chr8,80230893,80231069,.,1000,.,338.26575,-1.0,4.87269,89,80230982
chr19,58513981,58514169,.,1000,.,338.26033,-1.0,4.87269,101,58514082
chr6,42547665,42547858,.,1000,.,338.17195,-1.0,4.87269,96,42547761
chr19,46662089,46662282,.,1000,.,338.00796,-1.0,4.87269,105,46662194
chr19,1279806,1279977,.,1000,.,337.94468,-1.0,4.87269,88,1279894
chr12,54368762,54368925,.,1000,.,337.8914,-1.0,4.87269,77,54368839
chr19,40598693,40598866,.,1000,.,337.87954,-1.0,4.87269,75,40598768
chr17,4889161,4889344,.,1000,.,337.87181,-1.0,4.87269,93,4889254
chr15,92809185,92809325,.,1000,.,337.82881,-1.0,4.87269,67,92809252
chr15,66903745,66903946,.,1000,.,337.81541,-1.0,4.87269,101,66903846
chr19,6862847,6863027,.,1000,.,337.64503,-1.0,4.87269,96,6862943
chr17,7561049,7561234,.,1000,.,337.58174,-1.0,4.87269,96,7561145
chr5,177113973,177114142,.,1000,.,337.5459,-1.0,4.87269,85,177114058
chr12,120469737,120469907,.,1000,.,337.35383,-1.0,4.87269,85,120469822
chr1,156660015,156660238,.,1000,.,337.34999,-1.0,4.87269,124,156660139
chr19,17855675,17855856,.,1000,.,337.24712,-1.0,4.87269,82,17855757
chr5,138352425,138352654,.,1000,.,337.19134,-1.0,4.87269,112,138352537
chr17,49708297,49708467,.,1000,.,337.17923,-1.0,4.87269,90,49708387
chr16,47141789,47141952,.,1000,.,337.17271,-1.0,4.87269,94,47141883
chr10,73879748,73879921,.,1000,.,337.15233,-1.0,4.87269,81,73879829
chr1,36188273,36188418,.,1000,.,337.06556,-1.0,4.87269,70,36188343
chr16,31443114,31443279,.,1000,.,336.96657,-1.0,4.87269,88,31443202
chr14,76387257,76387431,.,1000,.,336.96425,-1.0,4.87269,99,76387356
chr9,95127728,95127910,.,1000,.,336.96241,-1.0,4.87269,89,95127817
chr7,101059430,101059602,.,1000,.,336.89266,-1.0,4.87269,85,101059515
chr5,73792830,73793014,.,1000,.,336.78796,-1.0,4.87269,100,73792930
chr16,2501306,2501473,.,1000,.,336.76758,-1.0,4.87269,73,2501379
chr5,150544800,150545008,.,1000,.,336.64602,-1.0,4.87269,115,150544915
chr16,4624332,4624487,.,1000,.,336.54867,-1.0,4.87269,82,4624414
chr13,29472449,29472637,.,1000,.,336.40902,-1.0,4.87269,87,29472536
chr17,48879052,48879234,.,1000,.,336.38257,-1.0,4.87269,83,48879135
chr4,39977912,39978118,.,1000,.,336.37742,-1.0,4.87269,106,39978018
chr9,135500527,135500713,.,1000,.,336.35037,-1.0,4.87269,90,135500617
chr1,155173304,155173482,.,1000,.,336.34452,-1.0,4.87269,76,155173380
chr18,48675347,48675526,.,1000,.,336.2613,-1.0,4.87269,72,48675419
chr1,160376626,160376793,.,1000,.,336.16984,-1.0,4.87269,82,160376708
chr20,19662512,19662680,.,1000,.,336.15057,-1.0,4.87269,71,19662583
chr1,155084763,155084958,.,1000,.,336.04016,-1.0,4.87269,100,155084863
chr14,68816759,68816937,.,1000,.,336.01515,-1.0,4.87269,100,68816859
chr19,506790,506972,.,1000,.,336.01181,-1.0,4.87269,84,506874
chr2,20098260,20098421,.,1000,.,335.98107,-1.0,4.87269,92,20098352
chr6,29589544,29589715,.,1000,.,335.86911,-1.0,4.87269,88,29589632
chr17,76506458,76506632,.,1000,.,335.85744,-1.0,4.87269,92,76506550
chr15,51381323,51381498,.,1000,.,335.85455,-1.0,4.87269,88,51381411
chr19,15177562,15177741,.,1000,.,335.85231,-1.0,4.87269,91,15177653
chr9,113401437,113401608,.,1000,.,335.77176,-1.0,4.87269,72,113401509
chr16,2023202,2023379,.,1000,.,335.69562,-1.0,4.87269,87,2023289
chr19,2474636,2474812,.,1000,.,335.6866,-1.0,4.87269,79,2474715
chr8,27426290,27426430,.,1000,.,335.57713,-1.0,4.87269,73,27426363
chr12,47963389,47963565,.,1000,.,335.55998,-1.0,4.87269,99,47963488
chr1,156725865,156726064,.,1000,.,335.5461,-1.0,4.87269,104,156725969
chr16,58734285,58734443,.,1000,.,335.53477,-1.0,4.87269,103,58734388
chr6,36302547,36302751,.,1000,.,335.52424,-1.0,4.87269,109,36302656
chr20,35092774,35092965,.,1000,.,335.51609,-1.0,4.87269,101,35092875
chr5,175729904,175730081,.,1000,.,335.49599,-1.0,4.87269,80,175729984
chr7,129091601,129091768,.,1000,.,335.4373,-1.0,4.87269,82,129091683
chr22,42437573,42437743,.,1000,.,335.43373,-1.0,4.87269,85,42437658
chr4,151362780,151362976,.,1000,.,335.421,-1.0,4.87269,102,151362882
chr19,4809670,4809859,.,1000,.,335.35926,-1.0,4.87269,99,4809769
chr4,16916835,16917032,.,1000,.,335.27894,-1.0,4.87269,99,16916934
chr1,109493910,109494097,.,1000,.,335.13423,-1.0,4.87269,87,109493997
chr10,69507953,69508135,.,1000,.,335.03567,-1.0,4.87269,86,69508039
chr3,141738157,141738331,.,1000,.,335.02173,-1.0,4.87269,91,141738248
chr22,41403909,41404068,.,1000,.,334.99875,-1.0,4.87269,68,41403977
chr12,14630190,14630356,.,1000,.,334.98326,-1.0,4.87269,87,14630277
chr17,29148941,29149131,.,1000,.,334.9582,-1.0,4.87269,83,29149024
chr20,62972389,62972571,.,1000,.,334.86059,-1.0,4.87269,101,62972490
chr1,181424979,181425215,.,1000,.,334.72934,-1.0,4.87269,108,181425087
chr17,42019920,42020087,.,1000,.,334.72226,-1.0,4.87269,71,42019991
chr6,33391326,33391506,.,1000,.,334.71488,-1.0,4.87269,83,33391409
chr1,1122172,1122357,.,1000,.,334.70776,-1.0,4.87269,103,1122275
chr2,152175964,152176154,.,1000,.,334.62978,-1.0,4.87269,100,152176064
chr19,43785413,43785577,.,1000,.,334.60854,-1.0,4.87269,82,43785495
chr19,3163360,3163546,.,1000,.,334.41253,-1.0,4.87269,103,3163463
chr7,76291698,76291883,.,1000,.,334.36974,-1.0,4.87269,101,76291799
chr6,43769546,43769730,.,1000,.,334.35691,-1.0,4.87269,91,43769637
chr3,11846891,11847054,.,1000,.,334.25991,-1.0,4.87269,81,11846972
chr19,510700,510920,.,1000,.,334.25287,-1.0,4.87269,100,510800
chr7,100559857,100560045,.,1000,.,334.23178,-1.0,4.87269,104,100559961
chr1,169712123,169712311,.,1000,.,334.19049,-1.0,4.87269,87,169712210
chr1,46037125,46037302,.,1000,.,334.18459,-1.0,4.87269,95,46037220
chr13,95834294,95834457,.,1000,.,334.09206,-1.0,4.87269,76,95834370
chr16,21554933,21555090,.,1000,.,334.08481,-1.0,4.87269,76,21555009
chr17,80426958,80427150,.,1000,.,334.07264,-1.0,4.87269,97,80427055
chr2,74392047,74392199,.,1000,.,333.96897,-1.0,4.87269,90,74392137
chr2,86808452,86808630,.,1000,.,333.87761,-1.0,4.87269,80,86808532
chr6,57316597,57316777,.,1000,.,333.85925,-1.0,4.87269,89,57316686
chr1,244299585,244299704,.,1000,.,333.83319,-1.0,4.87269,44,244299629
chr20,32653007,32653179,.,1000,.,333.76936,-1.0,4.87269,87,32653094
chr19,34973265,34973474,.,1000,.,333.7427,-1.0,4.87269,95,34973360
chr1,36420897,36421059,.,1000,.,333.68449,-1.0,4.87269,99,36420996
chr3,192444596,192444786,.,1000,.,333.59863,-1.0,4.87269,95,192444691
chr1,26233865,26234048,.,1000,.,333.54806,-1.0,4.87269,89,26233954
chr12,53321594,53321789,.,1000,.,333.45383,-1.0,4.87269,87,53321681
chr19,12796648,12796799,.,1000,.,333.44511,-1.0,4.87269,65,12796713
chr20,44610076,44610276,.,1000,.,333.43593,-1.0,4.87269,92,44610168
chr17,34361552,34361768,.,1000,.,333.42075,-1.0,4.87269,93,34361645
chr10,13586773,13586937,.,1000,.,333.36492,-1.0,4.87269,88,13586861
chr1,11037680,11037876,.,1000,.,333.31792,-1.0,4.87269,99,11037779
chr17,43677998,43678177,.,1000,.,333.17337,-1.0,4.87269,82,43678080
chr7,36291585,36291758,.,1000,.,333.1618,-1.0,4.87269,75,36291660
chr20,43749844,43750004,.,1000,.,333.0788,-1.0,4.87269,80,43749924
chr2,19955925,19956126,.,1000,.,333.04797,-1.0,4.87269,91,19956016
chr7,23570686,23570867,.,1000,.,332.99636,-1.0,4.87269,94,23570780
chr12,96489424,96489592,.,1000,.,332.96449,-1.0,4.87269,81,96489505
chr20,21505293,21505470,.,1000,.,332.91412,-1.0,4.87269,82,21505375
chr20,17996170,17996345,.,1000,.,332.9087,-1.0,4.87269,98,17996268
chr17,32253126,32253312,.,1000,.,332.88817,-1.0,4.87269,95,32253221
chr19,29610685,29610849,.,1000,.,332.88475,-1.0,4.87269,74,29610759
chr22,46116533,46116758,.,1000,.,332.83883,-1.0,4.87269,124,46116657
chr19,48993250,48993448,.,1000,.,332.81296,-1.0,4.87269,92,48993342
chr6,85483189,85483353,.,1000,.,332.78992,-1.0,4.87269,94,85483283
chr10,102479058,102479220,.,1000,.,332.7869,-1.0,4.87269,69,102479127
chr21,45140446,45140616,.,1000,.,332.70097,-1.0,4.87269,81,45140527
chr3,150787864,150788038,.,1000,.,332.62421,-1.0,4.87269,93,150787957
chr11,76318862,76319057,.,1000,.,332.62057,-1.0,4.87269,100,76318962
chr19,3327073,3327218,.,1000,.,332.60683,-1.0,4.87269,68,3327141
chr17,7437007,7437242,.,1000,.,332.59758,-1.0,4.87269,119,7437126
chr17,36629360,36629550,.,1000,.,332.56813,-1.0,4.87269,91,36629451
chr2,42663246,42663410,.,1000,.,332.54592,-1.0,4.87269,77,42663323
chr6,167142268,167142439,.,1000,.,332.50122,-1.0,4.87269,90,167142358
chr11,113289676,113289846,.,1000,.,332.4672,-1.0,4.87269,92,113289768
chr11,118566051,118566192,.,1000,.,332.35185,-1.0,4.87269,64,118566115
chr2,75640619,75640806,.,1000,.,332.35147,-1.0,4.87269,89,75640708
chr11,120235118,120235304,.,1000,.,332.35131,-1.0,4.87269,98,120235216
chr7,19709068,19709247,.,1000,.,332.31707,-1.0,4.87269,86,19709154
chr7,87312370,87312547,.,1000,.,332.29404,-1.0,4.87269,83,87312453
chr17,51153262,51153432,.,1000,.,332.27987,-1.0,4.87269,80,51153342
chr5,177454489,177454687,.,1000,.,332.27254,-1.0,4.87269,100,177454589
chr7,149090753,149090943,.,1000,.,332.20445,-1.0,4.87269,92,149090845
chr2,9799772,9799942,.,1000,.,332.18684,-1.0,4.87269,71,9799843
chr1,33295559,33295750,.,1000,.,332.10607,-1.0,4.87269,105,33295664
chr21,33924106,33924274,.,1000,.,332.09538,-1.0,4.87269,80,33924186
chr1,245042765,245042923,.,1000,.,332.07697,-1.0,4.87269,87,245042852
chr10,75100050,75100202,.,1000,.,332.03794,-1.0,4.87269,66,75100116
chr19,18388472,18388643,.,1000,.,332.02748,-1.0,4.87269,94,18388566
chr20,354595,354750,.,1000,.,332.02658,-1.0,4.87269,53,354648
chr20,31822883,31823072,.,1000,.,332.00664,-1.0,4.87269,100,31822983
chr2,218898354,218898490,.,1000,.,331.96919,-1.0,4.87269,52,218898406
chr17,50161565,50161750,.,1000,.,331.94767,-1.0,4.87269,94,50161659
chr2,218876708,218876886,.,1000,.,331.94211,-1.0,4.87269,85,218876793
chr13,52968203,52968360,.,1000,.,331.93231,-1.0,4.87269,69,52968272
chr9,136363750,136363935,.,1000,.,331.91533,-1.0,4.87269,94,136363844
chr12,50075269,50075443,.,1000,.,331.79455,-1.0,4.87269,96,50075365
chr2,64917719,64917899,.,1000,.,331.78057,-1.0,4.87269,83,64917802
chr1,205632050,205632220,.,1000,.,331.62478,-1.0,4.87269,77,205632127
chr11,3091880,3092061,.,1000,.,331.5964,-1.0,4.87269,87,3091967
chr8,6779695,6779871,.,1000,.,331.50877,-1.0,4.87269,81,6779776
chr16,68528716,68528888,.,1000,.,331.49685,-1.0,4.87269,97,68528813
chr16,85420769,85421008,.,1000,.,331.35884,-1.0,4.87269,128,85420897
chr11,20610206,20610384,.,1000,.,331.28379,-1.0,4.87269,99,20610305
chr19,48333948,48334117,.,1000,.,331.25338,-1.0,4.87269,96,48334044
chr17,35804788,35805026,.,1000,.,331.21728,-1.0,4.87269,129,35804917
chr15,74635254,74635437,.,1000,.,331.06879,-1.0,4.87269,85,74635339
chr2,7097341,7097508,.,1000,.,331.02246,-1.0,4.87269,87,7097428
chr3,67113928,67114086,.,1000,.,331.01345,-1.0,4.87269,64,67113992
chr1,155167944,155168109,.,1000,.,331.00402,-1.0,4.87269,97,155168041
chr12,108563633,108563828,.,1000,.,330.97637,-1.0,4.87269,93,108563726
chr1,37454944,37455104,.,1000,.,330.92704,-1.0,4.87269,80,37455024
chr17,21280112,21280276,.,1000,.,330.91664,-1.0,4.87269,74,21280186
chr19,41563484,41563648,.,1000,.,330.89499,-1.0,4.87269,92,41563576
chr7,1065843,1066033,.,1000,.,330.87823,-1.0,4.87269,96,1065939
chr19,18279480,18279661,.,1000,.,330.8767,-1.0,4.87269,96,18279576
chr14,99266653,99266815,.,1000,.,330.85665,-1.0,4.87269,81,99266734
chr16,71611107,71611287,.,1000,.,330.83141,-1.0,4.87269,88,71611195
chr9,35646869,35647014,.,1000,.,330.81953,-1.0,4.87269,57,35646926
chr1,224513815,224513990,.,1000,.,330.76357,-1.0,4.87269,94,224513909
chr2,48420829,48421015,.,1000,.,330.74728,-1.0,4.87269,99,48420928
chr2,44044286,44044447,.,1000,.,330.72822,-1.0,4.87269,80,44044366
chr17,3913927,3914105,.,1000,.,330.65965,-1.0,4.87269,92,3914019
chr15,100918051,100918249,.,1000,.,330.6062,-1.0,4.87269,90,100918141
chr12,63843913,63844101,.,1000,.,330.5946,-1.0,4.87269,106,63844019
chr17,17812313,17812481,.,1000,.,330.57585,-1.0,4.87269,93,17812406
chr16,20849970,20850141,.,1000,.,330.50219,-1.0,4.87269,83,20850053
chr1,31789303,31789474,.,1000,.,330.48297,-1.0,4.87269,90,31789393
chr19,4400575,4400822,.,1000,.,330.37093,-1.0,4.87269,126,4400701
chr19,17938347,17938518,.,1000,.,330.3578,-1.0,4.87269,87,17938434
chr22,23849619,23849802,.,1000,.,330.32131,-1.0,4.87269,86,23849705
chr11,3854997,3855150,.,1000,.,330.18733,-1.0,4.87269,57,3855054
chr2,9142798,9142995,.,1000,.,330.11874,-1.0,4.87269,101,9142899
chr7,4830179,4830382,.,1000,.,330.09858,-1.0,4.87269,96,4830275
chr16,10964097,10964279,.,1000,.,330.08322,-1.0,4.87269,100,10964197
chr1,9867573,9867729,.,1000,.,330.06968,-1.0,4.87269,81,9867654
chr17,17641929,17642065,.,1000,.,330.03761,-1.0,4.87269,68,17641997
chr1,43763537,43763704,.,1000,.,330.03148,-1.0,4.87269,92,43763629
chr17,44774876,44775054,.,1000,.,330.02996,-1.0,4.87269,85,44774961
chr19,45523750,45523930,.,1000,.,329.94253,-1.0,4.87269,92,45523842
chr11,61947725,61947899,.,1000,.,329.89333,-1.0,4.87269,89,61947814
chr16,47037851,47038030,.,1000,.,329.88596,-1.0,4.87269,86,47037937
chr16,56702133,56702296,.,1000,.,329.85459,-1.0,4.87269,82,56702215
chr12,45728935,45729103,.,1000,.,329.83514,-1.0,4.87269,84,45729019
chr22,36470336,36470490,.,1000,.,329.60697,-1.0,4.87269,89,36470425
chr5,54517509,54517666,.,1000,.,329.58695,-1.0,4.87269,84,54517593
chr1,209627735,209627908,.,1000,.,329.56286,-1.0,4.87269,92,209627827
chr19,45817189,45817409,.,1000,.,329.53962,-1.0,4.87269,112,45817301
chr5,139787518,139787723,.,1000,.,329.43226,-1.0,4.87269,111,139787629
chr1,109776936,109777079,.,1000,.,329.41231,-1.0,4.87269,83,109777019
chr12,120086988,120087162,.,1000,.,329.38212,-1.0,4.87269,90,120087078
chr11,77091253,77091435,.,1000,.,329.2454,-1.0,4.87269,84,77091337
chr10,124530229,124530378,.,1000,.,329.23687,-1.0,4.87269,81,124530310
chr9,36166606,36166780,.,1000,.,329.23614,-1.0,4.87269,98,36166704
chr5,154072404,154072572,.,1000,.,329.14221,-1.0,4.87269,86,154072490
chr8,29340276,29340443,.,1000,.,329.12389,-1.0,4.87269,91,29340367
chr11,119666474,119666637,.,1000,.,329.12025,-1.0,4.87269,94,119666568
chr1,228165645,228165834,.,1000,.,329.1071,-1.0,4.87269,93,228165738
chr12,109845374,109845573,.,1000,.,329.06982,-1.0,4.87269,113,109845487
chr2,216666718,216666883,.,1000,.,329.00727,-1.0,4.87269,71,216666789
chr1,19918089,19918264,.,1000,.,328.99463,-1.0,4.87269,98,19918187
chr10,88932763,88932928,.,1000,.,328.98644,-1.0,4.87269,88,88932851
chr9,21813074,21813242,.,1000,.,328.92611,-1.0,4.87269,87,21813161
chr2,178112282,178112458,.,1000,.,328.90631,-1.0,4.87269,92,178112374
chr5,76774667,76774825,.,1000,.,328.87589,-1.0,4.87269,80,76774747
chr11,6353493,6353703,.,1000,.,328.85862,-1.0,4.87269,107,6353600
chr9,37913705,37913841,.,1000,.,328.82909,-1.0,4.87269,75,37913780
chr11,96343261,96343444,.,1000,.,328.79926,-1.0,4.87269,90,96343351
chr22,28009432,28009583,.,1000,.,328.74126,-1.0,4.87269,82,28009514
chr8,9150705,9150888,.,1000,.,328.72319,-1.0,4.87269,99,9150804
chr2,47323213,47323354,.,1000,.,328.70681,-1.0,4.87269,85,47323298
chr10,95183679,95183898,.,1000,.,328.70062,-1.0,4.87269,110,95183789
chr17,43694486,43694646,.,1000,.,328.69894,-1.0,4.87269,72,43694558
chr1,181142583,181142733,.,1000,.,328.67595,-1.0,4.87269,93,181142676
chr22,44684845,44685044,.,1000,.,328.64515,-1.0,4.87269,97,44684942
chr9,127199329,127199496,.,1000,.,328.62571,-1.0,4.87269,85,127199414
chr15,45163131,45163313,.,1000,.,328.61811,-1.0,4.87269,100,45163231
chr1,9874946,9875119,.,1000,.,328.55081,-1.0,4.87269,104,9875050
chr1,159936493,159936678,.,1000,.,328.51924,-1.0,4.87269,90,159936583
chr19,13862330,13862523,.,1000,.,328.50785,-1.0,4.87269,102,13862432
chr10,102229867,102230002,.,1000,.,328.48,-1.0,4.87269,77,102229944
chr5,151500828,151500973,.,1000,.,328.46606,-1.0,4.87269,79,151500907
chr3,13648359,13648534,.,1000,.,328.4561,-1.0,4.87269,79,13648438
chr8,23692725,23692904,.,1000,.,328.38523,-1.0,4.87269,95,23692820
chr15,78195745,78195925,.,1000,.,328.3638,-1.0,4.87269,88,78195833
chr9,98975008,98975187,.,1000,.,328.35024,-1.0,4.87269,85,98975093
chr2,219298790,219298980,.,1000,.,328.34153,-1.0,4.87269,86,219298876
chr3,50260061,50260238,.,1000,.,328.27293,-1.0,4.87269,83,50260144
chr7,103297302,103297470,.,1000,.,328.1755,-1.0,4.87269,74,103297376
chr9,100028232,100028382,.,1000,.,328.15927,-1.0,4.87269,76,100028308
chr12,26885058,26885228,.,1000,.,328.07685,-1.0,4.87269,80,26885138
chrX,1454251,1454450,.,1000,.,328.05003,-1.0,4.87269,116,1454367
chr3,46705101,46705287,.,1000,.,327.97989,-1.0,4.87269,83,46705184
chr3,158644347,158644519,.,1000,.,327.85694,-1.0,4.87269,79,158644426
chr1,31964177,31964355,.,1000,.,327.85109,-1.0,4.87269,100,31964277
chr7,106176763,106176928,.,1000,.,327.78346,-1.0,4.87269,89,106176852
chr2,97697364,97697556,.,1000,.,327.6774,-1.0,4.87269,98,97697462
chr18,21612139,21612317,.,1000,.,327.66611,-1.0,4.87269,83,21612222
chr7,44477443,44477609,.,1000,.,327.64418,-1.0,4.87269,94,44477537
chr11,87352846,87353017,.,1000,.,327.58227,-1.0,4.87269,81,87352927
chr6,26065991,26066177,.,1000,.,327.56256,-1.0,4.87269,101,26066092
chr1,44005750,44005927,.,1000,.,327.54689,-1.0,4.87269,81,44005831
chr17,4413276,4413438,.,1000,.,327.51892,-1.0,4.87269,96,4413372
chr18,50357327,50357505,.,1000,.,327.5067,-1.0,4.87269,100,50357427
chr18,76398980,76399170,.,1000,.,327.50636,-1.0,4.87269,100,76399080
chr6,53061810,53061976,.,1000,.,327.4772,-1.0,4.87269,85,53061895
chr19,41308611,41308789,.,1000,.,327.39495,-1.0,4.87269,76,41308687
chr12,10750225,10750464,.,1000,.,327.37707,-1.0,4.87269,123,10750348
chr1,45570165,45570314,.,1000,.,327.31706,-1.0,4.87269,75,45570240
chr19,12847662,12847859,.,1000,.,327.26407,-1.0,4.87269,97,12847759
chr6,29848134,29848291,.,1000,.,327.19789,-1.0,4.87269,94,29848228
chr1,36088700,36088893,.,1000,.,327.1662,-1.0,4.87269,81,36088781
chr20,39874149,39874325,.,1000,.,327.01645,-1.0,4.87269,78,39874227
chr21,45556110,45556300,.,1000,.,326.93921,-1.0,4.87269,91,45556201
chr7,6435728,6435903,.,1000,.,326.93908,-1.0,4.87269,88,6435816
chr9,35116929,35117093,.,1000,.,326.89947,-1.0,4.87269,77,35117006
chr9,1009199,1009377,.,1000,.,326.84734,-1.0,4.87269,89,1009288
chr12,109093482,109093624,.,1000,.,326.8007,-1.0,4.87269,84,109093566
chr8,118743715,118743876,.,1000,.,326.77629,-1.0,4.87269,82,118743797
chr7,150448773,150448946,.,1000,.,326.75341,-1.0,4.87269,97,150448870
chr18,12934581,12934732,.,1000,.,326.7439,-1.0,4.87269,80,12934661
chr10,102503713,102503891,.,1000,.,326.62016,-1.0,4.87269,83,102503796
chr11,59058508,59058690,.,1000,.,326.54749,-1.0,4.87269,99,59058607
chr6,44172808,44172958,.,1000,.,326.45797,-1.0,4.87269,77,44172885
chr3,182683690,182683845,.,1000,.,326.45489,-1.0,4.87269,64,182683754
chr11,120511159,120511321,.,1000,.,326.32571,-1.0,4.87269,82,120511241
chr17,73255770,73255957,.,1000,.,326.31116,-1.0,4.87269,93,73255863
chr14,91418906,91419077,.,1000,.,326.30617,-1.0,4.87269,79,91418985
chr1,15741446,15741626,.,1000,.,326.27817,-1.0,4.87269,91,15741537
chr17,58113136,58113315,.,1000,.,326.25615,-1.0,4.87269,86,58113222
chr22,50149233,50149421,.,1000,.,326.24021,-1.0,4.87269,91,50149324
chr11,78046300,78046469,.,1000,.,326.23958,-1.0,4.87269,77,78046377
chr1,110460373,110460522,.,1000,.,326.23104,-1.0,4.87269,73,110460446
chr2,11584349,11584526,.,1000,.,326.19571,-1.0,4.87269,91,11584440
chr14,94136821,94136986,.,1000,.,326.17487,-1.0,4.87269,77,94136898
chr1,35883001,35883149,.,1000,.,326.09981,-1.0,4.87269,77,35883078
chr21,38356116,38356296,.,1000,.,326.09912,-1.0,4.87269,84,38356200
chr3,37855484,37855638,.,1000,.,326.05598,-1.0,4.87269,81,37855565
chr20,816108,816268,.,1000,.,325.91124,-1.0,4.87269,91,816199
chr11,43311816,43311987,.,1000,.,325.88148,-1.0,4.87269,84,43311900
chr12,113966404,113966580,.,1000,.,325.87359,-1.0,4.87269,95,113966499
chr2,230902254,230902404,.,1000,.,325.84885,-1.0,4.87269,75,230902329
chr9,131178386,131178558,.,1000,.,325.84368,-1.0,4.87269,85,131178471
chr13,46126661,46126857,.,1000,.,325.83574,-1.0,4.87269,100,46126761
chr17,752257,752409,.,1000,.,325.79093,-1.0,4.87269,89,752346
chr10,86399885,86400075,.,1000,.,325.77445,-1.0,4.87269,96,86399981
chr3,195915129,195915279,.,1000,.,325.6882,-1.0,4.87269,77,195915206
chr22,25462620,25462786,.,1000,.,325.65232,-1.0,4.87269,95,25462715
chr8,41528866,41529071,.,1000,.,325.65231,-1.0,4.87269,112,41528978
chr11,72414268,72414446,.,1000,.,325.64574,-1.0,4.87269,80,72414348
chr10,69515732,69515900,.,1000,.,325.64003,-1.0,4.87269,79,69515811
chr11,63024192,63024344,.,1000,.,325.60612,-1.0,4.87269,67,63024259
chr17,50297478,50297638,.,1000,.,325.60132,-1.0,4.87269,90,50297568
chr8,73174418,73174579,.,1000,.,325.5673,-1.0,4.87269,91,73174509
chr17,50482547,50482733,.,1000,.,325.48799,-1.0,4.87269,106,50482653
chr19,48835810,48835991,.,1000,.,325.43435,-1.0,4.87269,97,48835907
chr2,201232359,201232493,.,1000,.,325.41555,-1.0,4.87269,65,201232424
chr17,44533618,44533780,.,1000,.,325.3998,-1.0,4.87269,75,44533693
chr4,56800251,56800411,.,1000,.,325.39154,-1.0,4.87269,87,56800338
chr5,172697602,172697766,.,1000,.,325.35237,-1.0,4.87269,98,172697700
chr1,202119052,202119235,.,1000,.,325.32607,-1.0,4.87269,102,202119154
chr15,40782736,40782887,.,1000,.,325.27917,-1.0,4.87269,71,40782807
chr9,136122986,136123160,.,1000,.,325.18578,-1.0,4.87269,96,136123082
chr19,17496331,17496566,.,1000,.,325.15799,-1.0,4.87269,126,17496457
chr1,226828162,226828346,.,1000,.,325.12153,-1.0,4.87269,88,226828250
chr16,74813184,74813388,.,1000,.,325.09274,-1.0,4.87269,96,74813280
chr9,93160034,93160207,.,1000,.,325.05765,-1.0,4.87269,87,93160121
chr22,30088988,30089168,.,1000,.,324.96771,-1.0,4.87269,98,30089086
chr16,28508148,28508338,.,1000,.,324.95752,-1.0,4.87269,101,28508249
chr1,210407315,210407477,.,1000,.,324.94483,-1.0,4.87269,77,210407392
chr2,134412093,134412262,.,1000,.,324.90599,-1.0,4.87269,85,134412178
chr6,159104188,159104373,.,1000,.,324.79938,-1.0,4.87269,97,159104285
chr5,69093731,69093913,.,1000,.,324.78726,-1.0,4.87269,87,69093818
chr17,41738099,41738256,.,1000,.,324.7571,-1.0,4.87269,71,41738170
chr1,41574197,41574354,.,1000,.,324.74305,-1.0,4.87269,68,41574265
chr15,39580277,39580453,.,1000,.,324.74101,-1.0,4.87269,72,39580349
chr1,23098824,23098992,.,1000,.,324.67489,-1.0,4.87269,79,23098903
chr17,48025148,48025326,.,1000,.,324.65304,-1.0,4.87269,96,48025244
chr19,2648547,2648713,.,1000,.,324.64685,-1.0,4.87269,98,2648645
chr17,39152965,39153128,.,1000,.,324.64575,-1.0,4.87269,92,39153057
chr2,10435050,10435205,.,1000,.,324.64321,-1.0,4.87269,78,10435128
chr14,94486357,94486536,.,1000,.,324.60391,-1.0,4.87269,86,94486443
chr16,85115003,85115175,.,1000,.,324.57471,-1.0,4.87269,103,85115106
chr17,77331496,77331673,.,1000,.,324.54351,-1.0,4.87269,95,77331591
chr2,217785555,217785721,.,1000,.,324.49379,-1.0,4.87269,87,217785642
chr1,156445928,156446102,.,1000,.,324.39551,-1.0,4.87269,69,156445997
chr17,74657529,74657687,.,1000,.,324.37342,-1.0,4.87269,78,74657607
chr19,12775624,12775814,.,1000,.,324.36307,-1.0,4.87269,84,12775708
chr13,50912130,50912298,.,1000,.,324.31715,-1.0,4.87269,81,50912211
chr1,23772237,23772396,.,1000,.,324.30634,-1.0,4.87269,72,23772309
chr21,25801631,25801833,.,1000,.,324.30598,-1.0,4.87269,100,25801731
chr2,19863478,19863644,.,1000,.,324.29719,-1.0,4.87269,76,19863554
chr17,7280645,7280825,.,1000,.,324.29453,-1.0,4.87269,87,7280732
chr5,151659018,151659199,.,1000,.,324.27411,-1.0,4.87269,99,151659117
chr9,137227588,137227782,.,1000,.,324.14435,-1.0,4.87269,98,137227686
chr6,6547154,6547312,.,1000,.,324.13422,-1.0,4.87269,79,6547233
chr17,40113211,40113388,.,1000,.,324.07913,-1.0,4.87269,78,40113289
chr18,3246119,3246298,.,1000,.,324.05369,-1.0,4.87269,89,3246208
chr19,14136864,14137064,.,1000,.,324.00269,-1.0,4.87269,115,14136979
chr1,26321637,26321822,.,1000,.,323.98665,-1.0,4.87269,84,26321721
chr9,136944765,136944951,.,1000,.,323.98324,-1.0,4.87269,101,136944866
chr1,93909597,93909787,.,1000,.,323.97243,-1.0,4.87269,107,93909704
chr14,22853143,22853323,.,1000,.,323.92897,-1.0,4.87269,82,22853225
chr17,75905061,75905244,.,1000,.,323.88919,-1.0,4.87269,90,75905151
chr9,124853105,124853328,.,1000,.,323.85341,-1.0,4.87269,110,124853215
chr6,37172275,37172438,.,1000,.,323.82958,-1.0,4.87269,79,37172354
chr6,3742492,3742659,.,1000,.,323.81306,-1.0,4.87269,75,3742567
chr1,54489491,54489651,.,1000,.,323.79963,-1.0,4.87269,86,54489577
chr1,15431216,15431392,.,1000,.,323.77604,-1.0,4.87269,98,15431314
chr6,36759254,36759429,.,1000,.,323.72183,-1.0,4.87269,95,36759349
chr1,10430279,10430446,.,1000,.,323.68335,-1.0,4.87269,101,10430380
chr17,42517548,42517744,.,1000,.,323.64755,-1.0,4.87269,98,42517646
chr2,196068381,196068540,.,1000,.,323.57636,-1.0,4.87269,67,196068448
chr17,74791583,74791723,.,1000,.,323.57235,-1.0,4.87269,68,74791651
chr6,83065825,83065984,.,1000,.,323.55499,-1.0,4.87269,66,83065891
chr3,183884872,183885049,.,1000,.,323.51337,-1.0,4.87269,77,183884949
chr2,37414518,37414668,.,1000,.,323.46776,-1.0,4.87269,88,37414606
chr4,139295732,139295926,.,1000,.,323.46088,-1.0,4.87269,102,139295834
chr11,117817835,117817962,.,1000,.,323.45624,-1.0,4.87269,80,117817915
chr3,50246282,50246466,.,1000,.,323.20802,-1.0,4.87269,85,50246367
chr11,59171511,59171710,.,1000,.,323.17668,-1.0,4.87269,89,59171600
chr22,43993262,43993444,.,1000,.,323.08998,-1.0,4.87269,78,43993340
chr1,113905201,113905361,.,1000,.,323.08022,-1.0,4.87269,56,113905257
chr1,12229876,12230040,.,1000,.,323.06955,-1.0,4.87269,83,12229959
chr22,17830065,17830240,.,1000,.,323.02448,-1.0,4.87269,97,17830162
chr1,225777583,225777743,.,1000,.,322.99593,-1.0,4.87269,75,225777658
chr1,26169732,26169905,.,1000,.,322.99057,-1.0,4.87269,95,26169827
chr11,78645312,78645483,.,1000,.,322.9889,-1.0,4.87269,82,78645394
chr6,31598659,31598838,.,1000,.,322.98716,-1.0,4.87269,98,31598757
chr2,85814318,85814469,.,1000,.,322.94003,-1.0,4.87269,73,85814391
chr6,79778073,79778262,.,1000,.,322.93729,-1.0,4.87269,97,79778170
chr14,103105027,103105186,.,1000,.,322.92846,-1.0,4.87269,89,103105116
chr6,27127127,27127310,.,1000,.,322.92064,-1.0,4.87269,79,27127206
chr2,14903877,14904083,.,1000,.,322.901,-1.0,4.87269,111,14903988
chr10,92087836,92088006,.,1000,.,322.87482,-1.0,4.87269,88,92087924
chr3,3179706,3179877,.,1000,.,322.83175,-1.0,4.87269,80,3179786
chr9,129131767,129131925,.,1000,.,322.77572,-1.0,4.87269,96,129131863
chr7,73451898,73452063,.,1000,.,322.75666,-1.0,4.87269,82,73451980
chr17,44920108,44920278,.,1000,.,322.72085,-1.0,4.87269,82,44920190
chr16,57576450,57576611,.,1000,.,322.71969,-1.0,4.87269,109,57576559
chr15,50908530,50908694,.,1000,.,322.70736,-1.0,4.87269,74,50908604
chr10,45465066,45465235,.,1000,.,322.69429,-1.0,4.87269,96,45465162
chr7,106042899,106043063,.,1000,.,322.68526,-1.0,4.87269,78,106042977
chr2,135004351,135004509,.,1000,.,322.67922,-1.0,4.87269,77,135004428
chr5,114449976,114450154,.,1000,.,322.64864,-1.0,4.87269,95,114450071
chr3,112111919,112112065,.,1000,.,322.58966,-1.0,4.87269,76,112111995
chr4,3443547,3443734,.,1000,.,322.56642,-1.0,4.87269,111,3443658
chr11,76207653,76207840,.,1000,.,322.54826,-1.0,4.87269,95,76207748
chr6,2932288,2932440,.,1000,.,322.49401,-1.0,4.87269,75,2932363
chr19,49937756,49937933,.,1000,.,322.47169,-1.0,4.87269,79,49937835
chr16,23182457,23182615,.,1000,.,322.43607,-1.0,4.87269,88,23182545
chr6,53484740,53484911,.,1000,.,322.38981,-1.0,4.87269,88,53484828
chr21,45128740,45128900,.,1000,.,322.37458,-1.0,4.87269,64,45128804
chr7,92833048,92833218,.,1000,.,322.31044,-1.0,4.87269,89,92833137
chr17,27601819,27601968,.,1000,.,322.26507,-1.0,4.87269,81,27601900
chr7,149065895,149066062,.,1000,.,322.26011,-1.0,4.87269,77,149065972
chr12,125183245,125183413,.,1000,.,322.14433,-1.0,4.87269,85,125183330
chr1,23544799,23544956,.,1000,.,322.14297,-1.0,4.87269,79,23544878
chr9,133994482,133994655,.,1000,.,322.11285,-1.0,4.87269,93,133994575
chr1,58546808,58546963,.,1000,.,322.06818,-1.0,4.87269,81,58546889
chr22,19630028,19630172,.,1000,.,321.95783,-1.0,4.87269,78,19630106
chr5,95858819,95858972,.,1000,.,321.86661,-1.0,4.87269,79,95858898
chr13,112606471,112606661,.,1000,.,321.83926,-1.0,4.87269,98,112606569
chr5,151164902,151165061,.,1000,.,321.83703,-1.0,4.87269,75,151164977
chr7,104922976,104923138,.,1000,.,321.79822,-1.0,4.87269,83,104923059
chr5,83430511,83430681,.,1000,.,321.77158,-1.0,4.87269,80,83430591
chr1,40315365,40315546,.,1000,.,321.7662,-1.0,4.87269,102,40315467
chr19,49470388,49470587,.,1000,.,321.75797,-1.0,4.87269,92,49470480
chr13,20163495,20163663,.,1000,.,321.72278,-1.0,4.87269,79,20163574
chr6,31795919,31796091,.,1000,.,321.71136,-1.0,4.87269,81,31796000
chr1,202315714,202315882,.,1000,.,321.70462,-1.0,4.87269,76,202315790
chr11,123247313,123247488,.,1000,.,321.70017,-1.0,4.87269,88,123247401
chrX,123960400,123960585,.,1000,.,321.64859,-1.0,4.87269,100,123960500
chr8,11413810,11413960,.,1000,.,321.64317,-1.0,4.87269,61,11413871
chr2,230987311,230987505,.,1000,.,321.61239,-1.0,4.87269,89,230987400
chr1,186375419,186375630,.,1000,.,321.59898,-1.0,4.87269,119,186375538
chr6,36766247,36766418,.,1000,.,321.59391,-1.0,4.87269,90,36766337
chr16,87779189,87779328,.,1000,.,321.58044,-1.0,4.87269,68,87779257
chr5,177456436,177456632,.,1000,.,321.56433,-1.0,4.87269,97,177456533
chr19,2819725,2819860,.,1000,.,321.56405,-1.0,4.87269,54,2819779
chr11,2888468,2888626,.,1000,.,321.45281,-1.0,4.87269,92,2888560
chr18,13630265,13630443,.,1000,.,321.43304,-1.0,4.87269,81,13630346
chr1,24848001,24848189,.,1000,.,321.3933,-1.0,4.87269,97,24848098
chr21,36028572,36028729,.,1000,.,321.38234,-1.0,4.87269,86,36028658
chr1,214261602,214261782,.,1000,.,321.36607,-1.0,4.87269,83,214261685
chr3,58306064,58306264,.,1000,.,321.33114,-1.0,4.87269,97,58306161
chr10,27360678,27360855,.,1000,.,321.32831,-1.0,4.87269,87,27360765
chr17,35764168,35764309,.,1000,.,321.32146,-1.0,4.87269,61,35764229
chr17,29180353,29180536,.,1000,.,321.2403,-1.0,4.87269,101,29180454
chr1,25101531,25101697,.,1000,.,321.23044,-1.0,4.87269,90,25101621
chr6,125956687,125956930,.,1000,.,321.13132,-1.0,4.87269,94,125956781
chrX,11533215,11533428,.,1000,.,321.1313,-1.0,4.87269,92,11533307
chr14,103292900,103293089,.,1000,.,321.0346,-1.0,4.87269,83,103292983
chr2,98385203,98385339,.,1000,.,321.00659,-1.0,4.87269,57,98385260
chr15,89411593,89411784,.,1000,.,320.94575,-1.0,4.87269,85,89411678
chr17,27880113,27880303,.,1000,.,320.94305,-1.0,4.87269,90,27880203
chr11,68297838,68298011,.,1000,.,320.86139,-1.0,4.87269,75,68297913
chr5,141692170,141692332,.,1000,.,320.85564,-1.0,4.87269,82,141692252
chr11,108697980,108698130,.,1000,.,320.80866,-1.0,4.87269,88,108698068
chr1,184805678,184805829,.,1000,.,320.80529,-1.0,4.87269,88,184805766
chr16,711806,711976,.,1000,.,320.77803,-1.0,4.87269,94,711900
chr19,8253087,8253255,.,1000,.,320.76525,-1.0,4.87269,85,8253172
chr12,124767087,124767257,.,1000,.,320.75939,-1.0,4.87269,81,124767168
chr19,39397738,39397914,.,1000,.,320.74428,-1.0,4.87269,82,39397820
chr2,102020719,102020872,.,1000,.,320.71403,-1.0,4.87269,72,102020791
chr17,45428155,45428314,.,1000,.,320.69142,-1.0,4.87269,82,45428237
chr1,171485301,171485473,.,1000,.,320.67855,-1.0,4.87269,91,171485392
chr22,41697180,41697356,.,1000,.,320.66675,-1.0,4.87269,95,41697275
chr12,124771942,124772108,.,1000,.,320.63543,-1.0,4.87269,79,124772021
chr12,82685795,82685968,.,1000,.,320.62711,-1.0,4.87269,78,82685873
chr3,42881062,42881238,.,1000,.,320.6066,-1.0,4.87269,94,42881156
chr17,19766569,19766734,.,1000,.,320.60529,-1.0,4.87269,96,19766665
chr1,27606453,27606620,.,1000,.,320.5585,-1.0,4.87269,77,27606530
chr15,41774530,41774698,.,1000,.,320.54803,-1.0,4.87269,74,41774604
chr14,103075630,103075823,.,1000,.,320.46521,-1.0,4.87269,101,103075731
chr22,37934010,37934198,.,1000,.,320.41809,-1.0,4.87269,89,37934099
chr16,2868475,2868633,.,1000,.,320.36458,-1.0,4.87269,71,2868546
chr15,90931726,90931937,.,1000,.,320.34841,-1.0,4.87269,107,90931833
chr11,67262770,67262941,.,1000,.,320.32198,-1.0,4.87269,81,67262851
chr4,113547637,113547787,.,1000,.,320.31552,-1.0,4.87269,72,113547709
chr2,112749756,112749904,.,1000,.,320.31058,-1.0,4.87269,88,112749844
chr7,138738831,138738998,.,1000,.,320.25536,-1.0,4.87269,84,138738915
chr2,21042940,21043125,.,1000,.,320.2493,-1.0,4.87269,87,21043027
chr13,25287461,25287631,.,1000,.,320.23495,-1.0,4.87269,88,25287549
chr15,74382479,74382643,.,1000,.,320.19212,-1.0,4.87269,81,74382560
chr10,86711155,86711353,.,1000,.,320.17697,-1.0,4.87269,93,86711248
chr17,17860320,17860482,.,1000,.,320.1673,-1.0,4.87269,77,17860397
chr1,228131089,228131255,.,1000,.,320.11002,-1.0,4.87269,76,228131165
chr12,54399419,54399552,.,1000,.,320.10177,-1.0,4.87269,55,54399474
chr6,10801333,10801508,.,1000,.,320.09035,-1.0,4.87269,101,10801434
chr14,101961201,101961358,.,1000,.,320.08862,-1.0,4.87269,74,101961275
chr1,44652962,44653152,.,1000,.,320.08126,-1.0,4.87269,81,44653043
chr12,14167123,14167313,.,1000,.,320.03906,-1.0,4.87269,99,14167222
chr3,120417280,120417455,.,1000,.,320.02443,-1.0,4.87269,84,120417364
chr1,156657555,156657706,.,1000,.,320.02377,-1.0,4.87269,83,156657638
chr19,42420131,42420280,.,1000,.,320.02311,-1.0,4.87269,60,42420191
chr1,26036042,26036220,.,1000,.,319.98631,-1.0,4.87269,88,26036130
chr2,46461512,46461659,.,1000,.,319.97818,-1.0,4.87269,51,46461563
chr19,11587723,11587909,.,1000,.,319.97243,-1.0,4.87269,92,11587815
chr1,211655296,211655486,.,1000,.,319.96027,-1.0,4.87269,96,211655392
chr11,95705633,95705778,.,1000,.,319.9597,-1.0,4.87269,93,95705726
chr22,33302105,33302288,.,1000,.,319.95101,-1.0,4.87269,94,33302199
chr1,111755592,111755789,.,1000,.,319.88693,-1.0,4.87269,95,111755687
chr11,45772041,45772209,.,1000,.,319.8736,-1.0,4.87269,78,45772119
chr16,75111331,75111483,.,1000,.,319.8538,-1.0,4.87269,83,75111414
chr17,47841269,47841453,.,1000,.,319.8419,-1.0,4.87269,91,47841360
chr3,16247421,16247554,.,1000,.,319.82479,-1.0,4.87269,74,16247495
chr12,53159465,53159629,.,1000,.,319.78406,-1.0,4.87269,98,53159563
chr1,10032589,10032765,.,1000,.,319.77206,-1.0,4.87269,76,10032665
chr3,52447107,52447288,.,1000,.,319.76311,-1.0,4.87269,99,52447206
chr17,7614943,7615089,.,1000,.,319.73665,-1.0,4.87269,73,7615016
chr11,113305800,113305986,.,1000,.,319.73184,-1.0,4.87269,101,113305901
chr12,46072224,46072380,.,1000,.,319.71931,-1.0,4.87269,77,46072301
chr2,31333673,31333840,.,1000,.,319.67264,-1.0,4.87269,97,31333770
chr19,42296151,42296335,.,1000,.,319.64777,-1.0,4.87269,91,42296242
chr6,41775995,41776172,.,1000,.,319.608,-1.0,4.87269,83,41776078
chr19,14348551,14348728,.,1000,.,319.58445,-1.0,4.87269,84,14348635
chr17,34998285,34998463,.,1000,.,319.58062,-1.0,4.87269,89,34998374
chr12,69291079,69291272,.,1000,.,319.49055,-1.0,4.87269,92,69291171
chr9,135412655,135412861,.,1000,.,319.45304,-1.0,4.87269,114,135412769
chr3,38651290,38651488,.,1000,.,319.43579,-1.0,4.87269,106,38651396
chr15,64728306,64728471,.,1000,.,319.37967,-1.0,4.87269,81,64728387
chr4,40056753,40056936,.,1000,.,319.29896,-1.0,4.87269,90,40056843
chr8,56242036,56242202,.,1000,.,319.25365,-1.0,4.87269,77,56242113
chr12,110469216,110469398,.,1000,.,319.19527,-1.0,4.87269,91,110469307
chr8,22622956,22623121,.,1000,.,319.19009,-1.0,4.87269,87,22623043
chr15,101088882,101089036,.,1000,.,319.15042,-1.0,4.87269,78,101088960
chr9,137578926,137579090,.,1000,.,319.11876,-1.0,4.87269,73,137578999
chr2,189143260,189143427,.,1000,.,319.06329,-1.0,4.87269,79,189143339
chr2,20651066,20651256,.,1000,.,319.0316,-1.0,4.87269,106,20651172
chr4,56301591,56301751,.,1000,.,319.00426,-1.0,4.87269,70,56301661
chr2,130798094,130798240,.,1000,.,318.97493,-1.0,4.87269,60,130798154
chr2,15637383,15637549,.,1000,.,318.86561,-1.0,4.87269,93,15637476
chr19,8002480,8002653,.,1000,.,318.83953,-1.0,4.87269,78,8002558
chr3,12892085,12892234,.,1000,.,318.73393,-1.0,4.87269,81,12892166
chr10,43348563,43348725,.,1000,.,318.72384,-1.0,4.87269,87,43348650
chr11,17731120,17731287,.,1000,.,318.72302,-1.0,4.87269,88,17731208
chr1,11642512,11642670,.,1000,.,318.67068,-1.0,4.87269,84,11642596
chr15,66946816,66946969,.,1000,.,318.58292,-1.0,4.87269,73,66946889
chr3,186259626,186259789,.,1000,.,318.5651,-1.0,4.87269,83,186259709
chr1,1033019,1033195,.,1000,.,318.52155,-1.0,4.87269,95,1033114
chr1,156689597,156689761,.,1000,.,318.51278,-1.0,4.87269,81,156689678
chr22,23386006,23386150,.,1000,.,318.50084,-1.0,4.87269,76,23386082
chr11,75384597,75384741,.,1000,.,318.36994,-1.0,4.87269,69,75384666
chr17,41665980,41666165,.,1000,.,318.36972,-1.0,4.87269,90,41666070
chr6,112043777,112043936,.,1000,.,318.35835,-1.0,4.87269,80,112043857
chr1,204363786,204363907,.,1000,.,318.35629,-1.0,4.87269,45,204363831
chr2,98649514,98649709,.,1000,.,318.34361,-1.0,4.87269,87,98649601
chr13,95478617,95478785,.,1000,.,318.31997,-1.0,4.87269,84,95478701
chr2,85285562,85285706,.,1000,.,318.31085,-1.0,4.87269,84,85285646
chr22,37817730,37817874,.,1000,.,318.29957,-1.0,4.87269,73,37817803
chr16,4288490,4288647,.,1000,.,318.25498,-1.0,4.87269,81,4288571
chr9,129885753,129885954,.,1000,.,318.22886,-1.0,4.87269,107,129885860
chr8,134685690,134685846,.,1000,.,318.22761,-1.0,4.87269,81,134685771
chr16,57757277,57757437,.,1000,.,318.20408,-1.0,4.87269,100,57757377
chr12,1796087,1796305,.,1000,.,318.15731,-1.0,4.87269,115,1796202
chr16,70653813,70653987,.,1000,.,318.14344,-1.0,4.87269,87,70653900
chr5,132386659,132386817,.,1000,.,318.13975,-1.0,4.87269,75,132386734
chr14,23058137,23058312,.,1000,.,318.02189,-1.0,4.87269,78,23058215
chr1,9196541,9196711,.,1000,.,318.02084,-1.0,4.87269,90,9196631
chr1,93814151,93814260,.,1000,.,318.00376,-1.0,4.87269,34,93814185
chr5,160345440,160345601,.,1000,.,317.96183,-1.0,4.87269,85,160345525
chr10,101161836,101162011,.,1000,.,317.92137,-1.0,4.87269,85,101161921
chr5,81195143,81195308,.,1000,.,317.88724,-1.0,4.87269,90,81195233
chr16,88443095,88443262,.,1000,.,317.86455,-1.0,4.87269,94,88443189
chr10,30392619,30392777,.,1000,.,317.83575,-1.0,4.87269,82,30392701
chr1,235083798,235083964,.,1000,.,317.7659,-1.0,4.87269,93,235083891
chr1,39973616,39973778,.,1000,.,317.75355,-1.0,4.87269,76,39973692
chr6,110039523,110039696,.,1000,.,317.71467,-1.0,4.87269,84,110039607
chr15,40859240,40859412,.,1000,.,317.69165,-1.0,4.87269,78,40859318
chr10,102169507,102169670,.,1000,.,317.63257,-1.0,4.87269,83,102169590
chr19,47698199,47698390,.,1000,.,317.55944,-1.0,4.87269,92,47698291
chr20,39048168,39048313,.,1000,.,317.46315,-1.0,4.87269,63,39048231
chr1,25810961,25811116,.,1000,.,317.44463,-1.0,4.87269,57,25811018
chr1,156225533,156225715,.,1000,.,317.41455,-1.0,4.87269,78,156225611
chr2,130797531,130797680,.,1000,.,317.39609,-1.0,4.87269,82,130797613
chr7,22082959,22083140,.,1000,.,317.30768,-1.0,4.87269,98,22083057
chr9,112074862,112075015,.,1000,.,317.30357,-1.0,4.87269,82,112074944
chr1,167066708,167066897,.,1000,.,317.29904,-1.0,4.87269,93,167066801
chr16,67481247,67481425,.,1000,.,317.28619,-1.0,4.87269,97,67481344
chr3,196837960,196838130,.,1000,.,317.27401,-1.0,4.87269,89,196838049
chr7,22559978,22560144,.,1000,.,317.26814,-1.0,4.87269,83,22560061
chr17,31525454,31525614,.,1000,.,317.25605,-1.0,4.87269,76,31525530
chr20,38646222,38646405,.,1000,.,317.23723,-1.0,4.87269,97,38646319
chr12,108664936,108665078,.,1000,.,317.22427,-1.0,4.87269,59,108664995
chr2,112600133,112600281,.,1000,.,317.19685,-1.0,4.87269,76,112600209
chr2,73780111,73780270,.,1000,.,317.19114,-1.0,4.87269,95,73780206
chr17,48593950,48594134,.,1000,.,317.07848,-1.0,4.87269,96,48594046
chr19,55516979,55517121,.,1000,.,317.02093,-1.0,4.87269,50,55517029
chr6,30103148,30103337,.,1000,.,316.85825,-1.0,4.87269,96,30103244
chr1,182143257,182143418,.,1000,.,316.81807,-1.0,4.87269,92,182143349
chr1,11838751,11838932,.,1000,.,316.81658,-1.0,4.87269,94,11838845
chr17,31437357,31437546,.,1000,.,316.81468,-1.0,4.87269,98,31437455
chr5,172959261,172959442,.,1000,.,316.80169,-1.0,4.87269,86,172959347
chr1,226125252,226125421,.,1000,.,316.77674,-1.0,4.87269,94,226125346
chr22,36782103,36782273,.,1000,.,316.7488,-1.0,4.87269,90,36782193
chr20,48620575,48620754,.,1000,.,316.72196,-1.0,4.87269,81,48620656
chr6,6676937,6677087,.,1000,.,316.59602,-1.0,4.87269,57,6676994
chr14,94001875,94002046,.,1000,.,316.5761,-1.0,4.87269,90,94001965
chr15,75029393,75029538,.,1000,.,316.5497,-1.0,4.87269,69,75029462
chr9,133793080,133793242,.,1000,.,316.54781,-1.0,4.87269,83,133793163
chr6,37566434,37566615,.,1000,.,316.50367,-1.0,4.87269,79,37566513
chr6,89372143,89372329,.,1000,.,316.49971,-1.0,4.87269,91,89372234
chr17,39980556,39980704,.,1000,.,316.4728,-1.0,4.87269,59,39980615
chr17,2244865,2245010,.,1000,.,316.45218,-1.0,4.87269,71,2244936
chr7,100081851,100082015,.,1000,.,316.44092,-1.0,4.87269,91,100081942
chr8,22918504,22918674,.,1000,.,316.40683,-1.0,4.87269,73,22918577
chr12,1583593,1583752,.,1000,.,316.3598,-1.0,4.87269,72,1583665
chr1,111481728,111481899,.,1000,.,316.35567,-1.0,4.87269,96,111481824
chr17,1720894,1721044,.,1000,.,316.30303,-1.0,4.87269,73,1720967
chr10,71209141,71209328,.,1000,.,316.27562,-1.0,4.87269,100,71209241
chr19,45059563,45059711,.,1000,.,316.27026,-1.0,4.87269,95,45059658
chr1,76154209,76154370,.,1000,.,316.25615,-1.0,4.87269,92,76154301
chr10,21495766,21495938,.,1000,.,316.24669,-1.0,4.87269,89,21495855
chr4,111642189,111642383,.,1000,.,316.13743,-1.0,4.87269,93,111642282
chr13,110819537,110819716,.,1000,.,316.11117,-1.0,4.87269,90,110819627
chr1,110619434,110619602,.,1000,.,316.09046,-1.0,4.87269,83,110619517
chr7,873415,873604,.,1000,.,316.08078,-1.0,4.87269,87,873502
chr22,21646817,21646973,.,1000,.,316.05056,-1.0,4.87269,83,21646900
chr17,63425499,63425661,.,1000,.,316.0324,-1.0,4.87269,80,63425579
chr19,42529361,42529511,.,1000,.,316.02356,-1.0,4.87269,84,42529445
chr12,4604738,4604897,.,1000,.,315.98867,-1.0,4.87269,81,4604819
chr19,863955,864115,.,1000,.,315.91199,-1.0,4.87269,76,864031
chr13,95191845,95192005,.,1000,.,315.88936,-1.0,4.87269,94,95191939
chr3,186617137,186617319,.,1000,.,315.8784,-1.0,4.87269,89,186617226
chr2,200510036,200510204,.,1000,.,315.87209,-1.0,4.87269,90,200510126
chr2,44087277,44087423,.,1000,.,315.75711,-1.0,4.87269,91,44087368
chr19,46757388,46757566,.,1000,.,315.75429,-1.0,4.87269,95,46757483
chr2,47768007,47768172,.,1000,.,315.74892,-1.0,4.87269,82,47768089
chr9,122350679,122350829,.,1000,.,315.71736,-1.0,4.87269,78,122350757
chr15,34343153,34343324,.,1000,.,315.70424,-1.0,4.87269,94,34343247
chr16,67521576,67521755,.,1000,.,315.68076,-1.0,4.87269,102,67521678
chr5,168486292,168486455,.,1000,.,315.65539,-1.0,4.87269,92,168486384
chr4,70688163,70688328,.,1000,.,315.62333,-1.0,4.87269,81,70688244
chr2,131154070,131154250,.,1000,.,315.62159,-1.0,4.87269,97,131154167
chr12,52156885,52157015,.,1000,.,315.56755,-1.0,4.87269,76,52156961
chr11,128630461,128630633,.,1000,.,315.56311,-1.0,4.87269,95,128630556
chr7,6349040,6349193,.,1000,.,315.54694,-1.0,4.87269,79,6349119
chr3,53114028,53114180,.,1000,.,315.51739,-1.0,4.87269,82,53114110
chr11,65110389,65110531,.,1000,.,315.51648,-1.0,4.87269,91,65110480
chr7,5085530,5085697,.,1000,.,315.50908,-1.0,4.87269,93,5085623
chr1,156456504,156456668,.,1000,.,315.50544,-1.0,4.87269,91,156456595
chr16,30021634,30021808,.,1000,.,315.49894,-1.0,4.87269,82,30021716
chr13,36999326,36999518,.,1000,.,315.48299,-1.0,4.87269,91,36999417
chr22,20606301,20606461,.,1000,.,315.44742,-1.0,4.87269,82,20606383
chr15,84928296,84928417,.,1000,.,315.44467,-1.0,4.87269,94,84928390
chr16,58336770,58336940,.,1000,.,315.42435,-1.0,4.87269,78,58336848
chr15,94324311,94324482,.,1000,.,315.40753,-1.0,4.87269,92,94324403
chr20,45771244,45771418,.,1000,.,315.38592,-1.0,4.87269,92,45771336
chr17,76624005,76624172,.,1000,.,315.37478,-1.0,4.87269,74,76624079
chr8,101327050,101327210,.,1000,.,315.35353,-1.0,4.87269,92,101327142
chr1,20152424,20152603,.,1000,.,315.34261,-1.0,4.87269,89,20152513
chr10,101213725,101213907,.,1000,.,315.32832,-1.0,4.87269,90,101213815
chr12,57183084,57183226,.,1000,.,315.32391,-1.0,4.87269,61,57183145
chr3,49539742,49539918,.,1000,.,315.3161,-1.0,4.87269,84,49539826
chr6,43506806,43506980,.,1000,.,315.30406,-1.0,4.87269,90,43506896
chr12,113980626,113980798,.,1000,.,315.28679,-1.0,4.87269,84,113980710
chr6,30679078,30679223,.,1000,.,315.22318,-1.0,4.87269,63,30679141
chr12,47742330,47742480,.,1000,.,315.2096,-1.0,4.87269,76,47742406
chr19,5720667,5720780,.,1000,.,315.20129,-1.0,4.87269,40,5720707
chr6,37692105,37692274,.,1000,.,315.19999,-1.0,4.87269,82,37692187
chr19,10119887,10120059,.,1000,.,315.19444,-1.0,4.87269,91,10119978
chr10,123133086,123133250,.,1000,.,315.19199,-1.0,4.87269,66,123133152
chr17,7743673,7743849,.,1000,.,315.17577,-1.0,4.87269,84,7743757
chr5,116576156,116576309,.,1000,.,315.14161,-1.0,4.87269,75,116576231
chr9,1940216,1940348,.,1000,.,315.10885,-1.0,4.87269,66,1940282
chrX,153947402,153947606,.,1000,.,315.06139,-1.0,4.87269,93,153947495
chr14,92951989,92952167,.,1000,.,315.06047,-1.0,4.87269,102,92952091
chr1,156096722,156096863,.,1000,.,315.01132,-1.0,4.87269,61,156096783
chr6,10510616,10510752,.,1000,.,314.81953,-1.0,4.87269,81,10510697
chr5,107673755,107673934,.,1000,.,314.81009,-1.0,4.87269,83,107673838
chr10,117496625,117496807,.,1000,.,314.79695,-1.0,4.87269,89,117496714
chr7,75866551,75866727,.,1000,.,314.79617,-1.0,4.87269,91,75866642
chr18,58122005,58122164,.,1000,.,314.77167,-1.0,4.87269,85,58122090
chr5,43064968,43065134,.,1000,.,314.75296,-1.0,4.87269,78,43065046
chr20,4172550,4172767,.,1000,.,314.72746,-1.0,4.87269,101,4172651
chr4,158730062,158730238,.,1000,.,314.71364,-1.0,4.87269,92,158730154
chr17,82551936,82552075,.,1000,.,314.70173,-1.0,4.87269,75,82552011
chr10,88835731,88835873,.,1000,.,314.69726,-1.0,4.87269,77,88835808
chr9,99140813,99140977,.,1000,.,314.68693,-1.0,4.87269,87,99140900
chr22,45578106,45578275,.,1000,.,314.67836,-1.0,4.87269,81,45578187
chr22,41941374,41941532,.,1000,.,314.63878,-1.0,4.87269,79,41941453
chr13,106536534,106536702,.,1000,.,314.62847,-1.0,4.87269,87,106536621
chr17,38423752,38423922,.,1000,.,314.61969,-1.0,4.87269,90,38423842
chr11,59158562,59158720,.,1000,.,314.6176,-1.0,4.87269,85,59158647
chr14,54441413,54441596,.,1000,.,314.5803,-1.0,4.87269,93,54441506
chr13,95404401,95404539,.,1000,.,314.55586,-1.0,4.87269,72,95404473
chr6,116268617,116268827,.,1000,.,314.50928,-1.0,4.87269,104,116268721
chr17,49556415,49556603,.,1000,.,314.4571,-1.0,4.87269,92,49556507
chr13,49936287,49936461,.,1000,.,314.45488,-1.0,4.87269,78,49936365
chr14,102524568,102524730,.,1000,.,314.44518,-1.0,4.87269,82,102524650
chr12,122952421,122952577,.,1000,.,314.43776,-1.0,4.87269,76,122952497
chr1,154878593,154878757,.,1000,.,314.41448,-1.0,4.87269,81,154878674
chr9,109411992,109412167,.,1000,.,314.40949,-1.0,4.87269,91,109412083
chr7,102272332,102272488,.,1000,.,314.40831,-1.0,4.87269,71,102272403
chr6,31580924,31581103,.,1000,.,314.40089,-1.0,4.87269,75,31580999
chr3,58640727,58640893,.,1000,.,314.39425,-1.0,4.87269,74,58640801
chr16,28277770,28277940,.,1000,.,314.38697,-1.0,4.87269,102,28277872
chr1,150561006,150561164,.,1000,.,314.36744,-1.0,4.87269,73,150561079
chr10,79195551,79195711,.,1000,.,314.30243,-1.0,4.87269,73,79195624
chrX,52934788,52934975,.,1000,.,314.28643,-1.0,4.87269,91,52934879
chr3,17841346,17841496,.,1000,.,314.28135,-1.0,4.87269,68,17841414
chr9,125143681,125143849,.,1000,.,314.19442,-1.0,4.87269,82,125143763
chr2,101152925,101153061,.,1000,.,314.16197,-1.0,4.87269,77,101153002
chr2,96960505,96960639,.,1000,.,314.14899,-1.0,4.87269,77,96960582
chr4,68376069,68376214,.,1000,.,314.12694,-1.0,4.87269,89,68376158
chr6,41735549,41735704,.,1000,.,314.11543,-1.0,4.87269,86,41735635
chr3,36958818,36958980,.,1000,.,314.11197,-1.0,4.87269,76,36958894
chr2,65064802,65064972,.,1000,.,313.97558,-1.0,4.87269,92,65064894
chr3,51637972,51638171,.,1000,.,313.95233,-1.0,4.87269,96,51638068
chr8,124593037,124593185,.,1000,.,313.92453,-1.0,4.87269,75,124593112
chr22,40024862,40025069,.,1000,.,313.91709,-1.0,4.87269,110,40024972
chr8,100564092,100564242,.,1000,.,313.85256,-1.0,4.87269,70,100564162
chr10,73940707,73940887,.,1000,.,313.78747,-1.0,4.87269,73,73940780
chr6,43143573,43143749,.,1000,.,313.73225,-1.0,4.87269,98,43143671
chr7,37352992,37353144,.,1000,.,313.68833,-1.0,4.87269,73,37353065
chr11,65117878,65118005,.,1000,.,313.67998,-1.0,4.87269,53,65117931
chr3,185660522,185660683,.,1000,.,313.65845,-1.0,4.87269,75,185660597
chr19,49391979,49392158,.,1000,.,313.62694,-1.0,4.87269,95,49392074
chr15,90934369,90934530,.,1000,.,313.61767,-1.0,4.87269,93,90934462
chr17,16521365,16521532,.,1000,.,313.6093,-1.0,4.87269,86,16521451
chr4,182938202,182938363,.,1000,.,313.60173,-1.0,4.87269,91,182938293
chr17,48618668,48618825,.,1000,.,313.59655,-1.0,4.87269,82,48618750
chr16,53054871,53055061,.,1000,.,313.58518,-1.0,4.87269,89,53054960
chr1,29202960,29203137,.,1000,.,313.57698,-1.0,4.87269,93,29203053
chr11,64847208,64847370,.,1000,.,313.57311,-1.0,4.87269,84,64847292
chr6,42726689,42726848,.,1000,.,313.53949,-1.0,4.87269,87,42726776
chr20,51595108,51595270,.,1000,.,313.53797,-1.0,4.87269,81,51595189
chr12,57583408,57583560,.,1000,.,313.51738,-1.0,4.87269,73,57583481
chr20,17939123,17939302,.,1000,.,313.35616,-1.0,4.87269,96,17939219
chr6,32984880,32985082,.,1000,.,313.35529,-1.0,4.87269,100,32984980
chr1,16440530,16440701,.,1000,.,313.34817,-1.0,4.87269,102,16440632
chr1,225976087,225976231,.,1000,.,313.34724,-1.0,4.87269,67,225976154
chr7,92178944,92179121,.,1000,.,313.34507,-1.0,4.87269,101,92179045
chr9,137035329,137035463,.,1000,.,313.32681,-1.0,4.87269,84,137035413
chr8,61139119,61139288,.,1000,.,313.32487,-1.0,4.87269,71,61139190
chr9,5833029,5833191,.,1000,.,313.30971,-1.0,4.87269,88,5833117
chr17,40013813,40013969,.,1000,.,313.29414,-1.0,4.87269,95,40013908
chr19,42325238,42325390,.,1000,.,313.25801,-1.0,4.87269,73,42325311
chr5,923513,923683,.,1000,.,313.20429,-1.0,4.87269,78,923591
chr21,25608356,25608525,.,1000,.,313.18914,-1.0,4.87269,97,25608453
chr6,39303275,39303454,.,1000,.,313.18749,-1.0,4.87269,81,39303356
chr1,28518105,28518257,.,1000,.,313.15448,-1.0,4.87269,74,28518179
chr5,72308522,72308687,.,1000,.,313.11941,-1.0,4.87269,74,72308596
chr16,81738089,81738258,.,1000,.,313.09997,-1.0,4.87269,93,81738182
chr6,43263580,43263716,.,1000,.,313.06483,-1.0,4.87269,67,43263647
chr16,23557385,23557600,.,1000,.,313.06397,-1.0,4.87269,98,23557483
chr5,176448201,176448337,.,1000,.,313.05654,-1.0,4.87269,52,176448253
chr19,18251907,18252078,.,1000,.,313.03887,-1.0,4.87269,81,18251988
chr16,21300635,21300824,.,1000,.,312.9701,-1.0,4.87269,87,21300722
chr1,160101073,160101254,.,1000,.,312.9385,-1.0,4.87269,87,160101160
chr1,40612382,40612519,.,1000,.,312.92513,-1.0,4.87269,79,40612461
chr11,66258349,66258513,.,1000,.,312.92215,-1.0,4.87269,81,66258430
chr19,7680665,7680804,.,1000,.,312.90609,-1.0,4.87269,90,7680755
chr2,119641674,119641833,.,1000,.,312.89334,-1.0,4.87269,72,119641746
chr22,38052341,38052568,.,1000,.,312.88803,-1.0,4.87269,114,38052455
chr1,165914285,165914422,.,1000,.,312.87758,-1.0,4.87269,83,165914368
chr3,14921226,14921397,.,1000,.,312.85486,-1.0,4.87269,97,14921323
chr11,131674055,131674230,.,1000,.,312.83812,-1.0,4.87269,82,131674137
chr8,140393948,140394103,.,1000,.,312.80925,-1.0,4.87269,64,140394012
chr2,25166141,25166312,.,1000,.,312.79186,-1.0,4.87269,88,25166229
chr15,69475886,69476033,.,1000,.,312.7518,-1.0,4.87269,67,69475953
chr1,112707389,112707555,.,1000,.,312.7443,-1.0,4.87269,89,112707478
chr9,131336350,131336525,.,1000,.,312.74397,-1.0,4.87269,77,131336427
chr19,40529171,40529346,.,1000,.,312.72824,-1.0,4.87269,88,40529259
chr12,120228444,120228596,.,1000,.,312.72678,-1.0,4.87269,78,120228522
chr6,53171918,53172171,.,1000,.,312.71974,-1.0,4.87269,120,53172038
chr17,45219020,45219154,.,1000,.,312.70242,-1.0,4.87269,55,45219075
chr19,9934190,9934369,.,1000,.,312.69114,-1.0,4.87269,91,9934281
chr12,57452991,57453136,.,1000,.,312.67918,-1.0,4.87269,97,57453088
chr17,39244846,39245010,.,1000,.,312.59962,-1.0,4.87269,78,39244924
chr17,81733827,81733991,.,1000,.,312.56087,-1.0,4.87269,77,81733904
chr1,24391373,24391553,.,1000,.,312.55135,-1.0,4.87269,87,24391460
chr10,132453230,132453387,.,1000,.,312.52745,-1.0,4.87269,82,132453312
chr2,102240916,102241086,.,1000,.,312.51457,-1.0,4.87269,88,102241004
chr15,80455918,80456067,.,1000,.,312.50504,-1.0,4.87269,71,80455989
chr10,87860249,87860413,.,1000,.,312.50109,-1.0,4.87269,76,87860325
chr7,155815349,155815534,.,1000,.,312.47097,-1.0,4.87269,98,155815447
chr19,41934962,41935125,.,1000,.,312.46792,-1.0,4.87269,83,41935045
chr11,62542857,62543041,.,1000,.,312.4412,-1.0,4.87269,90,62542947
chr12,53451769,53451968,.,1000,.,312.43043,-1.0,4.87269,101,53451870
chr1,13665778,13665931,.,1000,.,312.40492,-1.0,4.87269,69,13665847
chr10,120942930,120943078,.,1000,.,312.40368,-1.0,4.87269,73,120943003
chr6,11575638,11575793,.,1000,.,312.3877,-1.0,4.87269,83,11575721
chr1,222455233,222455388,.,1000,.,312.38692,-1.0,4.87269,77,222455310
chr5,88691075,88691215,.,1000,.,312.34813,-1.0,4.87269,65,88691140
chr12,94102345,94102514,.,1000,.,312.3109,-1.0,4.87269,96,94102441
chr11,95151508,95151751,.,1000,.,312.30498,-1.0,4.87269,123,95151631
chr22,18076133,18076305,.,1000,.,312.27996,-1.0,4.87269,87,18076220
chr1,47179231,47179406,.,1000,.,312.27462,-1.0,4.87269,85,47179316
chr10,84264679,84264838,.,1000,.,312.2551,-1.0,4.87269,87,84264766
chr14,104976193,104976373,.,1000,.,312.21837,-1.0,4.87269,86,104976279
chr1,109773790,109773932,.,1000,.,312.17518,-1.0,4.87269,60,109773850
chr1,27102810,27102969,.,1000,.,312.16792,-1.0,4.87269,66,27102876
chr3,184371630,184371798,.,1000,.,312.13061,-1.0,4.87269,86,184371716
chr16,48630508,48630679,.,1000,.,312.09692,-1.0,4.87269,89,48630597
chr15,55290542,55290718,.,1000,.,312.07824,-1.0,4.87269,88,55290630
chr3,113288171,113288335,.,1000,.,312.07098,-1.0,4.87269,83,113288254
chr7,100132736,100132892,.,1000,.,312.03455,-1.0,4.87269,70,100132806
chr17,28903039,28903262,.,1000,.,312.01279,-1.0,4.87269,95,28903134
chr22,29395069,29395230,.,1000,.,312.0119,-1.0,4.87269,83,29395152
chr3,45929144,45929319,.,1000,.,311.99541,-1.0,4.87269,92,45929236
chr9,123349959,123350125,.,1000,.,311.98958,-1.0,4.87269,80,123350039
chr1,30779688,30779860,.,1000,.,311.97307,-1.0,4.87269,81,30779769
chr10,77711510,77711707,.,1000,.,311.9633,-1.0,4.87269,98,77711608
chr14,99628937,99629114,.,1000,.,311.95591,-1.0,4.87269,86,99629023
chr2,25342468,25342674,.,1000,.,311.89213,-1.0,4.87269,107,25342575
chr14,106830632,106830904,.,1000,.,311.86473,-1.0,4.87269,121,106830753
chr16,57417123,57417306,.,1000,.,311.85189,-1.0,4.87269,89,57417212
chr17,32483590,32483734,.,1000,.,311.84167,-1.0,4.87269,67,32483657
chrX,152958975,152959149,.,1000,.,311.83985,-1.0,4.87269,100,152959075
chr15,65916691,65916876,.,1000,.,311.83556,-1.0,4.87269,92,65916783
chr3,64030760,64030920,.,1000,.,311.82214,-1.0,4.87269,85,64030845
chr17,29124159,29124325,.,1000,.,311.77708,-1.0,4.87269,86,29124245
chr16,28846461,28846638,.,1000,.,311.76874,-1.0,4.87269,87,28846548
chr5,177317977,177318143,.,1000,.,311.74114,-1.0,4.87269,88,177318065
chr1,116485340,116485515,.,1000,.,311.74011,-1.0,4.87269,90,116485430
chr1,160681578,160681764,.,1000,.,311.72256,-1.0,4.87269,93,160681671
chr17,74379518,74379669,.,1000,.,311.7194,-1.0,4.87269,81,74379599
chr11,129117703,129117864,.,1000,.,311.63785,-1.0,4.87269,86,129117789
chr4,128191419,128191568,.,1000,.,311.63482,-1.0,4.87269,67,128191486
chr11,9613267,9613443,.,1000,.,311.55395,-1.0,4.87269,84,9613351
chr7,143008006,143008185,.,1000,.,311.53836,-1.0,4.87269,92,143008098
chr1,110783405,110783565,.,1000,.,311.51187,-1.0,4.87269,88,110783493
chr12,6924369,6924498,.,1000,.,311.50555,-1.0,4.87269,76,6924445
chr19,46856212,46856353,.,1000,.,311.48154,-1.0,4.87269,54,46856266
chr10,47312234,47312396,.,1000,.,311.44042,-1.0,4.87269,76,47312310
chr10,124389325,124389488,.,1000,.,311.39956,-1.0,4.87269,92,124389417
chr1,153572589,153572753,.,1000,.,311.39739,-1.0,4.87269,87,153572676
chr5,7816378,7816546,.,1000,.,311.37026,-1.0,4.87269,74,7816452
chr22,35350845,35350995,.,1000,.,311.3664,-1.0,4.87269,73,35350918
chr1,212477255,212477433,.,1000,.,311.35962,-1.0,4.87269,72,212477327
chr5,177390578,177390779,.,1000,.,311.30411,-1.0,4.87269,101,177390679
chr2,74483252,74483430,.,1000,.,311.29484,-1.0,4.87269,94,74483346
chr5,134904614,134904802,.,1000,.,311.2584,-1.0,4.87269,93,134904707
chr19,12141226,12141389,.,1000,.,311.24388,-1.0,4.87269,102,12141328
chr15,40422039,40422191,.,1000,.,311.19504,-1.0,4.87269,60,40422099
chr17,2416144,2416310,.,1000,.,311.16701,-1.0,4.87269,81,2416225
chr7,1432565,1432735,.,1000,.,311.13849,-1.0,4.87269,81,1432646
chr2,219160147,219160327,.,1000,.,311.10613,-1.0,4.87269,94,219160241
chr4,170259696,170259888,.,1000,.,311.10095,-1.0,4.87269,95,170259791
chr2,178414759,178414903,.,1000,.,311.06618,-1.0,4.87269,97,178414856
chr20,956560,956685,.,1000,.,311.05631,-1.0,4.87269,66,956626
chr14,99995859,99996009,.,1000,.,311.04474,-1.0,4.87269,76,99995935
chr8,79765321,79765489,.,1000,.,311.03818,-1.0,4.87269,83,79765404
chr10,71773502,71773683,.,1000,.,310.99913,-1.0,4.87269,94,71773596
chr5,134039604,134039840,.,1000,.,310.99731,-1.0,4.87269,119,134039723
chr14,75307880,75308057,.,1000,.,310.99332,-1.0,4.87269,87,75307967
chr11,119481442,119481632,.,1000,.,310.97822,-1.0,4.87269,90,119481532
chr2,3303696,3303876,.,1000,.,310.9632,-1.0,4.87269,97,3303793
chr19,42450555,42450710,.,1000,.,310.94039,-1.0,4.87269,78,42450633
chr2,20661597,20661744,.,1000,.,310.92244,-1.0,4.87269,62,20661659
chr18,58764396,58764571,.,1000,.,310.89552,-1.0,4.87269,71,58764467
chr1,16056211,16056366,.,1000,.,310.88352,-1.0,4.87269,62,16056273
chr11,118956672,118956819,.,1000,.,310.77704,-1.0,4.87269,70,118956742
chr11,111879047,111879194,.,1000,.,310.77381,-1.0,4.87269,58,111879105
chr10,128011428,128011592,.,1000,.,310.74529,-1.0,4.87269,87,128011515
chr12,6753691,6753842,.,1000,.,310.73798,-1.0,4.87269,78,6753769
chr10,102393991,102394163,.,1000,.,310.69157,-1.0,4.87269,84,102394075
chr19,6516970,6517149,.,1000,.,310.68566,-1.0,4.87269,82,6517052
chr3,184250368,184250518,.,1000,.,310.68213,-1.0,4.87269,78,184250446
chr2,231052967,231053144,.,1000,.,310.63408,-1.0,4.87269,85,231053052
chr11,62862743,62862908,.,1000,.,310.6303,-1.0,4.87269,77,62862820
chr6,30828595,30828738,.,1000,.,310.61419,-1.0,4.87269,67,30828662
chr3,196196727,196196896,.,1000,.,310.59708,-1.0,4.87269,73,196196800
chr3,51974011,51974186,.,1000,.,310.59197,-1.0,4.87269,97,51974108
chr3,52123222,52123384,.,1000,.,310.5744,-1.0,4.87269,93,52123315
chr19,48971044,48971174,.,1000,.,310.55987,-1.0,4.87269,68,48971112
chr8,22909101,22909257,.,1000,.,310.52187,-1.0,4.87269,70,22909171
chr1,155206948,155207109,.,1000,.,310.51985,-1.0,4.87269,83,155207031
chrX,74015499,74015680,.,1000,.,310.49472,-1.0,4.87269,102,74015601
chr17,74203501,74203673,.,1000,.,310.48582,-1.0,4.87269,70,74203571
chr20,63980894,63981068,.,1000,.,310.48497,-1.0,4.87269,89,63980983
chr11,67317675,67317825,.,1000,.,310.48319,-1.0,4.87269,73,67317748
chr6,32838751,32838903,.,1000,.,310.47894,-1.0,4.87269,98,32838849
chr5,140363296,140363444,.,1000,.,310.45154,-1.0,4.87269,52,140363348
chr10,62594123,62594285,.,1000,.,310.4489,-1.0,4.87269,80,62594203
chr1,205485597,205485766,.,1000,.,310.43973,-1.0,4.87269,88,205485685
chr17,29591759,29591918,.,1000,.,310.43702,-1.0,4.87269,67,29591826
chr22,45994929,45995102,.,1000,.,310.38014,-1.0,4.87269,86,45995015
chr16,11396325,11396483,.,1000,.,310.37643,-1.0,4.87269,74,11396399
chr5,95847115,95847259,.,1000,.,310.35414,-1.0,4.87269,60,95847175
chr2,221573603,221573775,.,1000,.,310.34436,-1.0,4.87269,90,221573693
chr11,15208746,15208892,.,1000,.,310.33818,-1.0,4.87269,66,15208812
chr16,46673495,46673661,.,1000,.,310.30719,-1.0,4.87269,85,46673580
chr1,109532402,109532546,.,1000,.,310.30194,-1.0,4.87269,74,109532476
chr3,194472398,194472540,.,1000,.,310.29718,-1.0,4.87269,85,194472483
chr3,49021968,49022120,.,1000,.,310.24889,-1.0,4.87269,84,49022052
chr16,1929711,1929937,.,1000,.,310.2379,-1.0,4.87269,106,1929817
chr12,52023768,52023944,.,1000,.,310.23733,-1.0,4.87269,98,52023866
chr17,32319547,32319705,.,1000,.,310.23721,-1.0,4.87269,77,32319624
chr9,131591268,131591449,.,1000,.,310.21355,-1.0,4.87269,89,131591357
chr15,90932530,90932691,.,1000,.,310.20529,-1.0,4.87269,73,90932603
chr4,88515739,88515883,.,1000,.,310.20338,-1.0,4.87269,90,88515829
chr15,78108423,78108601,.,1000,.,310.15254,-1.0,4.87269,94,78108517
chr8,116887594,116887771,.,1000,.,310.15105,-1.0,4.87269,88,116887682
chr16,181484,181662,.,1000,.,310.14273,-1.0,4.87269,98,181582
chr2,240513957,240514088,.,1000,.,310.11168,-1.0,4.87269,63,240514020
chr4,82429443,82429627,.,1000,.,310.09644,-1.0,4.87269,92,82429535
chr21,34361925,34362100,.,1000,.,310.0952,-1.0,4.87269,95,34362020
chr5,141879282,141879423,.,1000,.,310.06859,-1.0,4.87269,78,141879360
chr7,22110354,22110536,.,1000,.,310.043,-1.0,4.87269,102,22110456
chr5,151447404,151447579,.,1000,.,310.0098,-1.0,4.87269,83,151447487
chr3,52144396,52144555,.,1000,.,309.96519,-1.0,4.87269,77,52144473
chr1,153511012,153511166,.,1000,.,309.94787,-1.0,4.87269,84,153511096
chr9,133743071,133743256,.,1000,.,309.94562,-1.0,4.87269,79,133743150
chr17,49227526,49227683,.,1000,.,309.9397,-1.0,4.87269,80,49227606
chr1,180178933,180179107,.,1000,.,309.896,-1.0,4.87269,85,180179018
chr17,49315574,49315735,.,1000,.,309.89526,-1.0,4.87269,79,49315653
chr14,75654243,75654395,.,1000,.,309.88651,-1.0,4.87269,82,75654325
chr4,82739410,82739594,.,1000,.,309.87138,-1.0,4.87269,84,82739494
chr10,6920098,6920248,.,1000,.,309.85903,-1.0,4.87269,87,6920185
chr20,36887296,36887459,.,1000,.,309.82888,-1.0,4.87269,83,36887379
chr1,223698294,223698455,.,1000,.,309.78185,-1.0,4.87269,94,223698388
chr5,177111948,177112127,.,1000,.,309.74518,-1.0,4.87269,91,177112039
chr2,29196919,29197081,.,1000,.,309.70786,-1.0,4.87269,81,29197000
chr8,67064216,67064381,.,1000,.,309.68589,-1.0,4.87269,70,67064286
chr7,39580536,39580678,.,1000,.,309.66748,-1.0,4.87269,63,39580599
chr16,22297226,22297391,.,1000,.,309.66526,-1.0,4.87269,70,22297296
chr3,49802659,49802816,.,1000,.,309.63809,-1.0,4.87269,81,49802740
chr16,27457227,27457362,.,1000,.,309.62428,-1.0,4.87269,76,27457303
chr1,54070180,54070345,.,1000,.,309.61545,-1.0,4.87269,81,54070261
chr1,153568621,153568812,.,1000,.,309.59248,-1.0,4.87269,101,153568722
chr1,12619946,12620117,.,1000,.,309.57352,-1.0,4.87269,88,12620034
chr11,66694740,66694923,.,1000,.,309.54375,-1.0,4.87269,125,66694865
chr1,27388517,27388680,.,1000,.,309.53331,-1.0,4.87269,70,27388587
chr7,106153970,106154124,.,1000,.,309.53178,-1.0,4.87269,66,106154036
chr19,6863683,6863842,.,1000,.,309.51728,-1.0,4.87269,73,6863756
chr12,12813188,12813347,.,1000,.,309.50366,-1.0,4.87269,91,12813279
chr4,104860641,104860811,.,1000,.,309.50041,-1.0,4.87269,78,104860719
chr11,122580571,122580760,.,1000,.,309.4762,-1.0,4.87269,95,122580666
chr21,42145592,42145766,.,1000,.,309.47599,-1.0,4.87269,92,42145684
chr1,155989482,155989648,.,1000,.,309.47353,-1.0,4.87269,88,155989570
chr2,112481115,112481272,.,1000,.,309.47047,-1.0,4.87269,84,112481199
chr17,62968554,62968738,.,1000,.,309.46722,-1.0,4.87269,88,62968642
chr2,26961803,26961953,.,1000,.,309.43923,-1.0,4.87269,90,26961893
chr11,119030962,119031123,.,1000,.,309.35614,-1.0,4.87269,75,119031037
chr1,9725091,9725291,.,1000,.,309.34338,-1.0,4.87269,98,9725189
chr19,45479045,45479248,.,1000,.,309.34202,-1.0,4.87269,97,45479142
chr17,27332934,27333098,.,1000,.,309.33318,-1.0,4.87269,85,27333019
chr3,168047289,168047470,.,1000,.,309.30642,-1.0,4.87269,91,168047380
chr7,73725829,73725986,.,1000,.,309.27815,-1.0,4.87269,82,73725911
chr7,140002392,140002545,.,1000,.,309.24427,-1.0,4.87269,82,140002474
chr9,136400216,136400374,.,1000,.,309.23058,-1.0,4.87269,89,136400305
chr2,127591546,127591738,.,1000,.,309.22465,-1.0,4.87269,94,127591640
chr2,96174648,96174795,.,1000,.,309.21719,-1.0,4.87269,64,96174712
chr13,75219833,75220013,.,1000,.,309.19349,-1.0,4.87269,85,75219918
chr10,8053378,8053560,.,1000,.,309.18941,-1.0,4.87269,89,8053467
chr11,117947014,117947154,.,1000,.,309.15618,-1.0,4.87269,74,117947088
chr7,98106649,98106829,.,1000,.,309.14188,-1.0,4.87269,94,98106743
chr12,6891207,6891398,.,1000,.,309.13411,-1.0,4.87269,93,6891300
chr6,41592088,41592254,.,1000,.,309.10153,-1.0,4.87269,80,41592168
chr2,65040757,65040915,.,1000,.,309.07209,-1.0,4.87269,94,65040851
chr12,49064007,49064178,.,1000,.,309.06687,-1.0,4.87269,93,49064100
chr7,101283101,101283235,.,1000,.,309.05167,-1.0,4.87269,64,101283165
chr17,47890024,47890184,.,1000,.,309.02704,-1.0,4.87269,85,47890109
chr16,88737477,88737618,.,1000,.,309.02528,-1.0,4.87269,49,88737526
chr14,74251634,74251814,.,1000,.,309.0107,-1.0,4.87269,78,74251712
chr21,44949867,44950014,.,1000,.,309.00708,-1.0,4.87269,72,44949939
chr4,145557764,145557928,.,1000,.,308.98357,-1.0,4.87269,77,145557841
chr5,138450046,138450198,.,1000,.,308.97955,-1.0,4.87269,83,138450129
chr14,69727054,69727208,.,1000,.,308.97424,-1.0,4.87269,77,69727131
chr17,78112725,78112883,.,1000,.,308.96604,-1.0,4.87269,80,78112805
chr11,8192682,8192822,.,1000,.,308.94668,-1.0,4.87269,64,8192746
chr6,30541563,30541714,.,1000,.,308.86691,-1.0,4.87269,67,30541630
chr4,6720330,6720529,.,1000,.,308.85637,-1.0,4.87269,104,6720434
chr15,68875945,68876113,.,1000,.,308.853,-1.0,4.87269,73,68876018
chr6,37210570,37210698,.,1000,.,308.81253,-1.0,4.87269,56,37210626
chr15,40519813,40519973,.,1000,.,308.80341,-1.0,4.87269,103,40519916
chr15,40894175,40894347,.,1000,.,308.78558,-1.0,4.87269,94,40894269
chr1,201408298,201408477,.,1000,.,308.77247,-1.0,4.87269,97,201408395
chr5,118988482,118988653,.,1000,.,308.76257,-1.0,4.87269,83,118988565
chr22,20917136,20917297,.,1000,.,308.76177,-1.0,4.87269,93,20917229
chr1,111222933,111223129,.,1000,.,308.74902,-1.0,4.87269,104,111223037
chr6,137076639,137076776,.,1000,.,308.73225,-1.0,4.87269,73,137076712
chr10,132223192,132223359,.,1000,.,308.71134,-1.0,4.87269,78,132223270
chr6,11496311,11496499,.,1000,.,308.6886,-1.0,4.87269,89,11496400
chr3,136075351,136075496,.,1000,.,308.67102,-1.0,4.87269,57,136075408
chr1,222465448,222465570,.,1000,.,308.66448,-1.0,4.87269,44,222465492
chr3,45037806,45037945,.,1000,.,308.65275,-1.0,4.87269,76,45037882
chr17,49032240,49032421,.,1000,.,308.63004,-1.0,4.87269,95,49032335
chr3,137032548,137032693,.,1000,.,308.62729,-1.0,4.87269,66,137032614
chr17,74210494,74210658,.,1000,.,308.59553,-1.0,4.87269,91,74210585
chr22,28829508,28829622,.,1000,.,308.5767,-1.0,4.87269,57,28829565
chr5,90265378,90265540,.,1000,.,308.56454,-1.0,4.87269,79,90265457
chr3,69306464,69306600,.,1000,.,308.53519,-1.0,4.87269,84,69306548
chr1,89804765,89804916,.,1000,.,308.53223,-1.0,4.87269,75,89804840
chr1,154669788,154669943,.,1000,.,308.50501,-1.0,4.87269,67,154669855
chr12,6938099,6938272,.,1000,.,308.49443,-1.0,4.87269,95,6938194
chr5,168219874,168220061,.,1000,.,308.4804,-1.0,4.87269,92,168219966
chr6,37484265,37484448,.,1000,.,308.47801,-1.0,4.87269,97,37484362
chr8,113437788,113437957,.,1000,.,308.47496,-1.0,4.87269,91,113437879
chr22,49931017,49931120,.,1000,.,308.41556,-1.0,4.87269,75,49931092
chr20,38926054,38926209,.,1000,.,308.41102,-1.0,4.87269,82,38926136
chr9,19926103,19926259,.,1000,.,308.40494,-1.0,4.87269,70,19926173
chr6,32118915,32119080,.,1000,.,308.35969,-1.0,4.87269,73,32118988
chr5,103139390,103139544,.,1000,.,308.35555,-1.0,4.87269,76,103139466
chr3,51669380,51669548,.,1000,.,308.32715,-1.0,4.87269,75,51669455
chr6,29650140,29650318,.,1000,.,308.32371,-1.0,4.87269,93,29650233
chr2,120313260,120313464,.,1000,.,308.30494,-1.0,4.87269,92,120313352
chr19,48391538,48391714,.,1000,.,308.29947,-1.0,4.87269,101,48391639
chr13,26698785,26698957,.,1000,.,308.21381,-1.0,4.87269,86,26698871
chr4,38675630,38675766,.,1000,.,308.20189,-1.0,4.87269,89,38675719
chr6,34154852,34154990,.,1000,.,308.17277,-1.0,4.87269,75,34154927
chr18,58529879,58530001,.,1000,.,308.17252,-1.0,4.87269,55,58529934
chr8,140636132,140636315,.,1000,.,308.10651,-1.0,4.87269,86,140636218
chr1,206490174,206490357,.,1000,.,308.1021,-1.0,4.87269,88,206490262
chr16,71961527,71961707,.,1000,.,308.0954,-1.0,4.87269,91,71961618
chr10,84205692,84205875,.,1000,.,308.05134,-1.0,4.87269,93,84205785
chr12,56464398,56464563,.,1000,.,308.04864,-1.0,4.87269,96,56464494
chr15,41465902,41466071,.,1000,.,308.04277,-1.0,4.87269,88,41465990
chr1,54810576,54810735,.,1000,.,308.0198,-1.0,4.87269,74,54810650
chr14,68911686,68911885,.,1000,.,308.00162,-1.0,4.87269,96,68911782
chr19,35495440,35495613,.,1000,.,307.98882,-1.0,4.87269,97,35495537
chr1,182784687,182784845,.,1000,.,307.92047,-1.0,4.87269,79,182784766
chr19,41570732,41570894,.,1000,.,307.91598,-1.0,4.87269,83,41570815
chr17,40358579,40358741,.,1000,.,307.90679,-1.0,4.87269,80,40358659
chr16,10256911,10257076,.,1000,.,307.90242,-1.0,4.87269,77,10256988
chr14,92106718,92106887,.,1000,.,307.85837,-1.0,4.87269,91,92106809
chr5,38441834,38441972,.,1000,.,307.84448,-1.0,4.87269,71,38441905
chr9,92765411,92765591,.,1000,.,307.8042,-1.0,4.87269,87,92765498
chr3,134308467,134308649,.,1000,.,307.77501,-1.0,4.87269,97,134308564
chr12,14454199,14454394,.,1000,.,307.76584,-1.0,4.87269,103,14454302
chr11,6683465,6683640,.,1000,.,307.71788,-1.0,4.87269,83,6683548
chr1,226634219,226634351,.,1000,.,307.69471,-1.0,4.87269,80,226634299
chr10,6202684,6202876,.,1000,.,307.68839,-1.0,4.87269,101,6202785
chr1,6245150,6245298,.,1000,.,307.67607,-1.0,4.87269,85,6245235
chr8,23472437,23472601,.,1000,.,307.67327,-1.0,4.87269,86,23472523
chr14,72905054,72905218,.,1000,.,307.66584,-1.0,4.87269,82,72905136
chr20,49979096,49979253,.,1000,.,307.64568,-1.0,4.87269,70,49979166
chr22,23281898,23282072,.,1000,.,307.64242,-1.0,4.87269,86,23281984
chr6,52263854,52264005,.,1000,.,307.62906,-1.0,4.87269,62,52263916
chr16,4956253,4956408,.,1000,.,307.60889,-1.0,4.87269,78,4956331
chr11,61187643,61187795,.,1000,.,307.58429,-1.0,4.87269,77,61187720
chrX,52261585,52261750,.,1000,.,307.57501,-1.0,4.87269,68,52261653
chr5,141960836,141960967,.,1000,.,307.53612,-1.0,4.87269,77,141960913
chr8,70534579,70534705,.,1000,.,307.5125,-1.0,4.87269,61,70534640
chr13,51070151,51070297,.,1000,.,307.5083,-1.0,4.87269,83,51070234
chr20,5528999,5529131,.,1000,.,307.50689,-1.0,4.87269,79,5529078
chr16,48623307,48623473,.,1000,.,307.50518,-1.0,4.87269,88,48623395
chr6,33161543,33161704,.,1000,.,307.50164,-1.0,4.87269,85,33161628
chr19,15556474,15556640,.,1000,.,307.49381,-1.0,4.87269,82,15556556
chr19,10404171,10404374,.,1000,.,307.46515,-1.0,4.87269,112,10404283
chr16,57462514,57462661,.,1000,.,307.46009,-1.0,4.87269,105,57462619
chr17,74354140,74354319,.,1000,.,307.39895,-1.0,4.87269,82,74354222
chr1,34786569,34786713,.,1000,.,307.38296,-1.0,4.87269,72,34786641
chr9,35096173,35096345,.,1000,.,307.3769,-1.0,4.87269,84,35096257
chr18,62586272,62586443,.,1000,.,307.36564,-1.0,4.87269,97,62586369
chr8,23246798,23246969,.,1000,.,307.3563,-1.0,4.87269,92,23246890
chr3,155806203,155806387,.,1000,.,307.35573,-1.0,4.87269,96,155806299
chr20,62616933,62617118,.,1000,.,307.35428,-1.0,4.87269,95,62617028
chr7,66557646,66557817,.,1000,.,307.30705,-1.0,4.87269,89,66557735
chr15,68674098,68674256,.,1000,.,307.26409,-1.0,4.87269,82,68674180
chr11,73185306,73185473,.,1000,.,307.23151,-1.0,4.87269,78,73185384
chr10,101602862,101603061,.,1000,.,307.22281,-1.0,4.87269,91,101602953
chr1,157090242,157090401,.,1000,.,307.21937,-1.0,4.87269,73,157090315
chr8,9831079,9831226,.,1000,.,307.2193,-1.0,4.87269,48,9831127
chr10,26557191,26557345,.,1000,.,307.19448,-1.0,4.87269,79,26557270
chr17,45640478,45640631,.,1000,.,307.15249,-1.0,4.87269,77,45640555
chr9,69035641,69035786,.,1000,.,307.12436,-1.0,4.87269,72,69035713
chr22,22956009,22956179,.,1000,.,307.1177,-1.0,4.87269,86,22956095
chr17,75114156,75114318,.,1000,.,307.11336,-1.0,4.87269,78,75114234
chr17,2054972,2055109,.,1000,.,307.08951,-1.0,4.87269,45,2055017
chr19,18410694,18410841,.,1000,.,307.07339,-1.0,4.87269,97,18410791
chr1,59759569,59759716,.,1000,.,307.05127,-1.0,4.87269,67,59759636
chr20,56550732,56550870,.,1000,.,307.0419,-1.0,4.87269,57,56550789
chr10,101012924,101013140,.,1000,.,307.0342,-1.0,4.87269,103,101013027
chr2,62457039,62457205,.,1000,.,307.024,-1.0,4.87269,80,62457119
chr20,62791559,62791751,.,1000,.,306.9957,-1.0,4.87269,107,62791666
chr3,71875488,71875656,.,1000,.,306.93767,-1.0,4.87269,90,71875578
chr10,32256755,32256912,.,1000,.,306.92591,-1.0,4.87269,81,32256836
chr6,34196331,34196505,.,1000,.,306.90993,-1.0,4.87269,80,34196411
chr1,179002800,179002947,.,1000,.,306.79421,-1.0,4.87269,83,179002883
chr9,129143057,129143214,.,1000,.,306.76641,-1.0,4.87269,73,129143130
chr22,37316925,37317080,.,1000,.,306.76296,-1.0,4.87269,94,37317019
chr11,109946320,109946459,.,1000,.,306.72003,-1.0,4.87269,53,109946373
chr17,74457656,74457820,.,1000,.,306.68388,-1.0,4.87269,82,74457738
chr11,57568263,57568407,.,1000,.,306.6681,-1.0,4.87269,80,57568343
chr14,77068346,77068516,.,1000,.,306.62884,-1.0,4.87269,82,77068428
chr19,43447128,43447269,.,1000,.,306.59962,-1.0,4.87269,76,43447204
chr10,92574452,92574607,.,1000,.,306.58321,-1.0,4.87269,73,92574525
chr8,30812843,30813029,.,1000,.,306.57069,-1.0,4.87269,94,30812937
chr10,69392644,69392791,.,1000,.,306.56883,-1.0,4.87269,59,69392703
chr17,76398118,76398272,.,1000,.,306.55977,-1.0,4.87269,68,76398186
chr8,28061148,28061324,.,1000,.,306.55642,-1.0,4.87269,96,28061244
chr5,134758648,134758805,.,1000,.,306.5482,-1.0,4.87269,64,134758712
chr20,44311224,44311365,.,1000,.,306.548,-1.0,4.87269,87,44311311
chr9,93566456,93566632,.,1000,.,306.49664,-1.0,4.87269,81,93566537
chr9,92634829,92634988,.,1000,.,306.43738,-1.0,4.87269,63,92634892
chr14,89040441,89040599,.,1000,.,306.42291,-1.0,4.87269,80,89040521
chr3,12135156,12135301,.,1000,.,306.39594,-1.0,4.87269,67,12135223
chr20,53939997,53940171,.,1000,.,306.38255,-1.0,4.87269,86,53940083
chr11,119673870,119674034,.,1000,.,306.36781,-1.0,4.87269,79,119673949
chr9,121213323,121213492,.,1000,.,306.36075,-1.0,4.87269,77,121213400
chr3,23999037,23999212,.,1000,.,306.35345,-1.0,4.87269,86,23999123
chr19,17282763,17282930,.,1000,.,306.32759,-1.0,4.87269,86,17282849
chr1,201385379,201385570,.,1000,.,306.32519,-1.0,4.87269,103,201385482
chr3,50192699,50192876,.,1000,.,306.2588,-1.0,4.87269,74,50192773
chr9,116737153,116737311,.,1000,.,306.22035,-1.0,4.87269,80,116737233
chr16,81403608,81403787,.,1000,.,306.20183,-1.0,4.87269,103,81403711
chr19,10717417,10717557,.,1000,.,306.149,-1.0,4.87269,80,10717497
chr17,6666111,6666257,.,1000,.,306.12717,-1.0,4.87269,72,6666183
chr6,161370938,161371081,.,1000,.,306.11812,-1.0,4.87269,62,161371000
chr10,77173978,77174145,.,1000,.,306.0908,-1.0,4.87269,84,77174062
chr9,113658083,113658245,.,1000,.,306.07181,-1.0,4.87269,71,113658154
chr14,67360058,67360234,.,1000,.,306.06411,-1.0,4.87269,67,67360125
chr15,64731389,64731537,.,1000,.,306.01636,-1.0,4.87269,77,64731466
chr1,201793140,201793307,.,1000,.,306.01483,-1.0,4.87269,73,201793213
chr11,32176324,32176468,.,1000,.,305.98508,-1.0,4.87269,65,32176389
chr16,19907553,19907716,.,1000,.,305.95697,-1.0,4.87269,66,19907619
chr17,42824289,42824451,.,1000,.,305.9554,-1.0,4.87269,79,42824368
chr10,102583922,102584073,.,1000,.,305.92682,-1.0,4.87269,70,102583992
chr1,9615693,9615853,.,1000,.,305.92234,-1.0,4.87269,76,9615769
chr12,62799234,62799405,.,1000,.,305.90989,-1.0,4.87269,90,62799324
chr12,52069551,52069713,.,1000,.,305.84417,-1.0,4.87269,85,52069636
chr16,10954023,10954188,.,1000,.,305.8378,-1.0,4.87269,90,10954113
chr3,53134805,53134961,.,1000,.,305.79771,-1.0,4.87269,78,53134883
chr2,177263547,177263709,.,1000,.,305.79735,-1.0,4.87269,96,177263643
chr14,67571380,67571539,.,1000,.,305.79114,-1.0,4.87269,88,67571468
chr16,69311208,69311376,.,1000,.,305.7884,-1.0,4.87269,86,69311294
chr3,12720155,12720319,.,1000,.,305.76492,-1.0,4.87269,84,12720239
chr17,49567984,49568117,.,1000,.,305.70941,-1.0,4.87269,51,49568035
chr6,96897859,96898035,.,1000,.,305.69956,-1.0,4.87269,73,96897932
chr12,49130308,49130433,.,1000,.,305.69299,-1.0,4.87269,82,49130390
chr1,155193581,155193739,.,1000,.,305.67049,-1.0,4.87269,72,155193653
chr16,67155466,67155620,.,1000,.,305.66527,-1.0,4.87269,63,67155529
chr6,159042673,159042833,.,1000,.,305.66297,-1.0,4.87269,86,159042759
chr17,31901741,31901922,.,1000,.,305.60676,-1.0,4.87269,95,31901836
chr5,139341674,139341849,.,1000,.,305.59268,-1.0,4.87269,105,139341779
chr12,49967076,49967240,.,1000,.,305.57288,-1.0,4.87269,79,49967155
chr12,53213388,53213558,.,1000,.,305.57108,-1.0,4.87269,86,53213474
chr19,17346270,17346441,.,1000,.,305.56555,-1.0,4.87269,95,17346365
chr3,128680766,128680972,.,1000,.,305.54578,-1.0,4.87269,114,128680880
chr12,57782618,57782769,.,1000,.,305.51061,-1.0,4.87269,69,57782687
chr6,146857550,146857713,.,1000,.,305.4797,-1.0,4.87269,79,146857629
chr14,103546875,103547030,.,1000,.,305.47855,-1.0,4.87269,75,103546950
chr19,39970852,39971002,.,1000,.,305.46781,-1.0,4.87269,76,39970928
chr14,61837726,61837870,.,1000,.,305.45252,-1.0,4.87269,67,61837793
chr12,53421693,53421839,.,1000,.,305.44186,-1.0,4.87269,66,53421759
chr13,99387526,99387708,.,1000,.,305.41222,-1.0,4.87269,93,99387619
chr1,17125847,17126007,.,1000,.,305.39183,-1.0,4.87269,91,17125938
chr1,46348199,46348367,.,1000,.,305.38148,-1.0,4.87269,81,46348280
chr10,96719890,96720060,.,1000,.,305.37923,-1.0,4.87269,91,96719981
chr22,37607151,37607301,.,1000,.,305.3659,-1.0,4.87269,79,37607230
chr1,152458505,152458672,.,1000,.,305.35969,-1.0,4.87269,88,152458593
chr6,18504099,18504251,.,1000,.,305.34507,-1.0,4.87269,71,18504170
chr1,212455975,212456137,.,1000,.,305.3334,-1.0,4.87269,85,212456060
chr17,49408061,49408264,.,1000,.,305.30657,-1.0,4.87269,105,49408166
chr11,57527265,57527403,.,1000,.,305.29071,-1.0,4.87269,72,57527337
chr14,105086853,105087023,.,1000,.,305.2678,-1.0,4.87269,91,105086944
chr9,893906,894025,.,1000,.,305.26298,-1.0,4.87269,45,893951
chr10,95374732,95374873,.,1000,.,305.24381,-1.0,4.87269,73,95374805
chr17,40111754,40111917,.,1000,.,305.23469,-1.0,4.87269,84,40111838
chr18,51110442,51110576,.,1000,.,305.22719,-1.0,4.87269,65,51110507
chr12,5988686,5988849,.,1000,.,305.21789,-1.0,4.87269,69,5988755
chr1,46528136,46528300,.,1000,.,305.20919,-1.0,4.87269,69,46528205
chr20,54199739,54199917,.,1000,.,305.19161,-1.0,4.87269,90,54199829
chr17,41648006,41648156,.,1000,.,305.18718,-1.0,4.87269,62,41648068
chr3,8769443,8769635,.,1000,.,305.18269,-1.0,4.87269,91,8769534
chr1,193121857,193122026,.,1000,.,305.18161,-1.0,4.87269,83,193121940
chr1,155062752,155062915,.,1000,.,305.16217,-1.0,4.87269,81,155062833
chr12,4857805,4857963,.,1000,.,305.15305,-1.0,4.87269,90,4857895
chr5,95843213,95843362,.,1000,.,305.12812,-1.0,4.87269,80,95843293
chr11,118198388,118198537,.,1000,.,305.12456,-1.0,4.87269,76,118198464
chr3,32467923,32468085,.,1000,.,305.0976,-1.0,4.87269,84,32468007
chr15,77496926,77497070,.,1000,.,305.07834,-1.0,4.87269,71,77496997
chr12,115917302,115917449,.,1000,.,305.07224,-1.0,4.87269,64,115917366
chr11,61747770,61747944,.,1000,.,305.0131,-1.0,4.87269,86,61747856
chr6,75209035,75209203,.,1000,.,304.93981,-1.0,4.87269,93,75209128
chr1,24688642,24688819,.,1000,.,304.91177,-1.0,4.87269,83,24688725
chr2,85679272,85679448,.,1000,.,304.91146,-1.0,4.87269,102,85679374
chr19,14431977,14432190,.,1000,.,304.84787,-1.0,4.87269,99,14432076
chr15,79184494,79184649,.,1000,.,304.8473,-1.0,4.87269,74,79184568
chr19,35468797,35468980,.,1000,.,304.82197,-1.0,4.87269,105,35468902
chr7,30740562,30740720,.,1000,.,304.76097,-1.0,4.87269,76,30740638
chr16,29863520,29863719,.,1000,.,304.74969,-1.0,4.87269,84,29863604
chr1,205256261,205256419,.,1000,.,304.72422,-1.0,4.87269,77,205256338
chr12,62794085,62794244,.,1000,.,304.7215,-1.0,4.87269,74,62794159
chr10,102073003,102073181,.,1000,.,304.7048,-1.0,4.87269,81,102073084
chr15,89206919,89207095,.,1000,.,304.64766,-1.0,4.87269,96,89207015
chr11,108222940,108223084,.,1000,.,304.59738,-1.0,4.87269,79,108223019
chr12,131104771,131104948,.,1000,.,304.58678,-1.0,4.87269,71,131104842
chr20,62900338,62900494,.,1000,.,304.58659,-1.0,4.87269,91,62900429
chr17,29639620,29639789,.,1000,.,304.5607,-1.0,4.87269,83,29639703
chr9,109469751,109469906,.,1000,.,304.54842,-1.0,4.87269,77,109469828
chr22,19144789,19144934,.,1000,.,304.54694,-1.0,4.87269,64,19144853
chr16,4402781,4402934,.,1000,.,304.54511,-1.0,4.87269,72,4402853
chr1,6246817,6246969,.,1000,.,304.52557,-1.0,4.87269,85,6246902
chr20,50186335,50186490,.,1000,.,304.52343,-1.0,4.87269,87,50186422
chr17,7356091,7356264,.,1000,.,304.48195,-1.0,4.87269,106,7356197
chr4,39976531,39976710,.,1000,.,304.47851,-1.0,4.87269,79,39976610
chr8,95024796,95024960,.,1000,.,304.46203,-1.0,4.87269,81,95024877
chr5,149990890,149991048,.,1000,.,304.43038,-1.0,4.87269,73,149990963
chr1,27044616,27044803,.,1000,.,304.42899,-1.0,4.87269,92,27044708
chr16,22001089,22001234,.,1000,.,304.42841,-1.0,4.87269,71,22001160
chr2,119702927,119703106,.,1000,.,304.39906,-1.0,4.87269,93,119703020
chr1,220776802,220776986,.,1000,.,304.37244,-1.0,4.87269,93,220776895
chr1,44036694,44036836,.,1000,.,304.36209,-1.0,4.87269,63,44036757
chr15,73700345,73700499,.,1000,.,304.3368,-1.0,4.87269,92,73700437
chr7,149126284,149126476,.,1000,.,304.33588,-1.0,4.87269,96,149126380
chr2,105369887,105370063,.,1000,.,304.32011,-1.0,4.87269,85,105369972
chr11,121656068,121656227,.,1000,.,304.31603,-1.0,4.87269,96,121656164
chr11,62424808,62424974,.,1000,.,304.31163,-1.0,4.87269,93,62424901
chr7,130072273,130072418,.,1000,.,304.28516,-1.0,4.87269,53,130072326
chr11,69685968,69686117,.,1000,.,304.28295,-1.0,4.87269,70,69686038
chr17,7022068,7022217,.,1000,.,304.25307,-1.0,4.87269,85,7022153
chr1,47436541,47436706,.,1000,.,304.20449,-1.0,4.87269,88,47436629
chr8,27597255,27597410,.,1000,.,304.19478,-1.0,4.87269,71,27597326
chr17,48678504,48678672,.,1000,.,304.19056,-1.0,4.87269,88,48678592
chr9,34379431,34379619,.,1000,.,304.17773,-1.0,4.87269,93,34379524
chr10,72364382,72364547,.,1000,.,304.15074,-1.0,4.87269,77,72364459
chr5,154467775,154467926,.,1000,.,304.14872,-1.0,4.87269,77,154467852
chr14,91323691,91323832,.,1000,.,304.13482,-1.0,4.87269,81,91323772
chr19,5048356,5048538,.,1000,.,304.13074,-1.0,4.87269,96,5048452
chr20,48657808,48657998,.,1000,.,304.12124,-1.0,4.87269,91,48657899
chr13,30115084,30115227,.,1000,.,304.11906,-1.0,4.87269,86,30115170
chr1,227762507,227762672,.,1000,.,304.11818,-1.0,4.87269,97,227762604
chr1,15128636,15128784,.,1000,.,304.04016,-1.0,4.87269,64,15128700
chr19,49097918,49098082,.,1000,.,304.03975,-1.0,4.87269,69,49097987
chr16,68040665,68040825,.,1000,.,304.02688,-1.0,4.87269,78,68040743
chr3,51719224,51719412,.,1000,.,304.0251,-1.0,4.87269,88,51719312
chr20,33096058,33096241,.,1000,.,303.99691,-1.0,4.87269,80,33096138
chr17,27245365,27245516,.,1000,.,303.94636,-1.0,4.87269,69,27245434
chr22,17058297,17058452,.,1000,.,303.88729,-1.0,4.87269,85,17058382
chr13,32586303,32586458,.,1000,.,303.87588,-1.0,4.87269,65,32586368
chr20,23606658,23606827,.,1000,.,303.86942,-1.0,4.87269,96,23606754
chr7,101077668,101077853,.,1000,.,303.86785,-1.0,4.87269,102,101077770
chr1,100459629,100459785,.,1000,.,303.86244,-1.0,4.87269,80,100459709
chr17,82205956,82206127,.,1000,.,303.84707,-1.0,4.87269,77,82206033
chr3,112643010,112643153,.,1000,.,303.8346,-1.0,4.87269,73,112643083
chr3,73502792,73502952,.,1000,.,303.82799,-1.0,4.87269,82,73502874
chr14,24108913,24109066,.,1000,.,303.77606,-1.0,4.87269,78,24108991
chr11,20128346,20128526,.,1000,.,303.73963,-1.0,4.87269,94,20128440
chr1,34866430,34866634,.,1000,.,303.73905,-1.0,4.87269,95,34866525
chr19,46991247,46991426,.,1000,.,303.7132,-1.0,4.87269,91,46991338
chr8,27592320,27592487,.,1000,.,303.70743,-1.0,4.87269,81,27592401
chr17,48457365,48457508,.,1000,.,303.70111,-1.0,4.87269,74,48457439
chr19,1244483,1244662,.,1000,.,303.69,-1.0,4.87269,77,1244560
chr7,131689229,131689388,.,1000,.,303.62881,-1.0,4.87269,80,131689309
chr20,33668002,33668174,.,1000,.,303.62651,-1.0,4.87269,93,33668095
chr12,547031,547192,.,1000,.,303.61984,-1.0,4.87269,89,547120
chr3,13496385,13496547,.,1000,.,303.58437,-1.0,4.87269,72,13496457
chr9,131740055,131740285,.,1000,.,303.56115,-1.0,4.87269,127,131740182
chr14,20305943,20306088,.,1000,.,303.50935,-1.0,4.87269,77,20306020
chr2,25376827,25376985,.,1000,.,303.4862,-1.0,4.87269,78,25376905
chr3,49839341,49839475,.,1000,.,303.46924,-1.0,4.87269,54,49839395
chr15,90886090,90886280,.,1000,.,303.46551,-1.0,4.87269,97,90886187
chr6,30730941,30731111,.,1000,.,303.46016,-1.0,4.87269,87,30731028
chr7,100469334,100469502,.,1000,.,303.43649,-1.0,4.87269,82,100469416
chr17,8300756,8300912,.,1000,.,303.41375,-1.0,4.87269,69,8300825
chr5,73519789,73519956,.,1000,.,303.38943,-1.0,4.87269,71,73519860
chr16,89216557,89216739,.,1000,.,303.36445,-1.0,4.87269,91,89216648
chr7,101192591,101192761,.,1000,.,303.34415,-1.0,4.87269,92,101192683
chr4,153433176,153433311,.,1000,.,303.32013,-1.0,4.87269,74,153433250
chr10,70364615,70364767,.,1000,.,303.27839,-1.0,4.87269,82,70364697
chr2,75609205,75609339,.,1000,.,303.24766,-1.0,4.87269,74,75609279
chr19,41951742,41951915,.,1000,.,303.22709,-1.0,4.87269,92,41951834
chr19,41204363,41204537,.,1000,.,303.20552,-1.0,4.87269,96,41204459
chr3,172711185,172711316,.,1000,.,303.17678,-1.0,4.87269,54,172711239
chr5,173144366,173144519,.,1000,.,303.17126,-1.0,4.87269,96,173144462
chr9,129174108,129174266,.,1000,.,303.15855,-1.0,4.87269,78,129174186
chr4,140523890,140524060,.,1000,.,303.15381,-1.0,4.87269,66,140523956
chr9,126398578,126398748,.,1000,.,303.14749,-1.0,4.87269,85,126398663
chr6,142146972,142147111,.,1000,.,303.09615,-1.0,4.87269,72,142147044
chr1,175319725,175319896,.,1000,.,303.02799,-1.0,4.87269,97,175319822
chr6,14144729,14144889,.,1000,.,302.97923,-1.0,4.87269,74,14144803
chr8,142471996,142472164,.,1000,.,302.95066,-1.0,4.87269,89,142472085
chr7,35985266,35985435,.,1000,.,302.91395,-1.0,4.87269,81,35985347
chr17,60436046,60436173,.,1000,.,302.88739,-1.0,4.87269,52,60436098
chr10,28663955,28664105,.,1000,.,302.88645,-1.0,4.87269,74,28664029
chr9,94213618,94213749,.,1000,.,302.86565,-1.0,4.87269,65,94213683
chr1,165392997,165393159,.,1000,.,302.83921,-1.0,4.87269,74,165393071
chr2,231612653,231612803,.,1000,.,302.81513,-1.0,4.87269,66,231612719
chr1,28877314,28877469,.,1000,.,302.80314,-1.0,4.87269,52,28877366
chr3,172666933,172667090,.,1000,.,302.78929,-1.0,4.87269,80,172667013
chr1,23637521,23637693,.,1000,.,302.77326,-1.0,4.87269,86,23637607
chr9,133103262,133103419,.,1000,.,302.76235,-1.0,4.87269,92,133103354
chr22,46542413,46542557,.,1000,.,302.7369,-1.0,4.87269,74,46542487
chr11,69101502,69101662,.,1000,.,302.73504,-1.0,4.87269,73,69101575
chr2,37396002,37396153,.,1000,.,302.73123,-1.0,4.87269,73,37396075
chr13,36346764,36346926,.,1000,.,302.69234,-1.0,4.87269,80,36346844
chr17,68205349,68205509,.,1000,.,302.6832,-1.0,4.87269,72,68205421
chr4,52545558,52545723,.,1000,.,302.67515,-1.0,4.87269,81,52545639
chr4,6134682,6134845,.,1000,.,302.67307,-1.0,4.87269,79,6134761
chr22,19953751,19953908,.,1000,.,302.65962,-1.0,4.87269,82,19953833
chr7,76516013,76516187,.,1000,.,302.6549,-1.0,4.87269,96,76516109
chr16,66483838,66483982,.,1000,.,302.65386,-1.0,4.87269,65,66483903
chr16,30409550,30409737,.,1000,.,302.64345,-1.0,4.87269,97,30409647
chr15,92714912,92715065,.,1000,.,302.63941,-1.0,4.87269,83,92714995
chr3,119600837,119600997,.,1000,.,302.6393,-1.0,4.87269,88,119600925
chr20,50169455,50169633,.,1000,.,302.62515,-1.0,4.87269,85,50169540
chr15,101008510,101008668,.,1000,.,302.6159,-1.0,4.87269,68,101008578
chr7,149239472,149239641,.,1000,.,302.60188,-1.0,4.87269,97,149239569
chr7,5704593,5704727,.,1000,.,302.56432,-1.0,4.87269,63,5704656
chr16,46854045,46854182,.,1000,.,302.55649,-1.0,4.87269,76,46854121
chr20,44733458,44733639,.,1000,.,302.52344,-1.0,4.87269,96,44733554
chr11,117106073,117106222,.,1000,.,302.51423,-1.0,4.87269,86,117106159
chr22,37077899,37078049,.,1000,.,302.44274,-1.0,4.87269,78,37077977
chr19,5031725,5031869,.,1000,.,302.42927,-1.0,4.87269,53,5031778
chr19,13061461,13061624,.,1000,.,302.36304,-1.0,4.87269,83,13061544
chr1,109546365,109546535,.,1000,.,302.36146,-1.0,4.87269,90,109546455
chr12,6285100,6285264,.,1000,.,302.35892,-1.0,4.87269,88,6285188
chr3,53072778,53072920,.,1000,.,302.35347,-1.0,4.87269,77,53072855
chr3,126982550,126982733,.,1000,.,302.34143,-1.0,4.87269,105,126982655
chr11,117426300,117426480,.,1000,.,302.32643,-1.0,4.87269,98,117426398
chr6,127121506,127121655,.,1000,.,302.31988,-1.0,4.87269,66,127121572
chr17,40355116,40355270,.,1000,.,302.3152,-1.0,4.87269,82,40355198
chr7,30974930,30975088,.,1000,.,302.30797,-1.0,4.87269,64,30974994
chr11,7665843,7666004,.,1000,.,302.30653,-1.0,4.87269,81,7665924
chr1,205657646,205657806,.,1000,.,302.28741,-1.0,4.87269,85,205657731
chr11,111429169,111429323,.,1000,.,302.27236,-1.0,4.87269,79,111429248
chr19,11293860,11294035,.,1000,.,302.23382,-1.0,4.87269,85,11293945
chr11,65468985,65469125,.,1000,.,302.2207,-1.0,4.87269,55,65469040
chr9,114339170,114339331,.,1000,.,302.21409,-1.0,4.87269,99,114339269
chr1,23868347,23868521,.,1000,.,302.20245,-1.0,4.87269,95,23868442
chr12,53757264,53757415,.,1000,.,302.19277,-1.0,4.87269,74,53757338
chr3,115784580,115784744,.,1000,.,302.16559,-1.0,4.87269,102,115784682
chr3,179316118,179316262,.,1000,.,302.16496,-1.0,4.87269,62,179316180
chr1,206106688,206106864,.,1000,.,302.14205,-1.0,4.87269,85,206106773
chr11,36702742,36702886,.,1000,.,302.11739,-1.0,4.87269,65,36702807
chr2,128233637,128233785,.,1000,.,302.07781,-1.0,4.87269,64,128233701
chr7,113421855,113421980,.,1000,.,302.0684,-1.0,4.87269,52,113421907
chr1,156130409,156130572,.,1000,.,302.0586,-1.0,4.87269,99,156130508
chr1,201559757,201559901,.,1000,.,302.00642,-1.0,4.87269,75,201559832
chr7,155598851,155598994,.,1000,.,301.99978,-1.0,4.87269,69,155598920
chr19,2749322,2749484,.,1000,.,301.98099,-1.0,4.87269,73,2749395
chr6,26595887,26596037,.,1000,.,301.97915,-1.0,4.87269,59,26595946
chr1,113140617,113140767,.,1000,.,301.97563,-1.0,4.87269,73,113140690
chr19,35510466,35510626,.,1000,.,301.96164,-1.0,4.87269,82,35510548
chr3,124761357,124761505,.,1000,.,301.95194,-1.0,4.87269,77,124761434
chr11,73142341,73142511,.,1000,.,301.94956,-1.0,4.87269,85,73142426
chr6,73130027,73130191,.,1000,.,301.94197,-1.0,4.87269,66,73130093
chr7,98841856,98842003,.,1000,.,301.9286,-1.0,4.87269,84,98841940
chr3,141460228,141460391,.,1000,.,301.88409,-1.0,4.87269,71,141460299
chr8,17152479,17152639,.,1000,.,301.85469,-1.0,4.87269,92,17152571
chr8,57997091,57997221,.,1000,.,301.84792,-1.0,4.87269,59,57997150
chr11,47408132,47408290,.,1000,.,301.84059,-1.0,4.87269,85,47408217
chr1,22131988,22132164,.,1000,.,301.82233,-1.0,4.87269,89,22132077
chr9,84697638,84697787,.,1000,.,301.80154,-1.0,4.87269,74,84697712
chr3,49703550,49703692,.,1000,.,301.79706,-1.0,4.87269,78,49703628
chr7,104883770,104883931,.,1000,.,301.76753,-1.0,4.87269,76,104883846
chr16,56577135,56577296,.,1000,.,301.76109,-1.0,4.87269,86,56577221
chr8,127734025,127734172,.,1000,.,301.71514,-1.0,4.87269,86,127734111
chr19,12766053,12766233,.,1000,.,301.71012,-1.0,4.87269,96,12766149
chr3,14461824,14462016,.,1000,.,301.70729,-1.0,4.87269,95,14461919
chr9,98848658,98848802,.,1000,.,301.69803,-1.0,4.87269,72,98848730
chr3,194315773,194315933,.,1000,.,301.68402,-1.0,4.87269,68,194315841
chr17,40620019,40620176,.,1000,.,301.678,-1.0,4.87269,84,40620103
chr20,45436999,45437129,.,1000,.,301.64499,-1.0,4.87269,66,45437065
chr1,17419932,17420093,.,1000,.,301.62777,-1.0,4.87269,93,17420025
chr14,99518505,99518650,.,1000,.,301.62708,-1.0,4.87269,91,99518596
chr15,74322686,74322840,.,1000,.,301.61874,-1.0,4.87269,77,74322763
chr14,74362416,74362578,.,1000,.,301.61322,-1.0,4.87269,82,74362498
chr11,44538590,44538723,.,1000,.,301.60386,-1.0,4.87269,65,44538655
chr20,59222592,59222761,.,1000,.,301.53399,-1.0,4.87269,91,59222683
chr14,88013856,88014011,.,1000,.,301.53122,-1.0,4.87269,67,88013923
chr12,42482867,42483043,.,1000,.,301.50232,-1.0,4.87269,81,42482948
chr7,48110271,48110417,.,1000,.,301.45392,-1.0,4.87269,75,48110346
chr11,63478918,63479062,.,1000,.,301.43261,-1.0,4.87269,71,63478989
chr14,75296185,75296365,.,1000,.,301.40545,-1.0,4.87269,82,75296267
chr16,14300925,14301081,.,1000,.,301.38771,-1.0,4.87269,87,14301012
chr19,48646593,48646771,.,1000,.,301.33617,-1.0,4.87269,95,48646688
chr5,172932530,172932654,.,1000,.,301.30253,-1.0,4.87269,43,172932573
chr20,25310502,25310638,.,1000,.,301.29747,-1.0,4.87269,68,25310570
chr1,112390932,112391070,.,1000,.,301.19943,-1.0,4.87269,70,112391002
chr6,39166497,39166670,.,1000,.,301.16852,-1.0,4.87269,97,39166594
chr14,23380027,23380215,.,1000,.,301.08721,-1.0,4.87269,96,23380123
chr10,101781204,101781343,.,1000,.,301.0745,-1.0,4.87269,66,101781270
chr1,107529659,107529803,.,1000,.,301.02857,-1.0,4.87269,77,107529736
chr1,110106217,110106391,.,1000,.,301.02569,-1.0,4.87269,94,110106311
chr22,20456356,20456484,.,1000,.,300.94503,-1.0,4.87269,88,20456444
chr19,35013053,35013232,.,1000,.,300.9448,-1.0,4.87269,94,35013147
chr10,37976700,37976868,.,1000,.,300.91591,-1.0,4.87269,82,37976782
chr1,30708213,30708378,.,1000,.,300.89304,-1.0,4.87269,71,30708284
chr12,69157151,69157309,.,1000,.,300.84815,-1.0,4.87269,79,69157230
chr3,157081826,157082001,.,1000,.,300.83136,-1.0,4.87269,80,157081906
chr7,41943136,41943292,.,1000,.,300.82659,-1.0,4.87269,77,41943213
chr12,132153957,132154111,.,1000,.,300.80815,-1.0,4.87269,81,132154038
chr2,231677735,231677888,.,1000,.,300.80337,-1.0,4.87269,70,231677805
chr14,54774122,54774260,.,1000,.,300.80306,-1.0,4.87269,65,54774187
chr7,2451513,2451655,.,1000,.,300.79077,-1.0,4.87269,63,2451576
chr15,78113311,78113489,.,1000,.,300.78393,-1.0,4.87269,81,78113392
chr19,39540233,39540376,.,1000,.,300.77914,-1.0,4.87269,67,39540300
chr19,13093903,13094038,.,1000,.,300.76902,-1.0,4.87269,73,13093976
chr10,72337265,72337437,.,1000,.,300.74613,-1.0,4.87269,77,72337342
chr3,151227812,151227982,.,1000,.,300.71366,-1.0,4.87269,96,151227908
chr1,201828959,201829125,.,1000,.,300.71267,-1.0,4.87269,91,201829050
chr3,32510237,32510384,.,1000,.,300.70625,-1.0,4.87269,66,32510303
chr20,58237170,58237346,.,1000,.,300.70034,-1.0,4.87269,81,58237251
chr22,31212032,31212202,.,1000,.,300.69269,-1.0,4.87269,81,31212113
chr6,30722714,30722887,.,1000,.,300.68505,-1.0,4.87269,89,30722803
chr1,6701800,6702023,.,1000,.,300.68496,-1.0,4.87269,107,6701907
chr1,29181940,29182129,.,1000,.,300.6721,-1.0,4.87269,101,29182041
chr20,36556624,36556777,.,1000,.,300.67151,-1.0,4.87269,77,36556701
chr8,26670630,26670767,.,1000,.,300.65302,-1.0,4.87269,81,26670711
chr14,21104582,21104726,.,1000,.,300.62637,-1.0,4.87269,78,21104660
chr12,7219763,7219905,.,1000,.,300.6243,-1.0,4.87269,74,7219837
chr3,149480515,149480654,.,1000,.,300.62357,-1.0,4.87269,76,149480591
chr3,195106533,195106673,.,1000,.,300.62274,-1.0,4.87269,70,195106603
chr6,112043111,112043283,.,1000,.,300.5394,-1.0,4.87269,85,112043196
chr20,3820184,3820367,.,1000,.,300.44413,-1.0,4.87269,89,3820273
chr20,25294550,25294733,.,1000,.,300.43973,-1.0,4.87269,83,25294633
chr20,36138737,36138908,.,1000,.,300.43935,-1.0,4.87269,81,36138818
chr19,37902715,37902843,.,1000,.,300.43763,-1.0,4.87269,71,37902786
chr6,26026355,26026535,.,1000,.,300.41202,-1.0,4.87269,100,26026455
chr4,4488501,4488667,.,1000,.,300.41137,-1.0,4.87269,86,4488587
chr7,5486974,5487128,.,1000,.,300.40826,-1.0,4.87269,96,5487070
chr12,49644627,49644784,.,1000,.,300.37319,-1.0,4.87269,99,49644726
chr2,173027558,173027710,.,1000,.,300.35332,-1.0,4.87269,86,173027644
chr12,5022578,5022703,.,1000,.,300.34791,-1.0,4.87269,58,5022636
chr17,17001873,17002040,.,1000,.,300.33584,-1.0,4.87269,89,17001962
chr12,113098452,113098603,.,1000,.,300.31435,-1.0,4.87269,59,113098511
chr3,50614191,50614348,.,1000,.,300.26652,-1.0,4.87269,67,50614258
chr10,117174970,117175114,.,1000,.,300.23334,-1.0,4.87269,68,117175038
chr12,110894472,110894627,.,1000,.,300.21984,-1.0,4.87269,80,110894552
chr6,158220970,158221124,.,1000,.,300.19956,-1.0,4.87269,74,158221044
chr8,80085127,80085290,.,1000,.,300.18687,-1.0,4.87269,81,80085208
chr1,41417171,41417369,.,1000,.,300.17885,-1.0,4.87269,97,41417268
chr17,63612357,63612492,.,1000,.,300.14238,-1.0,4.87269,68,63612425
chr7,23055715,23055843,.,1000,.,300.12075,-1.0,4.87269,69,23055784
chr6,111997240,111997395,.,1000,.,300.11052,-1.0,4.87269,81,111997321
chr3,13650563,13650709,.,1000,.,300.10496,-1.0,4.87269,81,13650644
chr3,197906088,197906265,.,1000,.,300.08736,-1.0,4.87269,83,197906171
chr12,48890786,48890951,.,1000,.,300.04811,-1.0,4.87269,73,48890859
chr9,98263861,98264030,.,1000,.,300.03792,-1.0,4.87269,83,98263944
chr5,177404461,177404627,.,1000,.,300.0301,-1.0,4.87269,102,177404563
chr1,904677,904853,.,1000,.,300.02923,-1.0,4.87269,99,904776
chr15,40857745,40857892,.,1000,.,300.0254,-1.0,4.87269,84,40857829
chr3,49671799,49671955,.,1000,.,300.01462,-1.0,4.87269,83,49671882
chr20,561805,561968,.,1000,.,300.00277,-1.0,4.87269,84,561889
chr1,28882175,28882299,.,1000,.,299.98725,-1.0,4.87269,44,28882219
chr6,36095267,36095445,.,1000,.,299.97519,-1.0,4.87269,86,36095353
chr11,73307382,73307538,.,1000,.,299.95853,-1.0,4.87269,65,73307447
chr11,46889721,46889865,.,1000,.,299.95358,-1.0,4.87269,76,46889797
chr8,80023700,80023837,.,1000,.,299.92208,-1.0,4.87269,74,80023774
chr21,37712270,37712431,.,1000,.,299.91921,-1.0,4.87269,80,37712350
chr15,51162974,51163117,.,1000,.,299.90455,-1.0,4.87269,68,51163042
chr18,46173419,46173586,.,1000,.,299.90407,-1.0,4.87269,83,46173502
chr6,35736374,35736559,.,1000,.,299.8913,-1.0,4.87269,91,35736465
chr1,2381854,2382010,.,1000,.,299.88119,-1.0,4.87269,72,2381926
chr14,73825682,73825837,.,1000,.,299.86046,-1.0,4.87269,76,73825758
chr12,117837349,117837510,.,1000,.,299.84055,-1.0,4.87269,73,117837422
chr18,55234753,55234901,.,1000,.,299.83585,-1.0,4.87269,53,55234806
chr19,39411908,39412056,.,1000,.,299.82464,-1.0,4.87269,77,39411985
chr7,30938842,30939005,.,1000,.,299.81212,-1.0,4.87269,86,30938928
chr3,120559001,120559150,.,1000,.,299.78588,-1.0,4.87269,80,120559081
chr8,28324402,28324575,.,1000,.,299.76977,-1.0,4.87269,85,28324487
chr15,73908386,73908570,.,1000,.,299.76455,-1.0,4.87269,82,73908468
chr11,63837321,63837461,.,1000,.,299.74915,-1.0,4.87269,85,63837406
chr20,47196458,47196607,.,1000,.,299.73561,-1.0,4.87269,73,47196531
chr19,982792,982983,.,1000,.,299.71524,-1.0,4.87269,89,982881
chr1,168145911,168146065,.,1000,.,299.7146,-1.0,4.87269,79,168145990
chr6,148559849,148560017,.,1000,.,299.69442,-1.0,4.87269,90,148559939
chr17,41667070,41667225,.,1000,.,299.67266,-1.0,4.87269,92,41667162
chr6,136226329,136226492,.,1000,.,299.6707,-1.0,4.87269,88,136226417
chr5,39217884,39218036,.,1000,.,299.66548,-1.0,4.87269,71,39217955
chr18,79246615,79246793,.,1000,.,299.64908,-1.0,4.87269,100,79246715
chr16,72832634,72832817,.,1000,.,299.64342,-1.0,4.87269,104,72832738
chr1,112804311,112804446,.,1000,.,299.61942,-1.0,4.87269,51,112804362
chr5,176660880,176661066,.,1000,.,299.60552,-1.0,4.87269,104,176660984
chr22,20885592,20885759,.,1000,.,299.57958,-1.0,4.87269,78,20885670
chr11,85854924,85855099,.,1000,.,299.56643,-1.0,4.87269,91,85855015
chr4,173257866,173258028,.,1000,.,299.55747,-1.0,4.87269,74,173257940
chr9,124617584,124617741,.,1000,.,299.53392,-1.0,4.87269,92,124617676
chr9,88578579,88578785,.,1000,.,299.46965,-1.0,4.87269,104,88578683
chr9,37904309,37904475,.,1000,.,299.45365,-1.0,4.87269,79,37904388
chr7,148962792,148962922,.,1000,.,299.41712,-1.0,4.87269,92,148962884
chr13,76903672,76903821,.,1000,.,299.41637,-1.0,4.87269,84,76903756
chr1,201223006,201223138,.,1000,.,299.4027,-1.0,4.87269,54,201223060
chr22,37199552,37199699,.,1000,.,299.39867,-1.0,4.87269,72,37199624
chr10,28381995,28382138,.,1000,.,299.37099,-1.0,4.87269,68,28382063
chr3,128075668,128075833,.,1000,.,299.36222,-1.0,4.87269,92,128075760
chr6,151675823,151675982,.,1000,.,299.34937,-1.0,4.87269,85,151675908
chr15,81275155,81275295,.,1000,.,299.34105,-1.0,4.87269,70,81275225
chr1,89763082,89763241,.,1000,.,299.33838,-1.0,4.87269,78,89763160
chr9,125408062,125408235,.,1000,.,299.32803,-1.0,4.87269,86,125408148
chr10,44975031,44975205,.,1000,.,299.31491,-1.0,4.87269,83,44975114
chr16,56318423,56318578,.,1000,.,299.31461,-1.0,4.87269,73,56318496
chr3,13092257,13092405,.,1000,.,299.31424,-1.0,4.87269,71,13092328
chr6,44079255,44079391,.,1000,.,299.31268,-1.0,4.87269,83,44079338
chr15,101258251,101258398,.,1000,.,299.30527,-1.0,4.87269,73,101258324
chr9,34603771,34603927,.,1000,.,299.30013,-1.0,4.87269,75,34603846
chr9,32378638,32378771,.,1000,.,299.29622,-1.0,4.87269,60,32378698
chr1,2548103,2548279,.,1000,.,299.27854,-1.0,4.87269,93,2548196
chr21,45152399,45152576,.,1000,.,299.2783,-1.0,4.87269,99,45152498
chr19,47013078,47013234,.,1000,.,299.26559,-1.0,4.87269,68,47013146
chr17,49998351,49998502,.,1000,.,299.2552,-1.0,4.87269,64,49998415
chr17,20121714,20121892,.,1000,.,299.25147,-1.0,4.87269,98,20121812
chr12,121773327,121773503,.,1000,.,299.22917,-1.0,4.87269,85,121773412
chr1,44799784,44799939,.,1000,.,299.2204,-1.0,4.87269,63,44799847
chr3,141311844,141311989,.,1000,.,299.2199,-1.0,4.87269,85,141311929
chr13,75876499,75876658,.,1000,.,299.20034,-1.0,4.87269,82,75876581
chr1,20633308,20633489,.,1000,.,299.16632,-1.0,4.87269,93,20633401
chr6,21589349,21589517,.,1000,.,299.14567,-1.0,4.87269,77,21589426
chr2,218710800,218710946,.,1000,.,299.14426,-1.0,4.87269,73,218710873
chr6,35241199,35241353,.,1000,.,299.13803,-1.0,4.87269,83,35241282
chr17,3737775,3737917,.,1000,.,299.11101,-1.0,4.87269,97,3737872
chr19,40662857,40663032,.,1000,.,299.10159,-1.0,4.87269,81,40662938
chr14,105090600,105090740,.,1000,.,299.09489,-1.0,4.87269,68,105090668
chr3,14261233,14261392,.,1000,.,299.0767,-1.0,4.87269,98,14261331
chr4,185597715,185597843,.,1000,.,299.07499,-1.0,4.87269,62,185597777
chr7,157273657,157273825,.,1000,.,299.07418,-1.0,4.87269,80,157273737
chr11,10933804,10933981,.,1000,.,298.99108,-1.0,4.87269,100,10933904
chr1,3491302,3491485,.,1000,.,298.98691,-1.0,4.87269,86,3491388
chr12,6423634,6423800,.,1000,.,298.96993,-1.0,4.87269,90,6423724
chr15,65318918,65319104,.,1000,.,298.94063,-1.0,4.87269,94,65319012
chr5,88680519,88680696,.,1000,.,298.91849,-1.0,4.87269,81,88680600
chr18,48777169,48777350,.,1000,.,298.90378,-1.0,4.87269,83,48777252
chr8,37851525,37851682,.,1000,.,298.90302,-1.0,4.87269,81,37851606
chr16,2487286,2487431,.,1000,.,298.9011,-1.0,4.87269,79,2487365
chr8,133449593,133449733,.,1000,.,298.8946,-1.0,4.87269,63,133449656
chr17,5237593,5237784,.,1000,.,298.88714,-1.0,4.87269,115,5237708
chr1,30719289,30719480,.,1000,.,298.85735,-1.0,4.87269,109,30719398
chr20,63973987,63974144,.,1000,.,298.85645,-1.0,4.87269,83,63974070
chr6,149432097,149432249,.,1000,.,298.84619,-1.0,4.87269,79,149432176
chr7,116930540,116930690,.,1000,.,298.8213,-1.0,4.87269,66,116930606
chr1,26105071,26105211,.,1000,.,298.81943,-1.0,4.87269,66,26105137
chr2,25362024,25362151,.,1000,.,298.80155,-1.0,4.87269,79,25362103
chr3,126752353,126752492,.,1000,.,298.77399,-1.0,4.87269,54,126752407
chr19,38869920,38870090,.,1000,.,298.76615,-1.0,4.87269,86,38870006
chr7,2709792,2709956,.,1000,.,298.74921,-1.0,4.87269,80,2709872
chr15,50877015,50877189,.,1000,.,298.74632,-1.0,4.87269,87,50877102
chr20,24994910,24995099,.,1000,.,298.72958,-1.0,4.87269,95,24995005
chr11,17599051,17599211,.,1000,.,298.71848,-1.0,4.87269,85,17599136
chr13,100514945,100515077,.,1000,.,298.71157,-1.0,4.87269,75,100515020
chr19,6125627,6125776,.,1000,.,298.70384,-1.0,4.87269,80,6125707
chr20,57495323,57495487,.,1000,.,298.67944,-1.0,4.87269,79,57495402
chr19,50922360,50922493,.,1000,.,298.67242,-1.0,4.87269,76,50922436
chr10,89260465,89260604,.,1000,.,298.6723,-1.0,4.87269,65,89260530
chr3,170310267,170310398,.,1000,.,298.5841,-1.0,4.87269,56,170310323
chr1,85259671,85259829,.,1000,.,298.58109,-1.0,4.87269,96,85259767
chr14,72420852,72421025,.,1000,.,298.54113,-1.0,4.87269,97,72420949
chr1,160675678,160675839,.,1000,.,298.53981,-1.0,4.87269,84,160675762
chr6,37791541,37791712,.,1000,.,298.53899,-1.0,4.87269,83,37791624
chr9,89603090,89603243,.,1000,.,298.53853,-1.0,4.87269,83,89603173
chr16,22188678,22188848,.,1000,.,298.49387,-1.0,4.87269,90,22188768
chr9,130941160,130941331,.,1000,.,298.48278,-1.0,4.87269,105,130941265
chr16,57084338,57084485,.,1000,.,298.46871,-1.0,4.87269,79,57084417
chr17,35119807,35120005,.,1000,.,298.46425,-1.0,4.87269,102,35119909
chr19,50461320,50461467,.,1000,.,298.45546,-1.0,4.87269,69,50461389
chr22,23178544,23178694,.,1000,.,298.45457,-1.0,4.87269,80,23178624
chr11,61797306,61797449,.,1000,.,298.43104,-1.0,4.87269,77,61797383
chr1,227999468,227999620,.,1000,.,298.42575,-1.0,4.87269,78,227999546
chr6,31366990,31367149,.,1000,.,298.39594,-1.0,4.87269,94,31367084
chr1,26500273,26500425,.,1000,.,298.38816,-1.0,4.87269,83,26500356
chr19,10644883,10645023,.,1000,.,298.35674,-1.0,4.87269,66,10644949
chr15,72199812,72199950,.,1000,.,298.27928,-1.0,4.87269,66,72199878
chr1,23404066,23404194,.,1000,.,298.22444,-1.0,4.87269,57,23404123
chr3,165206814,165206996,.,1000,.,298.21995,-1.0,4.87269,90,165206904
chr19,29694701,29694850,.,1000,.,298.20515,-1.0,4.87269,74,29694775
chr8,41542780,41542917,.,1000,.,298.1502,-1.0,4.87269,92,41542872
chr1,151594249,151594395,.,1000,.,298.12612,-1.0,4.87269,81,151594330
chr14,24431858,24432013,.,1000,.,298.12334,-1.0,4.87269,75,24431933
chr16,667913,668067,.,1000,.,298.11108,-1.0,4.87269,93,668006
chr22,37567404,37567557,.,1000,.,298.09467,-1.0,4.87269,91,37567495
chr3,167380296,167380452,.,1000,.,298.08682,-1.0,4.87269,83,167380379
chr17,50026917,50027086,.,1000,.,298.04239,-1.0,4.87269,85,50027002
chr2,11779294,11779443,.,1000,.,298.01789,-1.0,4.87269,70,11779364
chr1,116574712,116574845,.,1000,.,298.01666,-1.0,4.87269,79,116574791
chr21,15483301,15483458,.,1000,.,298.00869,-1.0,4.87269,68,15483369
chr22,40683210,40683368,.,1000,.,298.00717,-1.0,4.87269,68,40683278
chr18,12391772,12391930,.,1000,.,297.98779,-1.0,4.87269,69,12391841
chr10,86960519,86960682,.,1000,.,297.98634,-1.0,4.87269,87,86960606
chr16,22321347,22321511,.,1000,.,297.97856,-1.0,4.87269,68,22321415
chr17,56780313,56780443,.,1000,.,297.95688,-1.0,4.87269,87,56780400
chr13,80342927,80343114,.,1000,.,297.8967,-1.0,4.87269,97,80343024
chr5,150449996,150450165,.,1000,.,297.88437,-1.0,4.87269,74,150450070
chr16,3500810,3500947,.,1000,.,297.87006,-1.0,4.87269,81,3500891
chr14,75488893,75489061,.,1000,.,297.85908,-1.0,4.87269,75,75488968
chr12,54032652,54032841,.,1000,.,297.84519,-1.0,4.87269,87,54032739
chr5,87781244,87781407,.,1000,.,297.84119,-1.0,4.87269,82,87781326
chr11,4072809,4072960,.,1000,.,297.83992,-1.0,4.87269,77,4072886
chr13,30803005,30803139,.,1000,.,297.83913,-1.0,4.87269,68,30803073
chr1,248807220,248807384,.,1000,.,297.83275,-1.0,4.87269,97,248807317
chr8,28419630,28419791,.,1000,.,297.83123,-1.0,4.87269,87,28419717
chr15,38817821,38817969,.,1000,.,297.8135,-1.0,4.87269,48,38817869
chr16,30844813,30844934,.,1000,.,297.80381,-1.0,4.87269,59,30844872
chr17,16363881,16364020,.,1000,.,297.74019,-1.0,4.87269,72,16363953
chr14,33792781,33792956,.,1000,.,297.6943,-1.0,4.87269,85,33792866
chr1,16078987,16079139,.,1000,.,297.67371,-1.0,4.87269,63,16079050
chr2,227472005,227472158,.,1000,.,297.67194,-1.0,4.87269,69,227472074
chr10,83871595,83871740,.,1000,.,297.66462,-1.0,4.87269,73,83871668
chr13,27362086,27362219,.,1000,.,297.66428,-1.0,4.87269,63,27362149
chr11,73178163,73178299,.,1000,.,297.65335,-1.0,4.87269,77,73178240
chr15,75367896,75368029,.,1000,.,297.64878,-1.0,4.87269,57,75367953
chr9,107341269,107341422,.,1000,.,297.62492,-1.0,4.87269,80,107341349
chr15,78308515,78308682,.,1000,.,297.62463,-1.0,4.87269,76,78308591
chr22,22954805,22954986,.,1000,.,297.61863,-1.0,4.87269,88,22954893
chr9,126500992,126501147,.,1000,.,297.61472,-1.0,4.87269,71,126501063
chr6,3732649,3732808,.,1000,.,297.61472,-1.0,4.87269,79,3732728
chr7,143240715,143240848,.,1000,.,297.61355,-1.0,4.87269,47,143240762
chr19,42433772,42433926,.,1000,.,297.58043,-1.0,4.87269,78,42433850
chr1,43529207,43529381,.,1000,.,297.57754,-1.0,4.87269,94,43529301
chr1,181189974,181190139,.,1000,.,297.57001,-1.0,4.87269,77,181190051
chr11,46537943,46538100,.,1000,.,297.54026,-1.0,4.87269,80,46538023
chr12,6195777,6195938,.,1000,.,297.52385,-1.0,4.87269,70,6195847
chr1,182962591,182962763,.,1000,.,297.51964,-1.0,4.87269,81,182962672
chr1,223133751,223133943,.,1000,.,297.46205,-1.0,4.87269,96,223133847
chr14,22872672,22872835,.,1000,.,297.44105,-1.0,4.87269,68,22872740
chr11,12281949,12282116,.,1000,.,297.43954,-1.0,4.87269,89,12282038
chr12,47779399,47779562,.,1000,.,297.42713,-1.0,4.87269,78,47779477
chr1,235971852,235972010,.,1000,.,297.4174,-1.0,4.87269,68,235971920
chr12,51980445,51980597,.,1000,.,297.37652,-1.0,4.87269,71,51980516
chr16,2874932,2875107,.,1000,.,297.36133,-1.0,4.87269,97,2875029
chr2,25951132,25951269,.,1000,.,297.35524,-1.0,4.87269,54,25951186
chr3,59575517,59575685,.,1000,.,297.35475,-1.0,4.87269,85,59575602
chr5,141592124,141592290,.,1000,.,297.3543,-1.0,4.87269,89,141592213
chr2,60674671,60674813,.,1000,.,297.35354,-1.0,4.87269,77,60674748
chr6,188915,189035,.,1000,.,297.33902,-1.0,4.87269,57,188972
chr10,71384304,71384461,.,1000,.,297.31974,-1.0,4.87269,88,71384392
chr18,45880062,45880217,.,1000,.,297.31627,-1.0,4.87269,74,45880136
chr10,97072967,97073106,.,1000,.,297.30173,-1.0,4.87269,67,97073034
chr22,49993464,49993641,.,1000,.,297.25413,-1.0,4.87269,84,49993548
chr17,82030535,82030711,.,1000,.,297.20459,-1.0,4.87269,87,82030622
chr7,120987724,120987872,.,1000,.,297.20357,-1.0,4.87269,64,120987788
chr11,126310588,126310738,.,1000,.,297.18828,-1.0,4.87269,75,126310663
chr2,171416200,171416323,.,1000,.,297.18277,-1.0,4.87269,66,171416266
chr6,36623521,36623700,.,1000,.,297.18076,-1.0,4.87269,94,36623615
chr1,212012071,212012211,.,1000,.,297.15582,-1.0,4.87269,63,212012134
chr7,70698342,70698498,.,1000,.,297.15168,-1.0,4.87269,81,70698423
chr10,118241374,118241514,.,1000,.,297.14212,-1.0,4.87269,69,118241443
chr8,23019325,23019488,.,1000,.,297.12695,-1.0,4.87269,90,23019415
chr1,13960486,13960659,.,1000,.,297.10987,-1.0,4.87269,84,13960570
chr7,105532020,105532193,.,1000,.,297.10504,-1.0,4.87269,86,105532106
chr18,3129378,3129550,.,1000,.,297.10088,-1.0,4.87269,89,3129467
chr6,11144479,11144614,.,1000,.,297.03068,-1.0,4.87269,63,11144542
chr6,97186542,97186677,.,1000,.,297.003,-1.0,4.87269,53,97186595
chr17,29931461,29931606,.,1000,.,296.93941,-1.0,4.87269,77,29931538
chr1,205711233,205711376,.,1000,.,296.89877,-1.0,4.87269,73,205711306
chr1,30801817,30801982,.,1000,.,296.88668,-1.0,4.87269,79,30801896
chr3,38118073,38118228,.,1000,.,296.82535,-1.0,4.87269,89,38118162
chr7,36367207,36367367,.,1000,.,296.79054,-1.0,4.87269,85,36367292
chr11,75803344,75803477,.,1000,.,296.78294,-1.0,4.87269,82,75803426
chr8,80683048,80683203,.,1000,.,296.77603,-1.0,4.87269,81,80683129
chr11,109853295,109853457,.,1000,.,296.7745,-1.0,4.87269,84,109853379
chr10,70925763,70925954,.,1000,.,296.74037,-1.0,4.87269,93,70925856
chr1,206030757,206030884,.,1000,.,296.73873,-1.0,4.87269,64,206030821
chr3,59857874,59858031,.,1000,.,296.73759,-1.0,4.87269,77,59857951
chr17,78085066,78085228,.,1000,.,296.7372,-1.0,4.87269,82,78085148
chr6,16332194,16332357,.,1000,.,296.73534,-1.0,4.87269,92,16332286
chr22,46122523,46122705,.,1000,.,296.73255,-1.0,4.87269,81,46122604
chr17,7052164,7052301,.,1000,.,296.7317,-1.0,4.87269,67,7052231
chr4,113761800,113761964,.,1000,.,296.73147,-1.0,4.87269,81,113761881
chr22,22195414,22195667,.,1000,.,296.71985,-1.0,4.87269,117,22195531
chr1,34597995,34598158,.,1000,.,296.71015,-1.0,4.87269,93,34598088
chrX,7925971,7926158,.,1000,.,296.70476,-1.0,4.87269,88,7926059
chr8,56074601,56074736,.,1000,.,296.67936,-1.0,4.87269,56,56074657
chr12,117025638,117025816,.,1000,.,296.67751,-1.0,4.87269,67,117025705
chr1,109532941,109533118,.,1000,.,296.65071,-1.0,4.87269,86,109533027
chr17,49695531,49695689,.,1000,.,296.6483,-1.0,4.87269,95,49695626
chr12,49088349,49088512,.,1000,.,296.6383,-1.0,4.87269,77,49088426
chr8,8737003,8737176,.,1000,.,296.62098,-1.0,4.87269,83,8737086
chr1,184982256,184982403,.,1000,.,296.61907,-1.0,4.87269,83,184982339
chr2,64049815,64049963,.,1000,.,296.6116,-1.0,4.87269,65,64049880
chr13,30132663,30132776,.,1000,.,296.6065,-1.0,4.87269,65,30132728
chr11,65315661,65315867,.,1000,.,296.60436,-1.0,4.87269,96,65315757
chr12,50504814,50504955,.,1000,.,296.59162,-1.0,4.87269,79,50504893
chr8,141727014,141727160,.,1000,.,296.58246,-1.0,4.87269,74,141727088
chr19,46028993,46029141,.,1000,.,296.57602,-1.0,4.87269,76,46029069
chr7,148527719,148527919,.,1000,.,296.56414,-1.0,4.87269,101,148527820
chr3,141452148,141452298,.,1000,.,296.53564,-1.0,4.87269,60,141452208
chr6,30877811,30877966,.,1000,.,296.53381,-1.0,4.87269,82,30877893
chr16,66608642,66608793,.,1000,.,296.50487,-1.0,4.87269,67,66608709
chr1,119948726,119948877,.,1000,.,296.50425,-1.0,4.87269,76,119948802
chr19,19532318,19532480,.,1000,.,296.47966,-1.0,4.87269,68,19532386
chr1,23809813,23809985,.,1000,.,296.47477,-1.0,4.87269,83,23809896
chr8,70668468,70668630,.,1000,.,296.45131,-1.0,4.87269,79,70668547
chr11,61680218,61680372,.,1000,.,296.44704,-1.0,4.87269,77,61680295
chr12,6872457,6872633,.,1000,.,296.43077,-1.0,4.87269,85,6872542
chr17,38735189,38735335,.,1000,.,296.41536,-1.0,4.87269,79,38735268
chrX,153953450,153953617,.,1000,.,296.40983,-1.0,4.87269,84,153953534
chr6,43667317,43667494,.,1000,.,296.40945,-1.0,4.87269,83,43667400
chr14,93939695,93939907,.,1000,.,296.39406,-1.0,4.87269,112,93939807
chr2,48111273,48111403,.,1000,.,296.37469,-1.0,4.87269,65,48111338
chr1,221478151,221478313,.,1000,.,296.34219,-1.0,4.87269,85,221478236
chr1,111508333,111508466,.,1000,.,296.33956,-1.0,4.87269,61,111508394
chr5,180784620,180784770,.,1000,.,296.33811,-1.0,4.87269,75,180784695
chr18,50820036,50820163,.,1000,.,296.26159,-1.0,4.87269,43,50820079
chr11,10792541,10792733,.,1000,.,296.24551,-1.0,4.87269,99,10792640
chr1,110053919,110054071,.,1000,.,296.2366,-1.0,4.87269,91,110054010
chr12,56126257,56126410,.,1000,.,296.21656,-1.0,4.87269,77,56126334
chr5,140157246,140157389,.,1000,.,296.18426,-1.0,4.87269,57,140157303
chr9,97387059,97387210,.,1000,.,296.16964,-1.0,4.87269,78,97387137
chr1,200510226,200510380,.,1000,.,296.12667,-1.0,4.87269,90,200510316
chr20,48621074,48621240,.,1000,.,296.10452,-1.0,4.87269,91,48621165
chr19,41262345,41262532,.,1000,.,296.07876,-1.0,4.87269,89,41262434
chr6,43229414,43229571,.,1000,.,296.06936,-1.0,4.87269,66,43229480
chr1,207077906,207078037,.,1000,.,296.04113,-1.0,4.87269,83,207077989
chr8,11902344,11902484,.,1000,.,295.99087,-1.0,4.87269,90,11902434
chr2,9813937,9814092,.,1000,.,295.94902,-1.0,4.87269,79,9814016
chr3,32947838,32947971,.,1000,.,295.92866,-1.0,4.87269,59,32947897
chr20,38893918,38894073,.,1000,.,295.9014,-1.0,4.87269,69,38893987
chr12,96215302,96215446,.,1000,.,295.89792,-1.0,4.87269,62,96215364
chr10,101014385,101014530,.,1000,.,295.80183,-1.0,4.87269,77,101014462
chr19,18328434,18328551,.,1000,.,295.79575,-1.0,4.87269,64,18328498
chr20,49541820,49541977,.,1000,.,295.7779,-1.0,4.87269,84,49541904
chr1,27395470,27395637,.,1000,.,295.76494,-1.0,4.87269,94,27395564
chr2,27086532,27086709,.,1000,.,295.74165,-1.0,4.87269,82,27086614
chr16,19086588,19086721,.,1000,.,295.72926,-1.0,4.87269,72,19086660
chr12,106357573,106357744,.,1000,.,295.72796,-1.0,4.87269,92,106357665
chr12,55940344,55940492,.,1000,.,295.70445,-1.0,4.87269,92,55940436
chr19,17292891,17293068,.,1000,.,295.68885,-1.0,4.87269,79,17292970
chr16,30092002,30092157,.,1000,.,295.6764,-1.0,4.87269,66,30092068
chr1,158125093,158125221,.,1000,.,295.67343,-1.0,4.87269,67,158125160
chr2,106104483,106104627,.,1000,.,295.66999,-1.0,4.87269,68,106104551
chr15,36501191,36501344,.,1000,.,295.62532,-1.0,4.87269,83,36501274
chr17,18960930,18961066,.,1000,.,295.60452,-1.0,4.87269,68,18960998
chr4,6874059,6874217,.,1000,.,295.58791,-1.0,4.87269,86,6874145
chr11,73376155,73376313,.,1000,.,295.55214,-1.0,4.87269,74,73376229
chr2,16757268,16757429,.,1000,.,295.53574,-1.0,4.87269,95,16757363
chr8,138767706,138767885,.,1000,.,295.53276,-1.0,4.87269,84,138767790
chr1,181479253,181479411,.,1000,.,295.51899,-1.0,4.87269,74,181479327
chr6,90479430,90479568,.,1000,.,295.51058,-1.0,4.87269,78,90479508
chr11,68447320,68447475,.,1000,.,295.50162,-1.0,4.87269,85,68447405
chr2,237745133,237745279,.,1000,.,295.46667,-1.0,4.87269,68,237745201
chr19,12777658,12777814,.,1000,.,295.45995,-1.0,4.87269,72,12777730
chr2,97806858,97806996,.,1000,.,295.413,-1.0,4.87269,50,97806908
chr4,159203079,159203235,.,1000,.,295.38489,-1.0,4.87269,83,159203162
chr1,78617624,78617786,.,1000,.,295.37058,-1.0,4.87269,84,78617708
chr12,49234503,49234682,.,1000,.,295.35438,-1.0,4.87269,93,49234596
chr9,5886208,5886352,.,1000,.,295.35024,-1.0,4.87269,78,5886286
chr1,19882179,19882355,.,1000,.,295.34767,-1.0,4.87269,84,19882263
chr17,58518678,58518832,.,1000,.,295.33818,-1.0,4.87269,76,58518754
chr19,35352839,35352983,.,1000,.,295.32733,-1.0,4.87269,106,35352945
chr20,40990651,40990784,.,1000,.,295.28174,-1.0,4.87269,63,40990714
chr1,235104277,235104413,.,1000,.,295.2789,-1.0,4.87269,84,235104361
chr1,165593062,165593192,.,1000,.,295.26685,-1.0,4.87269,76,165593138
chr6,44475802,44475960,.,1000,.,295.26566,-1.0,4.87269,69,44475871
chr11,118488606,118488758,.,1000,.,295.26021,-1.0,4.87269,74,118488680
chr19,5987448,5987606,.,1000,.,295.25039,-1.0,4.87269,75,5987523
chr7,150421143,150421326,.,1000,.,295.2473,-1.0,4.87269,98,150421241
chr17,44168541,44168689,.,1000,.,295.21708,-1.0,4.87269,74,44168615
chr19,664965,665138,.,1000,.,295.21452,-1.0,4.87269,81,665046
chr15,42650572,42650725,.,1000,.,295.20547,-1.0,4.87269,80,42650652
chr5,139422430,139422551,.,1000,.,295.20482,-1.0,4.87269,66,139422496
chr1,234499187,234499319,.,1000,.,295.19785,-1.0,4.87269,59,234499246
chr8,102810940,102811118,.,1000,.,295.18736,-1.0,4.87269,97,102811037
chr15,34367649,34367816,.,1000,.,295.18148,-1.0,4.87269,83,34367732
chr2,112626622,112626793,.,1000,.,295.1751,-1.0,4.87269,79,112626701
chr10,70461515,70461648,.,1000,.,295.16085,-1.0,4.87269,56,70461571
chr1,180533605,180533771,.,1000,.,295.1522,-1.0,4.87269,81,180533686
chr2,113390397,113390574,.,1000,.,295.14204,-1.0,4.87269,86,113390483
chr4,128809585,128809757,.,1000,.,295.12279,-1.0,4.87269,82,128809667
chr6,52163057,52163202,.,1000,.,295.07275,-1.0,4.87269,70,52163127
chr10,24196531,24196696,.,1000,.,295.04576,-1.0,4.87269,94,24196625
chr19,16111374,16111533,.,1000,.,295.0388,-1.0,4.87269,60,16111434
chr22,36301411,36301544,.,1000,.,295.02998,-1.0,4.87269,70,36301481
chr7,24820316,24820477,.,1000,.,295.02793,-1.0,4.87269,76,24820392
chr5,151825477,151825620,.,1000,.,294.97187,-1.0,4.87269,72,151825549
chr6,37051567,37051737,.,1000,.,294.92875,-1.0,4.87269,74,37051641
chr6,42166570,42166729,.,1000,.,294.91293,-1.0,4.87269,53,42166623
chr1,182782423,182782566,.,1000,.,294.88604,-1.0,4.87269,73,182782496
chr11,64355137,64355371,.,1000,.,294.84986,-1.0,4.87269,118,64355255
chr1,116152098,116152271,.,1000,.,294.83698,-1.0,4.87269,103,116152201
chr6,125314217,125314386,.,1000,.,294.83448,-1.0,4.87269,84,125314301
chr10,33008842,33008972,.,1000,.,294.83095,-1.0,4.87269,78,33008920
chr11,34174441,34174575,.,1000,.,294.78791,-1.0,4.87269,64,34174505
chr6,13336619,13336750,.,1000,.,294.7691,-1.0,4.87269,54,13336673
chr3,124688940,124689093,.,1000,.,294.75043,-1.0,4.87269,77,124689017
chr3,111717648,111717788,.,1000,.,294.73741,-1.0,4.87269,70,111717718
chr15,65297824,65297975,.,1000,.,294.72728,-1.0,4.87269,61,65297885
chr13,97110002,97110185,.,1000,.,294.71977,-1.0,4.87269,82,97110084
chr1,11894042,11894195,.,1000,.,294.71414,-1.0,4.87269,85,11894127
chr6,106979537,106979671,.,1000,.,294.69017,-1.0,4.87269,61,106979598
chr7,55280050,55280222,.,1000,.,294.62362,-1.0,4.87269,81,55280131
chr12,105420773,105420908,.,1000,.,294.6033,-1.0,4.87269,61,105420834
chr2,136423562,136423706,.,1000,.,294.59595,-1.0,4.87269,61,136423623
chr15,60507922,60508079,.,1000,.,294.56429,-1.0,4.87269,73,60507995
chr19,17391146,17391311,.,1000,.,294.54063,-1.0,4.87269,85,17391231
chr19,1001740,1001923,.,1000,.,294.53501,-1.0,4.87269,98,1001838
chr16,31142504,31142660,.,1000,.,294.53276,-1.0,4.87269,59,31142563
chr1,10210268,10210432,.,1000,.,294.50093,-1.0,4.87269,89,10210357
chr13,49607154,49607301,.,1000,.,294.48711,-1.0,4.87269,87,49607241
chr19,18450994,18451179,.,1000,.,294.46872,-1.0,4.87269,98,18451092
chr1,203340161,203340324,.,1000,.,294.46624,-1.0,4.87269,81,203340242
chr7,44847730,44847921,.,1000,.,294.44808,-1.0,4.87269,96,44847826
chr1,204989408,204989575,.,1000,.,294.44493,-1.0,4.87269,74,204989482
chr5,32613184,32613344,.,1000,.,294.43019,-1.0,4.87269,84,32613268
chr17,67475501,67475657,.,1000,.,294.42762,-1.0,4.87269,84,67475585
chr11,46239253,46239402,.,1000,.,294.41472,-1.0,4.87269,69,46239322
chr19,47035883,47036036,.,1000,.,294.39078,-1.0,4.87269,71,47035954
chr11,47553233,47553350,.,1000,.,294.38463,-1.0,4.87269,64,47553297
chr10,125048174,125048328,.,1000,.,294.37299,-1.0,4.87269,78,125048252
chr8,122572409,122572564,.,1000,.,294.35124,-1.0,4.87269,82,122572491
chr16,3129652,3129780,.,1000,.,294.32861,-1.0,4.87269,62,3129714
chr20,36202933,36203103,.,1000,.,294.32446,-1.0,4.87269,81,36203014
chr20,46307136,46307323,.,1000,.,294.32078,-1.0,4.87269,92,46307228
chr2,70302046,70302226,.,1000,.,294.30033,-1.0,4.87269,91,70302137
chr1,31422850,31422999,.,1000,.,294.28204,-1.0,4.87269,74,31422924
chr11,119474802,119474971,.,1000,.,294.28181,-1.0,4.87269,92,119474894
chr1,167803446,167803598,.,1000,.,294.27657,-1.0,4.87269,75,167803521
chr16,66895297,66895452,.,1000,.,294.264,-1.0,4.87269,72,66895369
chr6,151014436,151014599,.,1000,.,294.26188,-1.0,4.87269,84,151014520
chr1,207885146,207885333,.,1000,.,294.23252,-1.0,4.87269,96,207885242
chr17,16589433,16589588,.,1000,.,294.22926,-1.0,4.87269,87,16589520
chr16,2904257,2904415,.,1000,.,294.22655,-1.0,4.87269,81,2904338
chr3,73101174,73101319,.,1000,.,294.22018,-1.0,4.87269,72,73101246
chr2,31170209,31170380,.,1000,.,294.21293,-1.0,4.87269,74,31170283
chr9,128928039,128928191,.,1000,.,294.20446,-1.0,4.87269,68,128928107
chr8,57343427,57343562,.,1000,.,294.18636,-1.0,4.87269,74,57343501
chr18,35231070,35231239,.,1000,.,294.18412,-1.0,4.87269,89,35231159
chr1,43227388,43227513,.,1000,.,294.18159,-1.0,4.87269,52,43227440
chr19,3706160,3706316,.,1000,.,294.17489,-1.0,4.87269,85,3706245
chr15,67863522,67863673,.,1000,.,294.16666,-1.0,4.87269,62,67863584
chr12,57459188,57459335,.,1000,.,294.16179,-1.0,4.87269,75,57459263
chr16,18969394,18969546,.,1000,.,294.16098,-1.0,4.87269,70,18969464
chr8,123160519,123160700,.,1000,.,294.15242,-1.0,4.87269,88,123160607
chr10,12711213,12711354,.,1000,.,294.12705,-1.0,4.87269,70,12711283
chr6,31729429,31729585,.,1000,.,294.12426,-1.0,4.87269,89,31729518
chr19,18847297,18847448,.,1000,.,294.0697,-1.0,4.87269,80,18847377
chr8,66439004,66439160,.,1000,.,294.06921,-1.0,4.87269,89,66439093
chr12,49235259,49235418,.,1000,.,294.04507,-1.0,4.87269,88,49235347
chr1,15100466,15100633,.,1000,.,294.04142,-1.0,4.87269,87,15100553
chr21,33361335,33361496,.,1000,.,294.03187,-1.0,4.87269,89,33361424
chr18,57881897,57882066,.,1000,.,294.03139,-1.0,4.87269,90,57881987
chr17,82781898,82782042,.,1000,.,294.0292,-1.0,4.87269,52,82781950
chr9,117487614,117487796,.,1000,.,294.01317,-1.0,4.87269,84,117487698
chr15,88546656,88546813,.,1000,.,294.00579,-1.0,4.87269,102,88546758
chr11,1837811,1837968,.,1000,.,294.00377,-1.0,4.87269,77,1837888
chr10,102835031,102835192,.,1000,.,293.99588,-1.0,4.87269,89,102835120
chr16,2251587,2251771,.,1000,.,293.98324,-1.0,4.87269,102,2251689
chr14,105370913,105371060,.,1000,.,293.98136,-1.0,4.87269,80,105370993
chr2,64873528,64873726,.,1000,.,293.97793,-1.0,4.87269,99,64873627
chr17,45149238,45149423,.,1000,.,293.9775,-1.0,4.87269,88,45149326
chr20,47272919,47273068,.,1000,.,293.97274,-1.0,4.87269,68,47272987
chr20,47663860,47664025,.,1000,.,293.96588,-1.0,4.87269,86,47663946
chr17,18217508,18217670,.,1000,.,293.95359,-1.0,4.87269,81,18217589
chr9,127921662,127921811,.,1000,.,293.94629,-1.0,4.87269,79,127921741
chr12,105053168,105053301,.,1000,.,293.93239,-1.0,4.87269,80,105053248
chr2,135797598,135797727,.,1000,.,293.92599,-1.0,4.87269,77,135797675
chr22,45645713,45645838,.,1000,.,293.91249,-1.0,4.87269,48,45645761
chr20,35995098,35995276,.,1000,.,293.90976,-1.0,4.87269,81,35995179
chr7,137903742,137903893,.,1000,.,293.89624,-1.0,4.87269,69,137903811
chr10,96643078,96643236,.,1000,.,293.89074,-1.0,4.87269,79,96643157
chr17,7990250,7990419,.,1000,.,293.7713,-1.0,4.87269,90,7990340
chr21,44892886,44893046,.,1000,.,293.74989,-1.0,4.87269,79,44892965
chr2,109510234,109510371,.,1000,.,293.73614,-1.0,4.87269,76,109510310
chr11,75532477,75532646,.,1000,.,293.73471,-1.0,4.87269,74,75532551
chr3,58532839,58533015,.,1000,.,293.71957,-1.0,4.87269,89,58532928
chr1,147495074,147495240,.,1000,.,293.68069,-1.0,4.87269,87,147495161
chr1,3453228,3453374,.,1000,.,293.67651,-1.0,4.87269,73,3453301
chr1,173431303,173431440,.,1000,.,293.63701,-1.0,4.87269,72,173431375
chr12,120356630,120356785,.,1000,.,293.62361,-1.0,4.87269,68,120356698
chr8,37700399,37700546,.,1000,.,293.61473,-1.0,4.87269,72,37700471
chr1,39606273,39606424,.,1000,.,293.61096,-1.0,4.87269,80,39606353
chr9,135967630,135967760,.,1000,.,293.58417,-1.0,4.87269,91,135967721
chr19,11435057,11435207,.,1000,.,293.58111,-1.0,4.87269,82,11435139
chr3,142828823,142828936,.,1000,.,293.56227,-1.0,4.87269,52,142828875
chr1,119367619,119367776,.,1000,.,293.53506,-1.0,4.87269,79,119367698
chr2,72862629,72862796,.,1000,.,293.50474,-1.0,4.87269,81,72862710
chr7,148966878,148967029,.,1000,.,293.47372,-1.0,4.87269,75,148966953
chr1,34742781,34742938,.,1000,.,293.44637,-1.0,4.87269,76,34742857
chr11,117844094,117844229,.,1000,.,293.4084,-1.0,4.87269,70,117844164
chr1,109640328,109640477,.,1000,.,293.39467,-1.0,4.87269,76,109640404
chr6,33248403,33248546,.,1000,.,293.38267,-1.0,4.87269,74,33248477
chr1,8314397,8314543,.,1000,.,293.34867,-1.0,4.87269,80,8314477
chr20,64057870,64058036,.,1000,.,293.34496,-1.0,4.87269,77,64057947
chr1,46179643,46179809,.,1000,.,293.33665,-1.0,4.87269,78,46179721
chr15,79993482,79993631,.,1000,.,293.29774,-1.0,4.87269,90,79993572
chr10,67855702,67855866,.,1000,.,293.28324,-1.0,4.87269,83,67855785
chr11,73351277,73351426,.,1000,.,293.27935,-1.0,4.87269,88,73351365
chr12,26853861,26854032,.,1000,.,293.2542,-1.0,4.87269,86,26853947
chr10,103485783,103485948,.,1000,.,293.2449,-1.0,4.87269,87,103485870
chr5,82225675,82225837,.,1000,.,293.1717,-1.0,4.87269,86,82225761
chrX,63250362,63250528,.,1000,.,293.16714,-1.0,4.87269,78,63250440
chr1,156066439,156066587,.,1000,.,293.14945,-1.0,4.87269,76,156066515
chr11,33065675,33065839,.,1000,.,293.14675,-1.0,4.87269,102,33065777
chr14,64294946,64295120,.,1000,.,293.1375,-1.0,4.87269,89,64295035
chr2,171574198,171574349,.,1000,.,293.08218,-1.0,4.87269,55,171574253
chr2,60581903,60582050,.,1000,.,293.06159,-1.0,4.87269,81,60581984
chr8,21784447,21784603,.,1000,.,293.01479,-1.0,4.87269,76,21784523
chr17,47949335,47949513,.,1000,.,293.00961,-1.0,4.87269,88,47949423
chr15,72156144,72156302,.,1000,.,293.00609,-1.0,4.87269,74,72156218
chr19,55160632,55160780,.,1000,.,292.99407,-1.0,4.87269,88,55160720
chr15,85840662,85840826,.,1000,.,292.9933,-1.0,4.87269,80,85840742
chr8,37779939,37780099,.,1000,.,292.98853,-1.0,4.87269,72,37780011
chr6,125996076,125996247,.,1000,.,292.95363,-1.0,4.87269,86,125996162
chr9,107172287,107172440,.,1000,.,292.94497,-1.0,4.87269,73,107172360
chr11,111446666,111446816,.,1000,.,292.93227,-1.0,4.87269,74,111446740
chr6,32413538,32413702,.,1000,.,292.92513,-1.0,4.87269,94,32413632
chr6,63598680,63598820,.,1000,.,292.91987,-1.0,4.87269,74,63598754
chr19,46529658,46529817,.,1000,.,292.91845,-1.0,4.87269,82,46529740
chr5,69007898,69008038,.,1000,.,292.86732,-1.0,4.87269,66,69007964
chr8,26088764,26088928,.,1000,.,292.85175,-1.0,4.87269,80,26088844
chr9,97468690,97468843,.,1000,.,292.85077,-1.0,4.87269,94,97468784
chr1,201254638,201254817,.,1000,.,292.83264,-1.0,4.87269,89,201254727
chr11,60831125,60831281,.,1000,.,292.82421,-1.0,4.87269,71,60831196
chr12,57213359,57213551,.,1000,.,292.79048,-1.0,4.87269,100,57213459
chr19,1194607,1194752,.,1000,.,292.77762,-1.0,4.87269,73,1194680
chr7,158977146,158977326,.,1000,.,292.77632,-1.0,4.87269,95,158977241
chr11,66311871,66312058,.,1000,.,292.74676,-1.0,4.87269,97,66311968
chr17,72540437,72540592,.,1000,.,292.71678,-1.0,4.87269,77,72540514
chr1,206982229,206982390,.,1000,.,292.71333,-1.0,4.87269,80,206982309
chr11,65275116,65275254,.,1000,.,292.70873,-1.0,4.87269,70,65275186
chr17,35533420,35533576,.,1000,.,292.70084,-1.0,4.87269,79,35533499
chr19,55504115,55504262,.,1000,.,292.6978,-1.0,4.87269,77,55504192
chr1,6489971,6490126,.,1000,.,292.68123,-1.0,4.87269,81,6490052
chr12,54191654,54191824,.,1000,.,292.6804,-1.0,4.87269,85,54191739
chr3,138068708,138068826,.,1000,.,292.65401,-1.0,4.87269,59,138068767
chr9,109903661,109903769,.,1000,.,292.60434,-1.0,4.87269,69,109903730
chr4,86922481,86922620,.,1000,.,292.59349,-1.0,4.87269,78,86922559
chr2,179219104,179219261,.,1000,.,292.58932,-1.0,4.87269,76,179219180
chr8,117044809,117044962,.,1000,.,292.5853,-1.0,4.87269,71,117044880
chr11,47153222,47153359,.,1000,.,292.58192,-1.0,4.87269,59,47153281
chr11,130213165,130213310,.,1000,.,292.54833,-1.0,4.87269,88,130213253
chr20,330680,330824,.,1000,.,292.53833,-1.0,4.87269,77,330757
chr3,40584638,40584801,.,1000,.,292.5231,-1.0,4.87269,81,40584719
chrX,149470981,149471141,.,1000,.,292.51597,-1.0,4.87269,84,149471065
chr10,79374687,79374827,.,1000,.,292.4854,-1.0,4.87269,63,79374750
chr21,45820657,45820815,.,1000,.,292.47685,-1.0,4.87269,90,45820747
chr1,15323642,15323776,.,1000,.,292.44962,-1.0,4.87269,84,15323726
chr17,38414830,38414966,.,1000,.,292.44767,-1.0,4.87269,60,38414890
chr9,35790393,35790539,.,1000,.,292.43511,-1.0,4.87269,79,35790472
chr1,235093927,235094063,.,1000,.,292.4073,-1.0,4.87269,83,235094010
chr8,60660613,60660762,.,1000,.,292.40435,-1.0,4.87269,63,60660676
chr7,4753982,4754142,.,1000,.,292.39792,-1.0,4.87269,85,4754067
chr17,44141737,44141923,.,1000,.,292.3894,-1.0,4.87269,78,44141815
chr5,179763260,179763406,.,1000,.,292.33314,-1.0,4.87269,73,179763333
chr12,101917796,101917981,.,1000,.,292.30493,-1.0,4.87269,107,101917903
chr11,46529405,46529561,.,1000,.,292.29084,-1.0,4.87269,77,46529482
chr11,123580674,123580844,.,1000,.,292.28881,-1.0,4.87269,88,123580762
chr4,138681120,138681270,.,1000,.,292.28314,-1.0,4.87269,82,138681202
chr11,75022994,75023140,.,1000,.,292.26165,-1.0,4.87269,85,75023079
chr11,64894361,64894511,.,1000,.,292.24312,-1.0,4.87269,76,64894437
chr3,185943624,185943769,.,1000,.,292.20556,-1.0,4.87269,73,185943697
chr17,42116823,42116929,.,1000,.,292.15599,-1.0,4.87269,72,42116895
chr16,3690563,3690720,.,1000,.,292.15122,-1.0,4.87269,63,3690626
chr17,76014306,76014465,.,1000,.,292.15019,-1.0,4.87269,77,76014383
chr6,44096821,44096970,.,1000,.,292.11958,-1.0,4.87269,78,44096899
chr19,3665933,3666112,.,1000,.,292.1054,-1.0,4.87269,92,3666025
chr3,98023337,98023498,.,1000,.,292.104,-1.0,4.87269,80,98023417
chr2,200713075,200713223,.,1000,.,292.06907,-1.0,4.87269,66,200713141
chr14,71753159,71753311,.,1000,.,292.06269,-1.0,4.87269,87,71753246
chr2,70647981,70648152,.,1000,.,292.06224,-1.0,4.87269,88,70648069
chr7,97027773,97027926,.,1000,.,292.04399,-1.0,4.87269,71,97027844
chr16,4330415,4330541,.,1000,.,292.04312,-1.0,4.87269,67,4330482
chr19,19366933,19367104,.,1000,.,292.041,-1.0,4.87269,85,19367018
chr11,57457413,57457575,.,1000,.,292.03942,-1.0,4.87269,95,57457508
chr17,82037313,82037486,.,1000,.,292.03902,-1.0,4.87269,92,82037405
chr2,112259546,112259694,.,1000,.,292.03459,-1.0,4.87269,64,112259610
chr14,96100640,96100845,.,1000,.,292.02663,-1.0,4.87269,107,96100747
chr10,123994717,123994867,.,1000,.,292.01342,-1.0,4.87269,73,123994790
chr7,45136248,45136394,.,1000,.,292.00589,-1.0,4.87269,79,45136327
chr12,569837,570006,.,1000,.,291.94069,-1.0,4.87269,86,569923
chr13,49301279,49301422,.,1000,.,291.93486,-1.0,4.87269,46,49301325
chr11,72431080,72431234,.,1000,.,291.92286,-1.0,4.87269,72,72431152
chr5,108642406,108642566,.,1000,.,291.90773,-1.0,4.87269,74,108642480
chr3,15108199,15108339,.,1000,.,291.89158,-1.0,4.87269,76,15108275
chr19,41449461,41449600,.,1000,.,291.87974,-1.0,4.87269,77,41449538
chr15,58227822,58227982,.,1000,.,291.86661,-1.0,4.87269,84,58227906
chr6,130021137,130021305,.,1000,.,291.85893,-1.0,4.87269,80,130021217
chr3,45938888,45939047,.,1000,.,291.85399,-1.0,4.87269,74,45938962
chr2,10072679,10072815,.,1000,.,291.84246,-1.0,4.87269,73,10072752
chr9,137672920,137673064,.,1000,.,291.83322,-1.0,4.87269,78,137672998
chr6,165850550,165850726,.,1000,.,291.82911,-1.0,4.87269,79,165850629
chr16,66947293,66947441,.,1000,.,291.82013,-1.0,4.87269,68,66947361
chr19,38403019,38403219,.,1000,.,291.81767,-1.0,4.87269,103,38403122
chr16,88785545,88785714,.,1000,.,291.80567,-1.0,4.87269,85,88785630
chr12,54360950,54361123,.,1000,.,291.77277,-1.0,4.87269,86,54361036
chr7,23273154,23273321,.,1000,.,291.74667,-1.0,4.87269,84,23273238
chr15,74438807,74438962,.,1000,.,291.73747,-1.0,4.87269,90,74438897
chr7,1474149,1474297,.,1000,.,291.69258,-1.0,4.87269,62,1474211
chr5,107572104,107572289,.,1000,.,291.66936,-1.0,4.87269,92,107572196
chr16,30814356,30814476,.,1000,.,291.65566,-1.0,4.87269,93,30814449
chr1,110207866,110208031,.,1000,.,291.61937,-1.0,4.87269,69,110207935
chr7,121396318,121396489,.,1000,.,291.61455,-1.0,4.87269,88,121396406
chr1,247390205,247390338,.,1000,.,291.60786,-1.0,4.87269,76,247390281
chr11,19553843,19554022,.,1000,.,291.58159,-1.0,4.87269,85,19553928
chr21,44297755,44297923,.,1000,.,291.5812,-1.0,4.87269,92,44297847
chrX,100685818,100685959,.,1000,.,291.56839,-1.0,4.87269,57,100685875
chr6,31399664,31399812,.,1000,.,291.54491,-1.0,4.87269,76,31399740
chr17,4215442,4215591,.,1000,.,291.54321,-1.0,4.87269,92,4215534
chr3,47522199,47522355,.,1000,.,291.51899,-1.0,4.87269,85,47522284
chr8,46957080,46957275,.,1000,.,291.51678,-1.0,4.87269,94,46957174
chr5,102681504,102681654,.,1000,.,291.47661,-1.0,4.87269,82,102681586
chr1,9491172,9491321,.,1000,.,291.46825,-1.0,4.87269,77,9491249
chr8,42805345,42805500,.,1000,.,291.46574,-1.0,4.87269,83,42805428
chr5,37837473,37837648,.,1000,.,291.46413,-1.0,4.87269,93,37837566
chr14,74860998,74861170,.,1000,.,291.44773,-1.0,4.87269,95,74861093
chr20,57654401,57654551,.,1000,.,291.4234,-1.0,4.87269,59,57654460
chr10,86585550,86585697,.,1000,.,291.39688,-1.0,4.87269,85,86585635
chr2,240851322,240851464,.,1000,.,291.39343,-1.0,4.87269,65,240851387
chr1,110766187,110766325,.,1000,.,291.37414,-1.0,4.87269,53,110766240
chr1,204162590,204162746,.,1000,.,291.37163,-1.0,4.87269,85,204162675
chr9,127734694,127734833,.,1000,.,291.33886,-1.0,4.87269,60,127734754
chr16,83956837,83957008,.,1000,.,291.32759,-1.0,4.87269,88,83956925
chr1,16244489,16244653,.,1000,.,291.31377,-1.0,4.87269,76,16244565
chr17,74493446,74493622,.,1000,.,291.30315,-1.0,4.87269,78,74493524
chr8,22561924,22562080,.,1000,.,291.29771,-1.0,4.87269,89,22562013
chr8,70088662,70088827,.,1000,.,291.28065,-1.0,4.87269,91,70088753
chr9,127504062,127504219,.,1000,.,291.27363,-1.0,4.87269,86,127504148
chr8,89984663,89984824,.,1000,.,291.25538,-1.0,4.87269,71,89984734
chr17,78497197,78497354,.,1000,.,291.2274,-1.0,4.87269,79,78497276
chr1,205791692,205791831,.,1000,.,291.22304,-1.0,4.87269,75,205791767
chr11,33857953,33858089,.,1000,.,291.21575,-1.0,4.87269,84,33858037
chr17,43673915,43674068,.,1000,.,291.21185,-1.0,4.87269,70,43673985
chr20,35303934,35304081,.,1000,.,291.20849,-1.0,4.87269,67,35304001
chr5,132501299,132501439,.,1000,.,291.20646,-1.0,4.87269,61,132501360
chr9,124126922,124127057,.,1000,.,291.18729,-1.0,4.87269,71,124126993
chr20,32778538,32778711,.,1000,.,291.17466,-1.0,4.87269,102,32778640
chr7,98021611,98021772,.,1000,.,291.16714,-1.0,4.87269,90,98021701
chr7,2671014,2671181,.,1000,.,291.16706,-1.0,4.87269,82,2671096
chr7,44565626,44565788,.,1000,.,291.14781,-1.0,4.87269,57,44565683
chr14,21106953,21107102,.,1000,.,291.14114,-1.0,4.87269,82,21107035
chr7,101144120,101144291,.,1000,.,291.10393,-1.0,4.87269,83,101144203
chr15,89430807,89430950,.,1000,.,291.10297,-1.0,4.87269,76,89430883
chr17,32877283,32877451,.,1000,.,291.09365,-1.0,4.87269,81,32877364
chrX,1648688,1648834,.,1000,.,291.06442,-1.0,4.87269,73,1648761
chr11,128757371,128757493,.,1000,.,291.0561,-1.0,4.87269,72,128757443
chr4,37603111,37603270,.,1000,.,291.04583,-1.0,4.87269,70,37603181
chr5,150218260,150218409,.,1000,.,291.04026,-1.0,4.87269,74,150218334
chr5,14727459,14727605,.,1000,.,291.03056,-1.0,4.87269,67,14727526
chr3,183382505,183382673,.,1000,.,291.02854,-1.0,4.87269,82,183382587
chr4,139030754,139030880,.,1000,.,291.00536,-1.0,4.87269,69,139030823
chr16,30942022,30942190,.,1000,.,290.98204,-1.0,4.87269,89,30942111
chr4,113394826,113394952,.,1000,.,290.93541,-1.0,4.87269,74,113394900
chr1,212665332,212665487,.,1000,.,290.92536,-1.0,4.87269,85,212665417
chr1,55022180,55022343,.,1000,.,290.91874,-1.0,4.87269,79,55022259
chr13,91349005,91349163,.,1000,.,290.91861,-1.0,4.87269,85,91349090
chr1,203861393,203861528,.,1000,.,290.90834,-1.0,4.87269,56,203861449
chrX,12771578,12771745,.,1000,.,290.89863,-1.0,4.87269,82,12771660
chr15,76190850,76191015,.,1000,.,290.88777,-1.0,4.87269,84,76190934
chr3,118628844,118628991,.,1000,.,290.88134,-1.0,4.87269,74,118628918
chr13,27826673,27826861,.,1000,.,290.88097,-1.0,4.87269,101,27826774
chr7,92621116,92621262,.,1000,.,290.87551,-1.0,4.87269,73,92621189
chr19,51657049,51657198,.,1000,.,290.84054,-1.0,4.87269,81,51657130
chr1,87131823,87131986,.,1000,.,290.82062,-1.0,4.87269,93,87131916
chr6,170529927,170530086,.,1000,.,290.79479,-1.0,4.87269,79,170530006
chr14,102314283,102314435,.,1000,.,290.79186,-1.0,4.87269,92,102314375
chr11,131694919,131695095,.,1000,.,290.79046,-1.0,4.87269,93,131695012
chr3,157239205,157239381,.,1000,.,290.78531,-1.0,4.87269,87,157239292
chr19,45770267,45770430,.,1000,.,290.77171,-1.0,4.87269,73,45770340
chr15,70488140,70488253,.,1000,.,290.76077,-1.0,4.87269,78,70488218
chr6,134174043,134174195,.,1000,.,290.75789,-1.0,4.87269,73,134174116
chr9,34702217,34702400,.,1000,.,290.75479,-1.0,4.87269,89,34702306
chr5,160508898,160509043,.,1000,.,290.72463,-1.0,4.87269,57,160508955
chr8,10839025,10839158,.,1000,.,290.71445,-1.0,4.87269,34,10839059
chr7,44857040,44857206,.,1000,.,290.66975,-1.0,4.87269,83,44857123
chr6,47788158,47788313,.,1000,.,290.65724,-1.0,4.87269,69,47788227
chr3,12706582,12706716,.,1000,.,290.65044,-1.0,4.87269,71,12706653
chr22,50562811,50562922,.,1000,.,290.6373,-1.0,4.87269,90,50562901
chr20,64120532,64120696,.,1000,.,290.63303,-1.0,4.87269,77,64120609
chr11,129923403,129923542,.,1000,.,290.61909,-1.0,4.87269,73,129923476
chr12,104215660,104215797,.,1000,.,290.5808,-1.0,4.87269,75,104215735
chr3,64484529,64484676,.,1000,.,290.53276,-1.0,4.87269,76,64484605
chr10,88934922,88935051,.,1000,.,290.49346,-1.0,4.87269,75,88934997
chr17,78176642,78176817,.,1000,.,290.48356,-1.0,4.87269,83,78176725
chr3,42099907,42100029,.,1000,.,290.47629,-1.0,4.87269,70,42099977
chr3,194682700,194682843,.,1000,.,290.46901,-1.0,4.87269,67,194682767
chr2,16609134,16609299,.,1000,.,290.43506,-1.0,4.87269,96,16609230
chr16,9139152,9139302,.,1000,.,290.41401,-1.0,4.87269,61,9139213
chr11,44936546,44936684,.,1000,.,290.33196,-1.0,4.87269,83,44936629
chr12,65556848,65556985,.,1000,.,290.32745,-1.0,4.87269,50,65556898
chr17,79970804,79970962,.,1000,.,290.3125,-1.0,4.87269,90,79970894
chr11,20387158,20387338,.,1000,.,290.25456,-1.0,4.87269,86,20387244
chr5,142713183,142713358,.,1000,.,290.24451,-1.0,4.87269,79,142713262
chr1,201043032,201043187,.,1000,.,290.23425,-1.0,4.87269,61,201043093
chr1,175029821,175029981,.,1000,.,290.22692,-1.0,4.87269,81,175029902
chr16,10737180,10737337,.,1000,.,290.22107,-1.0,4.87269,78,10737258
chr7,130010954,130011077,.,1000,.,290.17631,-1.0,4.87269,73,130011027
chr19,46487948,46488085,.,1000,.,290.17436,-1.0,4.87269,86,46488034
chrX,10189721,10189876,.,1000,.,290.155,-1.0,4.87269,73,10189794
chr2,26577915,26578097,.,1000,.,290.13939,-1.0,4.87269,91,26578006
chr16,67993315,67993500,.,1000,.,290.13448,-1.0,4.87269,95,67993410
chr4,189940649,189940860,.,1000,.,290.11659,-1.0,4.87269,109,189940758
chr11,128859947,128860108,.,1000,.,290.104,-1.0,4.87269,78,128860025
chr1,88180619,88180747,.,1000,.,290.10097,-1.0,4.87269,78,88180697
chr17,42406155,42406283,.,1000,.,290.10026,-1.0,4.87269,65,42406220
chr5,150436184,150436319,.,1000,.,290.09294,-1.0,4.87269,69,150436253
chr5,157948898,157949049,.,1000,.,290.07129,-1.0,4.87269,63,157948961
chr4,185005313,185005470,.,1000,.,290.03786,-1.0,4.87269,81,185005394
chr7,5558982,5559136,.,1000,.,290.03609,-1.0,4.87269,70,5559052
chr6,47309977,47310126,.,1000,.,290.03551,-1.0,4.87269,81,47310058
chr3,9353274,9353436,.,1000,.,290.02475,-1.0,4.87269,81,9353355
chr9,99184712,99184870,.,1000,.,290.00781,-1.0,4.87269,67,99184779
chr7,26365203,26365364,.,1000,.,289.99543,-1.0,4.87269,91,26365294
chr8,104418117,104418280,.,1000,.,289.92003,-1.0,4.87269,97,104418214
chr12,22443510,22443669,.,1000,.,289.90666,-1.0,4.87269,76,22443586
chr19,770340,770509,.,1000,.,289.89382,-1.0,4.87269,87,770427
chr11,20648084,20648251,.,1000,.,289.8873,-1.0,4.87269,81,20648165
chr10,98467553,98467695,.,1000,.,289.84528,-1.0,4.87269,68,98467621
chr12,9331233,9331408,.,1000,.,289.82825,-1.0,4.87269,94,9331327
chr3,47421152,47421307,.,1000,.,289.82127,-1.0,4.87269,61,47421213
chr8,41834800,41834976,.,1000,.,289.81293,-1.0,4.87269,86,41834886
chr11,126990485,126990643,.,1000,.,289.81077,-1.0,4.87269,71,126990556
chr9,71806909,71807077,.,1000,.,289.80308,-1.0,4.87269,97,71807006
chr15,41811504,41811668,.,1000,.,289.77461,-1.0,4.87269,85,41811589
chr14,24216041,24216192,.,1000,.,289.77039,-1.0,4.87269,62,24216103
chr16,48164972,48165127,.,1000,.,289.74113,-1.0,4.87269,93,48165065
chr20,12925258,12925425,.,1000,.,289.73378,-1.0,4.87269,73,12925331
chr14,78598138,78598310,.,1000,.,289.73141,-1.0,4.87269,88,78598226
chr11,44110342,44110478,.,1000,.,289.716,-1.0,4.87269,56,44110398
chr1,40952582,40952752,.,1000,.,289.70594,-1.0,4.87269,85,40952667
chr7,106009583,106009740,.,1000,.,289.69795,-1.0,4.87269,80,106009663
chr19,44654517,44654684,.,1000,.,289.69176,-1.0,4.87269,93,44654610
chr5,160438480,160438640,.,1000,.,289.67004,-1.0,4.87269,65,160438545
chr9,136485097,136485272,.,1000,.,289.66905,-1.0,4.87269,99,136485196
chr2,230712686,230712857,.,1000,.,289.63752,-1.0,4.87269,83,230712769
chr1,233791218,233791360,.,1000,.,289.62735,-1.0,4.87269,64,233791282
chr3,149393453,149393638,.,1000,.,289.6176,-1.0,4.87269,95,149393548
chr7,6323093,6323245,.,1000,.,289.61229,-1.0,4.87269,73,6323166
chr4,1167243,1167402,.,1000,.,289.60284,-1.0,4.87269,69,1167312
chr14,22986676,22986817,.,1000,.,289.59165,-1.0,4.87269,77,22986753
chr20,62382824,62382977,.,1000,.,289.58393,-1.0,4.87269,77,62382901
chr7,112550576,112550704,.,1000,.,289.56257,-1.0,4.87269,63,112550639
chr1,175152128,175152296,.,1000,.,289.55539,-1.0,4.87269,79,175152207
chr15,34969807,34969960,.,1000,.,289.55519,-1.0,4.87269,78,34969885
chr1,27097486,27097653,.,1000,.,289.55266,-1.0,4.87269,93,27097579
chr19,1240381,1240546,.,1000,.,289.53747,-1.0,4.87269,73,1240454
chr17,64776951,64777090,.,1000,.,289.47702,-1.0,4.87269,69,64777020
chr16,3059324,3059484,.,1000,.,289.47601,-1.0,4.87269,73,3059397
chr10,73886166,73886304,.,1000,.,289.46497,-1.0,4.87269,84,73886250
chr11,58788534,58788687,.,1000,.,289.4533,-1.0,4.87269,77,58788611
chr20,9978518,9978652,.,1000,.,289.42813,-1.0,4.87269,53,9978571
chr19,48489855,48490014,.,1000,.,289.42257,-1.0,4.87269,81,48489936
chr15,81266535,81266681,.,1000,.,289.41626,-1.0,4.87269,67,81266602
chr15,55168480,55168645,.,1000,.,289.36409,-1.0,4.87269,77,55168557
chr11,1051194,1051342,.,1000,.,289.35969,-1.0,4.87269,73,1051267
chr12,26097151,26097296,.,1000,.,289.26551,-1.0,4.87269,81,26097232
chr4,105474051,105474190,.,1000,.,289.26142,-1.0,4.87269,69,105474120
chr12,49867202,49867376,.,1000,.,289.26068,-1.0,4.87269,87,49867289
chr17,58587760,58587913,.,1000,.,289.25428,-1.0,4.87269,73,58587833
chr2,84314903,84315078,.,1000,.,289.24659,-1.0,4.87269,99,84315002
chr9,98074491,98074657,.,1000,.,289.17621,-1.0,4.87269,73,98074564
chr12,53743710,53743874,.,1000,.,289.16468,-1.0,4.87269,83,53743793
chr21,41283333,41283482,.,1000,.,289.15429,-1.0,4.87269,84,41283417
chr7,45260129,45260297,.,1000,.,289.12921,-1.0,4.87269,77,45260206
chr12,69070426,69070602,.,1000,.,289.12337,-1.0,4.87269,94,69070520
chr9,72039069,72039221,.,1000,.,289.11379,-1.0,4.87269,76,72039145
chr7,76020222,76020380,.,1000,.,289.10964,-1.0,4.87269,89,76020311
chr3,114152519,114152689,.,1000,.,289.09065,-1.0,4.87269,83,114152602
chr18,13823970,13824132,.,1000,.,289.08282,-1.0,4.87269,93,13824063
chr5,176416546,176416718,.,1000,.,289.05825,-1.0,4.87269,103,176416649
chr10,100535731,100535871,.,1000,.,289.05348,-1.0,4.87269,60,100535791
chr12,121110413,121110577,.,1000,.,289.04307,-1.0,4.87269,99,121110512
chr1,108561861,108561989,.,1000,.,289.03684,-1.0,4.87269,61,108561922
chr5,55936208,55936382,.,1000,.,289.02133,-1.0,4.87269,87,55936295
chr1,227542663,227542815,.,1000,.,289.01136,-1.0,4.87269,77,227542740
chr12,120201260,120201430,.,1000,.,289.00365,-1.0,4.87269,87,120201347
chr12,32755229,32755382,.,1000,.,288.98879,-1.0,4.87269,56,32755285
chr16,89700171,89700343,.,1000,.,288.98791,-1.0,4.87269,89,89700260
chr20,33457278,33457431,.,1000,.,288.93651,-1.0,4.87269,86,33457364
chr22,50030389,50030528,.,1000,.,288.91934,-1.0,4.87269,81,50030470
chr12,15590465,15590599,.,1000,.,288.89333,-1.0,4.87269,68,15590533
chr19,2613914,2614064,.,1000,.,288.88499,-1.0,4.87269,74,2613988
chr8,93975268,93975407,.,1000,.,288.88253,-1.0,4.87269,74,93975342
chr12,119902146,119902302,.,1000,.,288.8785,-1.0,4.87269,72,119902218
chr5,157328525,157328692,.,1000,.,288.80827,-1.0,4.87269,71,157328596
chr17,56961029,56961216,.,1000,.,288.8025,-1.0,4.87269,84,56961113
chr1,186482797,186482933,.,1000,.,288.80139,-1.0,4.87269,60,186482857
chr3,124901418,124901584,.,1000,.,288.80071,-1.0,4.87269,87,124901505
chr19,1445245,1445429,.,1000,.,288.78965,-1.0,4.87269,87,1445332
chr22,31345860,31346026,.,1000,.,288.77643,-1.0,4.87269,96,31345956
chr17,50139974,50140147,.,1000,.,288.77455,-1.0,4.87269,79,50140053
chr11,118053493,118053644,.,1000,.,288.77269,-1.0,4.87269,86,118053579
chr1,44217820,44217981,.,1000,.,288.74867,-1.0,4.87269,79,44217899
chr21,38733991,38734175,.,1000,.,288.7398,-1.0,4.87269,85,38734076
chr17,59521579,59521735,.,1000,.,288.72342,-1.0,4.87269,89,59521668
chr15,79853626,79853769,.,1000,.,288.72149,-1.0,4.87269,63,79853689
chr11,2532843,2533012,.,1000,.,288.72014,-1.0,4.87269,112,2532955
chr22,38870330,38870495,.,1000,.,288.70672,-1.0,4.87269,80,38870410
chr3,69161714,69161853,.,1000,.,288.65779,-1.0,4.87269,65,69161779
chr7,100563993,100564140,.,1000,.,288.65407,-1.0,4.87269,74,100564067
chr20,4085336,4085496,.,1000,.,288.62501,-1.0,4.87269,95,4085431
chr20,17898604,17898761,.,1000,.,288.58699,-1.0,4.87269,81,17898685
chr22,38353249,38353406,.,1000,.,288.57717,-1.0,4.87269,61,38353310
chr17,49395129,49395294,.,1000,.,288.57653,-1.0,4.87269,74,49395203
chr2,11863732,11863875,.,1000,.,288.55661,-1.0,4.87269,67,11863799
chr12,108618213,108618358,.,1000,.,288.55215,-1.0,4.87269,76,108618289
chr17,32910015,32910151,.,1000,.,288.53865,-1.0,4.87269,70,32910085
chr11,119356376,119356557,.,1000,.,288.53424,-1.0,4.87269,95,119356471
chr7,38215828,38215982,.,1000,.,288.53271,-1.0,4.87269,64,38215892
chr4,8176921,8177092,.,1000,.,288.49714,-1.0,4.87269,80,8177001
chr12,50111627,50111826,.,1000,.,288.49657,-1.0,4.87269,95,50111722
chr1,2554979,2555129,.,1000,.,288.4954,-1.0,4.87269,79,2555058
chr5,132820238,132820375,.,1000,.,288.48517,-1.0,4.87269,65,132820303
chr10,103686290,103686424,.,1000,.,288.47512,-1.0,4.87269,66,103686356
chr13,76980212,76980361,.,1000,.,288.47316,-1.0,4.87269,84,76980296
chr7,37182093,37182259,.,1000,.,288.46632,-1.0,4.87269,85,37182178
chr3,141561557,141561706,.,1000,.,288.46425,-1.0,4.87269,80,141561637
chr17,72118702,72118861,.,1000,.,288.42764,-1.0,4.87269,79,72118781
chr8,23474362,23474533,.,1000,.,288.41345,-1.0,4.87269,85,23474447
chr6,47414116,47414258,.,1000,.,288.40233,-1.0,4.87269,53,47414169
chr1,164787424,164787574,.,1000,.,288.36228,-1.0,4.87269,81,164787505
chr2,27098694,27098876,.,1000,.,288.36144,-1.0,4.87269,86,27098780
chr10,88935458,88935620,.,1000,.,288.35329,-1.0,4.87269,84,88935542
chr12,108803628,108803799,.,1000,.,288.35115,-1.0,4.87269,71,108803699
chr15,80776548,80776701,.,1000,.,288.33159,-1.0,4.87269,81,80776629
chr17,34420395,34420539,.,1000,.,288.32584,-1.0,4.87269,75,34420470
chr22,29040799,29040947,.,1000,.,288.30768,-1.0,4.87269,71,29040870
chr9,134449673,134449823,.,1000,.,288.29733,-1.0,4.87269,73,134449746
chr2,217789306,217789447,.,1000,.,288.28657,-1.0,4.87269,68,217789374
chr1,58652720,58652846,.,1000,.,288.28001,-1.0,4.87269,55,58652775
chr15,61834195,61834368,.,1000,.,288.27789,-1.0,4.87269,91,61834286
chr11,1694109,1694255,.,1000,.,288.27325,-1.0,4.87269,53,1694162
chr10,131885436,131885581,.,1000,.,288.27301,-1.0,4.87269,97,131885533
chr6,143427355,143427492,.,1000,.,288.26759,-1.0,4.87269,50,143427405
chr4,170138692,170138869,.,1000,.,288.25734,-1.0,4.87269,93,170138785
chr2,231056512,231056655,.,1000,.,288.23901,-1.0,4.87269,65,231056577
chr11,15650090,15650265,.,1000,.,288.20451,-1.0,4.87269,87,15650177
chr4,13549019,13549183,.,1000,.,288.19878,-1.0,4.87269,87,13549106
chr17,8110339,8110497,.,1000,.,288.18945,-1.0,4.87269,72,8110411
chr14,74608971,74609134,.,1000,.,288.17298,-1.0,4.87269,89,74609060
chr19,47788876,47789025,.,1000,.,288.14175,-1.0,4.87269,81,47788957
chr11,73964437,73964577,.,1000,.,288.12834,-1.0,4.87269,66,73964503
chr1,5745894,5746046,.,1000,.,288.09412,-1.0,4.87269,87,5745981
chr5,159106895,159107060,.,1000,.,288.08225,-1.0,4.87269,94,159106989
chr5,126676223,126676355,.,1000,.,288.0637,-1.0,4.87269,60,126676283
chr10,77837712,77837874,.,1000,.,288.03958,-1.0,4.87269,81,77837793
chr4,39135418,39135552,.,1000,.,288.03731,-1.0,4.87269,90,39135508
chr16,67667962,67668144,.,1000,.,287.99566,-1.0,4.87269,98,67668060
chr7,108146325,108146496,.,1000,.,287.98957,-1.0,4.87269,87,108146412
chr17,28548236,28548412,.,1000,.,287.95165,-1.0,4.87269,87,28548323
chr15,67457028,67457184,.,1000,.,287.94152,-1.0,4.87269,91,67457119
chr19,9796277,9796444,.,1000,.,287.89475,-1.0,4.87269,84,9796361
chr9,128863694,128863857,.,1000,.,287.87028,-1.0,4.87269,61,128863755
chr3,141441499,141441607,.,1000,.,287.85259,-1.0,4.87269,64,141441563
chr16,14529232,14529377,.,1000,.,287.83746,-1.0,4.87269,75,14529307
chr1,28091330,28091463,.,1000,.,287.82934,-1.0,4.87269,48,28091378
chr19,3700522,3700713,.,1000,.,287.82459,-1.0,4.87269,92,3700614
chr20,37269765,37269928,.,1000,.,287.82081,-1.0,4.87269,75,37269840
chr1,153677782,153677954,.,1000,.,287.81566,-1.0,4.87269,75,153677857
chr19,19146140,19146281,.,1000,.,287.81176,-1.0,4.87269,65,19146205
chr11,2420806,2420969,.,1000,.,287.79877,-1.0,4.87269,79,2420885
chr1,154559598,154559744,.,1000,.,287.7605,-1.0,4.87269,86,154559684
chr2,46650646,46650772,.,1000,.,287.74734,-1.0,4.87269,75,46650721
chr1,40850095,40850263,.,1000,.,287.74734,-1.0,4.87269,87,40850182
chr6,134063939,134064118,.,1000,.,287.74616,-1.0,4.87269,84,134064023
chr12,57462795,57462930,.,1000,.,287.70655,-1.0,4.87269,45,57462840
chr1,1063904,1064068,.,1000,.,287.7026,-1.0,4.87269,78,1063982
chr3,111539833,111539997,.,1000,.,287.69508,-1.0,4.87269,70,111539903
chr1,41268252,41268409,.,1000,.,287.65922,-1.0,4.87269,98,41268350
chr15,38564101,38564261,.,1000,.,287.65666,-1.0,4.87269,80,38564181
chr11,133927704,133927841,.,1000,.,287.62788,-1.0,4.87269,84,133927788
chr7,35537516,35537675,.,1000,.,287.61264,-1.0,4.87269,94,35537610
chr1,230310686,230310841,.,1000,.,287.60057,-1.0,4.87269,73,230310759
chr17,43944057,43944232,.,1000,.,287.59264,-1.0,4.87269,102,43944159
chr12,117212691,117212847,.,1000,.,287.58947,-1.0,4.87269,75,117212766
chr15,83011627,83011757,.,1000,.,287.57886,-1.0,4.87269,80,83011707
chr4,41692978,41693121,.,1000,.,287.57565,-1.0,4.87269,73,41693051
chr17,64025860,64026047,.,1000,.,287.56293,-1.0,4.87269,88,64025948
chr17,48492595,48492768,.,1000,.,287.54539,-1.0,4.87269,84,48492679
chr1,37487461,37487643,.,1000,.,287.49564,-1.0,4.87269,94,37487555
chr17,38663195,38663344,.,1000,.,287.49185,-1.0,4.87269,83,38663278
chr19,2962176,2962324,.,1000,.,287.48773,-1.0,4.87269,83,2962259
chr21,28745161,28745310,.,1000,.,287.4751,-1.0,4.87269,80,28745241
chr16,11532240,11532408,.,1000,.,287.47447,-1.0,4.87269,91,11532331
chr1,178532415,178532568,.,1000,.,287.46224,-1.0,4.87269,75,178532490
chr17,42181402,42181551,.,1000,.,287.45962,-1.0,4.87269,75,42181477
chr16,75199447,75199591,.,1000,.,287.45672,-1.0,4.87269,63,75199510
chrX,41253785,41253934,.,1000,.,287.45464,-1.0,4.87269,85,41253870
chr4,182925357,182925573,.,1000,.,287.43445,-1.0,4.87269,105,182925462
chr6,35522934,35523094,.,1000,.,287.40557,-1.0,4.87269,75,35523009
chr2,128321895,128322069,.,1000,.,287.37666,-1.0,4.87269,81,128321976
chr11,64887978,64888145,.,1000,.,287.33417,-1.0,4.87269,86,64888064
chr3,46895293,46895448,.,1000,.,287.32752,-1.0,4.87269,84,46895377
chr16,22206049,22206270,.,1000,.,287.32372,-1.0,4.87269,103,22206152
chr10,122980305,122980469,.,1000,.,287.30866,-1.0,4.87269,80,122980385
chr16,48353680,48353835,.,1000,.,287.29801,-1.0,4.87269,73,48353753
chr10,96229647,96229799,.,1000,.,287.2919,-1.0,4.87269,108,96229755
chr3,138052314,138052459,.,1000,.,287.2856,-1.0,4.87269,66,138052380
chr2,48106648,48106784,.,1000,.,287.28177,-1.0,4.87269,67,48106715
chr3,9932873,9933046,.,1000,.,287.28069,-1.0,4.87269,96,9932969
chr9,114487713,114487870,.,1000,.,287.25915,-1.0,4.87269,60,114487773
chr8,116766269,116766440,.,1000,.,287.2483,-1.0,4.87269,87,116766356
chr13,20495240,20495368,.,1000,.,287.23177,-1.0,4.87269,67,20495307
chr19,2611300,2611422,.,1000,.,287.22811,-1.0,4.87269,64,2611364
chr15,73992320,73992471,.,1000,.,287.22431,-1.0,4.87269,77,73992397
chr2,68122503,68122640,.,1000,.,287.21314,-1.0,4.87269,61,68122564
chr10,109884258,109884415,.,1000,.,287.19425,-1.0,4.87269,82,109884340
chr7,39465069,39465237,.,1000,.,287.19264,-1.0,4.87269,86,39465155
chr17,72727810,72727950,.,1000,.,287.1817,-1.0,4.87269,52,72727862
chr3,42443947,42444078,.,1000,.,287.17237,-1.0,4.87269,61,42444008
chr16,89167553,89167685,.,1000,.,287.16971,-1.0,4.87269,74,89167627
chr8,11765552,11765703,.,1000,.,287.16888,-1.0,4.87269,85,11765637
chr5,76256386,76256531,.,1000,.,287.15222,-1.0,4.87269,74,76256460
chr3,170414244,170414349,.,1000,.,287.12017,-1.0,4.87269,51,170414295
chr17,74368378,74368519,.,1000,.,287.09968,-1.0,4.87269,68,74368446
chr16,84511445,84511585,.,1000,.,287.09707,-1.0,4.87269,67,84511512
chr6,36680524,36680683,.,1000,.,287.09479,-1.0,4.87269,104,36680628
chr2,20635919,20636086,.,1000,.,287.08619,-1.0,4.87269,71,20635990
chr5,178280051,178280213,.,1000,.,287.07987,-1.0,4.87269,80,178280131
chr8,71975349,71975478,.,1000,.,287.0732,-1.0,4.87269,65,71975414
chr10,62818033,62818187,.,1000,.,287.06924,-1.0,4.87269,99,62818132
chr3,39000066,39000228,.,1000,.,287.05931,-1.0,4.87269,96,39000162
chr7,74206665,74206852,.,1000,.,287.02439,-1.0,4.87269,96,74206761
chr5,178730756,178730898,.,1000,.,287.02107,-1.0,4.87269,90,178730846
chr3,66407848,66408029,.,1000,.,286.98855,-1.0,4.87269,96,66407944
chr14,45268648,45268781,.,1000,.,286.973,-1.0,4.87269,86,45268734
chr7,47819442,47819576,.,1000,.,286.96161,-1.0,4.87269,71,47819513
chr15,85854447,85854603,.,1000,.,286.95722,-1.0,4.87269,85,85854532
chr19,15419268,15419391,.,1000,.,286.9426,-1.0,4.87269,41,15419309
chr15,74373734,74373889,.,1000,.,286.93041,-1.0,4.87269,79,74373813
chr1,35569032,35569171,.,1000,.,286.91787,-1.0,4.87269,66,35569098
chr6,20291810,20291947,.,1000,.,286.85372,-1.0,4.87269,58,20291868
chr20,8132007,8132179,.,1000,.,286.84119,-1.0,4.87269,82,8132089
chr12,124940709,124940902,.,1000,.,286.83262,-1.0,4.87269,103,124940812
chr12,31682229,31682373,.,1000,.,286.81881,-1.0,4.87269,81,31682310
chr3,114383883,114384054,.,1000,.,286.81234,-1.0,4.87269,84,114383967
chr11,74726671,74726844,.,1000,.,286.81039,-1.0,4.87269,80,74726751
chr1,211323558,211323691,.,1000,.,286.80748,-1.0,4.87269,75,211323633
chr1,203269178,203269331,.,1000,.,286.76222,-1.0,4.87269,72,203269250
chr10,99845920,99846071,.,1000,.,286.7391,-1.0,4.87269,76,99845996
chr12,56987650,56987792,.,1000,.,286.69797,-1.0,4.87269,58,56987708
chr3,25648160,25648325,.,1000,.,286.6973,-1.0,4.87269,85,25648245
chr2,70861952,70862104,.,1000,.,286.68867,-1.0,4.87269,76,70862028
chrX,46796713,46796869,.,1000,.,286.66832,-1.0,4.87269,70,46796783
chr21,41816673,41816835,.,1000,.,286.64494,-1.0,4.87269,77,41816750
chr10,123967773,123967926,.,1000,.,286.63807,-1.0,4.87269,84,123967857
chr9,84954193,84954339,.,1000,.,286.61474,-1.0,4.87269,69,84954262
chr2,112941856,112941994,.,1000,.,286.60209,-1.0,4.87269,74,112941930
chr4,145234224,145234369,.,1000,.,286.5863,-1.0,4.87269,65,145234289
chr6,134641074,134641195,.,1000,.,286.55923,-1.0,4.87269,53,134641127
chr10,11515725,11515868,.,1000,.,286.5271,-1.0,4.87269,76,11515801
chr2,233443657,233443815,.,1000,.,286.52076,-1.0,4.87269,65,233443722
chr1,207828678,207828843,.,1000,.,286.50771,-1.0,4.87269,73,207828751
chr22,28020133,28020287,.,1000,.,286.46983,-1.0,4.87269,73,28020206
chr1,16009135,16009270,.,1000,.,286.44773,-1.0,4.87269,54,16009189
chr10,77846727,77846908,.,1000,.,286.43951,-1.0,4.87269,94,77846821
chr11,45340111,45340299,.,1000,.,286.43161,-1.0,4.87269,90,45340201
chr14,102316923,102317100,.,1000,.,286.41044,-1.0,4.87269,106,102317029
chr10,34638539,34638727,.,1000,.,286.39348,-1.0,4.87269,94,34638633
chr4,1899341,1899492,.,1000,.,286.37765,-1.0,4.87269,64,1899405
chr8,98941050,98941207,.,1000,.,286.35102,-1.0,4.87269,75,98941125
chr20,57381901,57382046,.,1000,.,286.34383,-1.0,4.87269,60,57381961
chr1,182396839,182396986,.,1000,.,286.3266,-1.0,4.87269,66,182396905
chr2,27169929,27170115,.,1000,.,286.31678,-1.0,4.87269,92,27170021
chr8,37916281,37916474,.,1000,.,286.31547,-1.0,4.87269,98,37916379
chr19,48588993,48589186,.,1000,.,286.31056,-1.0,4.87269,88,48589081
chr2,216114742,216114877,.,1000,.,286.27304,-1.0,4.87269,83,216114825
chr11,118690161,118690360,.,1000,.,286.26239,-1.0,4.87269,139,118690300
chr3,58491861,58492048,.,1000,.,286.22558,-1.0,4.87269,91,58491952
chr16,23434414,23434571,.,1000,.,286.22415,-1.0,4.87269,77,23434491
chr14,68788998,68789180,.,1000,.,286.22406,-1.0,4.87269,105,68789103
chr5,139262772,139262898,.,1000,.,286.2202,-1.0,4.87269,57,139262829
chr6,138588922,138589055,.,1000,.,286.19955,-1.0,4.87269,67,138588989
chr4,77203712,77203877,.,1000,.,286.1974,-1.0,4.87269,80,77203792
chr1,199243567,199243731,.,1000,.,286.17474,-1.0,4.87269,68,199243635
chr17,48026518,48026673,.,1000,.,286.14899,-1.0,4.87269,61,48026579
chr1,101309336,101309499,.,1000,.,286.10021,-1.0,4.87269,86,101309422
chr17,73369998,73370139,.,1000,.,286.09578,-1.0,4.87269,67,73370065
chr8,17699668,17699807,.,1000,.,286.07395,-1.0,4.87269,73,17699741
chr17,58447582,58447735,.,1000,.,286.06449,-1.0,4.87269,93,58447675
chr12,120325570,120325720,.,1000,.,286.05436,-1.0,4.87269,56,120325626
chr3,51391029,51391153,.,1000,.,286.03266,-1.0,4.87269,54,51391083
chr2,200481495,200481667,.,1000,.,286.00888,-1.0,4.87269,94,200481589
chr17,63697992,63698149,.,1000,.,285.96948,-1.0,4.87269,75,63698067
chr20,32521829,32521986,.,1000,.,285.9496,-1.0,4.87269,60,32521889
chr10,95430484,95430622,.,1000,.,285.933,-1.0,4.87269,80,95430564
chr12,52279068,52279218,.,1000,.,285.91684,-1.0,4.87269,80,52279148
chr15,89358680,89358852,.,1000,.,285.91128,-1.0,4.87269,79,89358759
chr15,63610254,63610395,.,1000,.,285.87751,-1.0,4.87269,79,63610333
chr17,42527335,42527493,.,1000,.,285.8493,-1.0,4.87269,92,42527427
chr9,126558158,126558305,.,1000,.,285.84215,-1.0,4.87269,76,126558234
chr20,17537065,17537186,.,1000,.,285.82517,-1.0,4.87269,57,17537122
chr4,68498529,68498670,.,1000,.,285.81633,-1.0,4.87269,79,68498608
chr12,12704680,12704923,.,1000,.,285.81197,-1.0,4.87269,100,12704780
chr17,5062501,5062651,.,1000,.,285.7974,-1.0,4.87269,87,5062588
chr20,5529759,5529906,.,1000,.,285.69336,-1.0,4.87269,68,5529827
chrX,129637630,129637769,.,1000,.,285.67526,-1.0,4.87269,55,129637685
chr8,9065837,9065971,.,1000,.,285.61383,-1.0,4.87269,66,9065903
chr14,106831372,106831654,.,1000,.,285.61159,-1.0,4.87269,180,106831552
chr3,37996953,37997100,.,1000,.,285.60933,-1.0,4.87269,74,37997027
chr1,17059774,17059914,.,1000,.,285.60009,-1.0,4.87269,67,17059841
chr6,98845904,98846048,.,1000,.,285.5954,-1.0,4.87269,64,98845968
chr3,120561354,120561490,.,1000,.,285.57689,-1.0,4.87269,67,120561421
chr7,27161063,27161202,.,1000,.,285.56789,-1.0,4.87269,74,27161137
chr11,126440923,126441070,.,1000,.,285.56543,-1.0,4.87269,102,126441025
chr14,99982582,99982733,.,1000,.,285.55788,-1.0,4.87269,60,99982642
chr3,186614956,186615105,.,1000,.,285.54426,-1.0,4.87269,89,186615045
chr16,2423209,2423384,.,1000,.,285.474,-1.0,4.87269,83,2423292
chr17,67825336,67825457,.,1000,.,285.46844,-1.0,4.87269,74,67825410
chr2,57759926,57760115,.,1000,.,285.45718,-1.0,4.87269,85,57760011
chr10,11758028,11758180,.,1000,.,285.44897,-1.0,4.87269,79,11758107
chr20,53915874,53916013,.,1000,.,285.43973,-1.0,4.87269,65,53915939
chr17,76279606,76279747,.,1000,.,285.42786,-1.0,4.87269,71,76279677
chr12,6040145,6040280,.,1000,.,285.41915,-1.0,4.87269,46,6040191
chr17,10845256,10845435,.,1000,.,285.40885,-1.0,4.87269,74,10845330
chr3,138923560,138923708,.,1000,.,285.40641,-1.0,4.87269,68,138923628
chr19,48795216,48795388,.,1000,.,285.38802,-1.0,4.87269,69,48795285
chr3,141192333,141192539,.,1000,.,285.38301,-1.0,4.87269,92,141192425
chr4,38319914,38320073,.,1000,.,285.37801,-1.0,4.87269,81,38319995
chr8,94079850,94080004,.,1000,.,285.37327,-1.0,4.87269,89,94079939
chr1,56831999,56832146,.,1000,.,285.36984,-1.0,4.87269,62,56832061
chr17,55526482,55526647,.,1000,.,285.35269,-1.0,4.87269,82,55526564
chr12,7109246,7109385,.,1000,.,285.34674,-1.0,4.87269,86,7109332
chr17,49996667,49996837,.,1000,.,285.34201,-1.0,4.87269,90,49996757
chr13,26985390,26985534,.,1000,.,285.32197,-1.0,4.87269,90,26985480
chr6,51959878,51960024,.,1000,.,285.31193,-1.0,4.87269,74,51959952
chr12,48165229,48165392,.,1000,.,285.27835,-1.0,4.87269,78,48165307
chr11,61254525,61254675,.,1000,.,285.24876,-1.0,4.87269,93,61254618
chr15,68306774,68306908,.,1000,.,285.24443,-1.0,4.87269,60,68306834
chr9,92790896,92791023,.,1000,.,285.23538,-1.0,4.87269,66,92790962
chr16,68800379,68800553,.,1000,.,285.19893,-1.0,4.87269,78,68800457
chr10,13161270,13161430,.,1000,.,285.192,-1.0,4.87269,91,13161361
chr2,207746159,207746315,.,1000,.,285.17582,-1.0,4.87269,78,207746237
chr8,81235350,81235505,.,1000,.,285.11916,-1.0,4.87269,89,81235439
chr1,32773092,32773265,.,1000,.,285.11371,-1.0,4.87269,92,32773184
chr5,151316116,151316272,.,1000,.,285.06819,-1.0,4.87269,73,151316189
chr20,645609,645752,.,1000,.,285.0422,-1.0,4.87269,78,645687
chr5,178076235,178076384,.,1000,.,285.0167,-1.0,4.87269,78,178076313
chr3,102229165,102229294,.,1000,.,285.01525,-1.0,4.87269,73,102229238
chr7,142587681,142587843,.,1000,.,285.00666,-1.0,4.87269,86,142587767
chr3,49171104,49171253,.,1000,.,285.00636,-1.0,4.87269,86,49171190
chr12,54201419,54201598,.,1000,.,284.99639,-1.0,4.87269,91,54201510
chr1,220810256,220810411,.,1000,.,284.98468,-1.0,4.87269,63,220810319
chr16,83826216,83826339,.,1000,.,284.97847,-1.0,4.87269,57,83826273
chr2,147989903,147990112,.,1000,.,284.96824,-1.0,4.87269,110,147990013
chr11,10735855,10736039,.,1000,.,284.94982,-1.0,4.87269,94,10735949
chr15,77959503,77959624,.,1000,.,284.90564,-1.0,4.87269,55,77959558
chr6,156564494,156564620,.,1000,.,284.90508,-1.0,4.87269,74,156564568
chr10,13660080,13660246,.,1000,.,284.90235,-1.0,4.87269,81,13660161
chr5,111278975,111279102,.,1000,.,284.90157,-1.0,4.87269,62,111279037
chr11,9506855,9507021,.,1000,.,284.89861,-1.0,4.87269,80,9506935
chr1,110312683,110312868,.,1000,.,284.88139,-1.0,4.87269,78,110312761
chr8,129535900,129536045,.,1000,.,284.87999,-1.0,4.87269,62,129535962
chr22,39170889,39171060,.,1000,.,284.87602,-1.0,4.87269,79,39170968
chr2,16900509,16900673,.,1000,.,284.87581,-1.0,4.87269,95,16900604
chr11,117181338,117181511,.,1000,.,284.86751,-1.0,4.87269,101,117181439
chr15,42926815,42926938,.,1000,.,284.85837,-1.0,4.87269,65,42926880
chr16,4506513,4506651,.,1000,.,284.85488,-1.0,4.87269,73,4506586
chr1,172444068,172444215,.,1000,.,284.8456,-1.0,4.87269,84,172444152
chr1,226547795,226547951,.,1000,.,284.80517,-1.0,4.87269,68,226547863
chr9,114405702,114405847,.,1000,.,284.79204,-1.0,4.87269,56,114405758
chr2,23927038,23927212,.,1000,.,284.76334,-1.0,4.87269,102,23927140
chr2,177335059,177335217,.,1000,.,284.75199,-1.0,4.87269,87,177335146
chr8,23410454,23410606,.,1000,.,284.7395,-1.0,4.87269,87,23410541
chr3,52220540,52220677,.,1000,.,284.7327,-1.0,4.87269,61,52220601
chr16,72502211,72502358,.,1000,.,284.73119,-1.0,4.87269,77,72502288
chr5,150161719,150161855,.,1000,.,284.71958,-1.0,4.87269,83,150161802
chr1,201482135,201482316,.,1000,.,284.7175,-1.0,4.87269,111,201482246
chr11,116691793,116691955,.,1000,.,284.70051,-1.0,4.87269,80,116691873
chr11,69670332,69670493,.,1000,.,284.65643,-1.0,4.87269,81,69670413
chr14,104768623,104768754,.,1000,.,284.65131,-1.0,4.87269,66,104768689
chr1,110496110,110496233,.,1000,.,284.62804,-1.0,4.87269,67,110496177
chr21,45439505,45439642,.,1000,.,284.62294,-1.0,4.87269,52,45439557
chr7,44241076,44241215,.,1000,.,284.61799,-1.0,4.87269,62,44241138
chr14,21014790,21014942,.,1000,.,284.60222,-1.0,4.87269,78,21014868
chr12,76621578,76621723,.,1000,.,284.60197,-1.0,4.87269,95,76621673
chr1,34859847,34860001,.,1000,.,284.54627,-1.0,4.87269,55,34859902
chr6,31068976,31069141,.,1000,.,284.54074,-1.0,4.87269,69,31069045
chr16,66406561,66406735,.,1000,.,284.52957,-1.0,4.87269,72,66406633
chr9,2857717,2857855,.,1000,.,284.52537,-1.0,4.87269,66,2857783
chr7,38107532,38107695,.,1000,.,284.51698,-1.0,4.87269,90,38107622
chr5,139513650,139513810,.,1000,.,284.50729,-1.0,4.87269,82,139513732
chr12,101773683,101773840,.,1000,.,284.48177,-1.0,4.87269,78,101773761
chr16,8880361,8880494,.,1000,.,284.4668,-1.0,4.87269,80,8880441
chr16,77675826,77675970,.,1000,.,284.45493,-1.0,4.87269,84,77675910
chr17,29618067,29618228,.,1000,.,284.43381,-1.0,4.87269,72,29618139
chr8,141347027,141347171,.,1000,.,284.42956,-1.0,4.87269,76,141347103
chr12,1605331,1605476,.,1000,.,284.39701,-1.0,4.87269,77,1605408
chr10,75230697,75230840,.,1000,.,284.38433,-1.0,4.87269,78,75230775
chr13,60431234,60431382,.,1000,.,284.35724,-1.0,4.87269,78,60431312
chr11,67506217,67506338,.,1000,.,284.33217,-1.0,4.87269,73,67506290
chr3,169863540,169863671,.,1000,.,284.3264,-1.0,4.87269,55,169863595
chr19,55606296,55606442,.,1000,.,284.31349,-1.0,4.87269,90,55606386
chr16,67017946,67018080,.,1000,.,284.26252,-1.0,4.87269,76,67018022
chr2,99559201,99559352,.,1000,.,284.22057,-1.0,4.87269,65,99559266
chr10,79347272,79347446,.,1000,.,284.21174,-1.0,4.87269,97,79347369
chr3,49449206,49449361,.,1000,.,284.20849,-1.0,4.87269,87,49449293
chr14,72516986,72517111,.,1000,.,284.17532,-1.0,4.87269,57,72517043
chr2,143034438,143034602,.,1000,.,284.16914,-1.0,4.87269,82,143034520
chr8,80249671,80249844,.,1000,.,284.16561,-1.0,4.87269,80,80249751
chr8,67490391,67490560,.,1000,.,284.16425,-1.0,4.87269,77,67490468
chr17,29580448,29580558,.,1000,.,284.15126,-1.0,4.87269,63,29580511
chr1,1906373,1906492,.,1000,.,284.13087,-1.0,4.87269,24,1906397
chr4,73257263,73257427,.,1000,.,284.11285,-1.0,4.87269,68,73257331
chr19,16247703,16247864,.,1000,.,284.10491,-1.0,4.87269,73,16247776
chr18,45691372,45691524,.,1000,.,284.10108,-1.0,4.87269,87,45691459
chr17,75201843,75201983,.,1000,.,284.09967,-1.0,4.87269,56,75201899
chr14,100377958,100378090,.,1000,.,284.08074,-1.0,4.87269,68,100378026
chr17,67378787,67378994,.,1000,.,284.07463,-1.0,4.87269,107,67378894
chr15,89760856,89761016,.,1000,.,284.05607,-1.0,4.87269,74,89760930
chr7,74417495,74417630,.,1000,.,284.0526,-1.0,4.87269,75,74417570
chr6,41603153,41603296,.,1000,.,284.05082,-1.0,4.87269,85,41603238
chr12,104109281,104109439,.,1000,.,284.05028,-1.0,4.87269,78,104109359
chr19,2156092,2156246,.,1000,.,284.04825,-1.0,4.87269,78,2156170
chr6,36123914,36124083,.,1000,.,284.03413,-1.0,4.87269,91,36124005
chr3,14781025,14781170,.,1000,.,284.03368,-1.0,4.87269,85,14781110
chr21,36141535,36141701,.,1000,.,284.03106,-1.0,4.87269,90,36141625
chr4,43132095,43132235,.,1000,.,284.02115,-1.0,4.87269,78,43132173
chr14,103078357,103078526,.,1000,.,284.01046,-1.0,4.87269,93,103078450
chr5,76403164,76403309,.,1000,.,283.99428,-1.0,4.87269,57,76403221
chr7,150963057,150963224,.,1000,.,283.99406,-1.0,4.87269,88,150963145
chr12,48853351,48853489,.,1000,.,283.98745,-1.0,4.87269,65,48853416
chr9,35882334,35882517,.,1000,.,283.98383,-1.0,4.87269,98,35882432
chr5,132063544,132063678,.,1000,.,283.97402,-1.0,4.87269,71,132063615
chr15,89416383,89416567,.,1000,.,283.97279,-1.0,4.87269,92,89416475
chr17,76182280,76182420,.,1000,.,283.95862,-1.0,4.87269,86,76182366
chr1,204763907,204764035,.,1000,.,283.95378,-1.0,4.87269,79,204763986
chr4,2220151,2220289,.,1000,.,283.94214,-1.0,4.87269,46,2220197
chr5,56201230,56201383,.,1000,.,283.92811,-1.0,4.87269,73,56201303
chr3,42118886,42119024,.,1000,.,283.90669,-1.0,4.87269,72,42118958
chr15,42059802,42059964,.,1000,.,283.90058,-1.0,4.87269,87,42059889
chr19,39122166,39122298,.,1000,.,283.89609,-1.0,4.87269,62,39122228
chr19,8578817,8578965,.,1000,.,283.88734,-1.0,4.87269,85,8578902
chr19,18349632,18349792,.,1000,.,283.7989,-1.0,4.87269,96,18349728
chr12,2034994,2035149,.,1000,.,283.79455,-1.0,4.87269,78,2035072
chr12,130748236,130748403,.,1000,.,283.79333,-1.0,4.87269,89,130748325
chr7,23547083,23547223,.,1000,.,283.77321,-1.0,4.87269,80,23547163
chr9,99266656,99266807,.,1000,.,283.76032,-1.0,4.87269,69,99266725
chr10,103244789,103244939,.,1000,.,283.75913,-1.0,4.87269,68,103244857
chr2,28452587,28452749,.,1000,.,283.74137,-1.0,4.87269,85,28452672
chr15,99076830,99076968,.,1000,.,283.7223,-1.0,4.87269,64,99076894
chr18,5057846,5058019,.,1000,.,283.71722,-1.0,4.87269,84,5057930
chr16,89860909,89861041,.,1000,.,283.70923,-1.0,4.87269,102,89861011
chr2,30707124,30707259,.,1000,.,283.70013,-1.0,4.87269,74,30707198
chr1,116737395,116737527,.,1000,.,283.69767,-1.0,4.87269,70,116737465
chr18,42114451,42114595,.,1000,.,283.69661,-1.0,4.87269,79,42114530
chr16,2927168,2927295,.,1000,.,283.69022,-1.0,4.87269,55,2927223
chr8,133569703,133569864,.,1000,.,283.68792,-1.0,4.87269,80,133569783
chr6,53725929,53726074,.,1000,.,283.68535,-1.0,4.87269,81,53726010
chr17,46002612,46002788,.,1000,.,283.67345,-1.0,4.87269,93,46002705
chr1,10494746,10494909,.,1000,.,283.67306,-1.0,4.87269,90,10494836
chr12,48795950,48796101,.,1000,.,283.66581,-1.0,4.87269,69,48796019
chr7,28854289,28854441,.,1000,.,283.65079,-1.0,4.87269,79,28854368
chr1,221203580,221203718,.,1000,.,283.62555,-1.0,4.87269,69,221203649
chr2,130332651,130332775,.,1000,.,283.60996,-1.0,4.87269,77,130332728
chr11,75280268,75280400,.,1000,.,283.60058,-1.0,4.87269,67,75280335
chr12,54207906,54208047,.,1000,.,283.59767,-1.0,4.87269,65,54207971
chr1,229661359,229661531,.,1000,.,283.59581,-1.0,4.87269,89,229661448
chr7,908920,909087,.,1000,.,283.59163,-1.0,4.87269,88,909008
chr17,75426418,75426563,.,1000,.,283.57877,-1.0,4.87269,74,75426492
chr3,114290949,114291117,.,1000,.,283.56697,-1.0,4.87269,86,114291035
chr6,108782385,108782550,.,1000,.,283.55056,-1.0,4.87269,84,108782469
chr10,3239717,3239872,.,1000,.,283.53641,-1.0,4.87269,84,3239801
chr1,156608197,156608325,.,1000,.,283.48111,-1.0,4.87269,55,156608252
chr3,128095248,128095394,.,1000,.,283.43889,-1.0,4.87269,71,128095319
chr6,133924056,133924204,.,1000,.,283.42797,-1.0,4.87269,70,133924126
chr19,14075174,14075329,.,1000,.,283.41455,-1.0,4.87269,84,14075258
chr4,73573818,73573960,.,1000,.,283.39277,-1.0,4.87269,73,73573891
chr1,223081506,223081667,.,1000,.,283.39057,-1.0,4.87269,80,223081586
chr16,25233831,25233981,.,1000,.,283.3758,-1.0,4.87269,69,25233900
chr6,36360599,36360781,.,1000,.,283.33692,-1.0,4.87269,87,36360686
chr3,143674491,143674602,.,1000,.,283.32471,-1.0,4.87269,59,143674550
chr12,107607630,107607782,.,1000,.,283.31027,-1.0,4.87269,67,107607697
chr10,116797046,116797191,.,1000,.,283.30116,-1.0,4.87269,73,116797119
chr4,153344513,153344653,.,1000,.,283.29912,-1.0,4.87269,61,153344574
chr17,39754255,39754417,.,1000,.,283.28226,-1.0,4.87269,104,39754359
chr11,46308646,46308799,.,1000,.,283.2682,-1.0,4.87269,76,46308722
chr12,122637913,122638052,.,1000,.,283.26352,-1.0,4.87269,89,122638002
chr2,215920261,215920393,.,1000,.,283.24758,-1.0,4.87269,68,215920329
chr19,44903703,44903851,.,1000,.,283.24416,-1.0,4.87269,80,44903783
chr19,45681589,45681771,.,1000,.,283.20882,-1.0,4.87269,95,45681684
chr1,44595256,44595394,.,1000,.,283.17895,-1.0,4.87269,63,44595319
chr8,76367921,76368061,.,1000,.,283.1641,-1.0,4.87269,69,76367990
chr17,82351904,82352063,.,1000,.,283.15475,-1.0,4.87269,99,82352003
chr9,133147621,133147768,.,1000,.,283.1481,-1.0,4.87269,68,133147689
chr13,110412352,110412496,.,1000,.,283.12336,-1.0,4.87269,77,110412429
chr1,94854484,94854624,.,1000,.,283.11653,-1.0,4.87269,88,94854572
chr9,136283820,136283972,.,1000,.,283.10301,-1.0,4.87269,84,136283904
chr1,9181372,9181534,.,1000,.,283.05481,-1.0,4.87269,79,9181451
chr19,45642213,45642380,.,1000,.,283.03979,-1.0,4.87269,70,45642283
chr1,21270325,21270482,.,1000,.,283.03189,-1.0,4.87269,68,21270393
chr1,201704284,201704448,.,1000,.,282.94227,-1.0,4.87269,98,201704382
chr12,53984907,53985072,.,1000,.,282.93395,-1.0,4.87269,89,53984996
chr1,192506785,192506923,.,1000,.,282.93254,-1.0,4.87269,75,192506860
chr14,24271522,24271635,.,1000,.,282.90886,-1.0,4.87269,73,24271595
chr17,21119739,21119898,.,1000,.,282.86647,-1.0,4.87269,80,21119819
chr5,141564220,141564444,.,1000,.,282.84537,-1.0,4.87269,126,141564346
chr20,46521103,46521249,.,1000,.,282.81379,-1.0,4.87269,71,46521174
chr1,205919078,205919220,.,1000,.,282.80143,-1.0,4.87269,71,205919149
chr7,28020453,28020587,.,1000,.,282.7991,-1.0,4.87269,66,28020519
chr17,47315790,47315915,.,1000,.,282.73381,-1.0,4.87269,66,47315856
chr9,137046635,137046794,.,1000,.,282.68477,-1.0,4.87269,73,137046708
chr16,67928568,67928709,.,1000,.,282.67266,-1.0,4.87269,85,67928653
chr1,35202232,35202371,.,1000,.,282.6507,-1.0,4.87269,46,35202278
chr17,45133271,45133417,.,1000,.,282.64879,-1.0,4.87269,93,45133364
chr5,77492483,77492656,.,1000,.,282.6457,-1.0,4.87269,95,77492578
chr17,50087548,50087725,.,1000,.,282.63088,-1.0,4.87269,79,50087627
chr9,3240790,3240940,.,1000,.,282.63055,-1.0,4.87269,73,3240863
chr5,76868193,76868362,.,1000,.,282.61401,-1.0,4.87269,94,76868287
chr10,100338579,100338706,.,1000,.,282.6037,-1.0,4.87269,50,100338629
chr9,132236482,132236638,.,1000,.,282.59405,-1.0,4.87269,84,132236566
chr1,47710595,47710751,.,1000,.,282.58968,-1.0,4.87269,79,47710674
chr4,57164101,57164256,.,1000,.,282.5785,-1.0,4.87269,89,57164190
chr11,123301730,123301871,.,1000,.,282.56376,-1.0,4.87269,56,123301786
chr3,48685905,48686089,.,1000,.,282.55827,-1.0,4.87269,94,48685999
chr7,45917702,45917838,.,1000,.,282.54841,-1.0,4.87269,60,45917762
chr3,50227438,50227586,.,1000,.,282.52342,-1.0,4.87269,71,50227509
chr22,26331116,26331257,.,1000,.,282.49151,-1.0,4.87269,71,26331187
chr18,839438,839579,.,1000,.,282.48915,-1.0,4.87269,83,839521
chr1,182601447,182601583,.,1000,.,282.45831,-1.0,4.87269,71,182601518
chr11,118928139,118928306,.,1000,.,282.42483,-1.0,4.87269,74,118928213
chr17,20009220,20009368,.,1000,.,282.39849,-1.0,4.87269,83,20009303
chr3,40580618,40580767,.,1000,.,282.39169,-1.0,4.87269,88,40580706
chr6,30673075,30673231,.,1000,.,282.38731,-1.0,4.87269,80,30673155
chr5,149853130,149853273,.,1000,.,282.37338,-1.0,4.87269,69,149853199
chr6,117675294,117675429,.,1000,.,282.35855,-1.0,4.87269,50,117675344
chr12,9814304,9814440,.,1000,.,282.35548,-1.0,4.87269,60,9814364
chr4,147518946,147519089,.,1000,.,282.30967,-1.0,4.87269,73,147519019
chr5,147822837,147822979,.,1000,.,282.3065,-1.0,4.87269,75,147822912
chr11,108008772,108008907,.,1000,.,282.29518,-1.0,4.87269,49,108008821
chr17,41549320,41549500,.,1000,.,282.28716,-1.0,4.87269,97,41549417
chr11,131867790,131867928,.,1000,.,282.28389,-1.0,4.87269,66,131867856
chr11,14249442,14249605,.,1000,.,282.28112,-1.0,4.87269,86,14249528
chr8,28594072,28594224,.,1000,.,282.26333,-1.0,4.87269,77,28594149
chr7,141014976,141015147,.,1000,.,282.23658,-1.0,4.87269,96,141015072
chr2,26745841,26746016,.,1000,.,282.23215,-1.0,4.87269,85,26745926
chr1,167688043,167688185,.,1000,.,282.23007,-1.0,4.87269,69,167688112
chr14,73633538,73633717,.,1000,.,282.22672,-1.0,4.87269,80,73633618
chr6,16206654,16206814,.,1000,.,282.22324,-1.0,4.87269,72,16206726
chr9,14353577,14353733,.,1000,.,282.22304,-1.0,4.87269,80,14353657
chr7,129218673,129218802,.,1000,.,282.21657,-1.0,4.87269,65,129218738
chr15,31488696,31488885,.,1000,.,282.18724,-1.0,4.87269,102,31488798
chr11,115324706,115324849,.,1000,.,282.18393,-1.0,4.87269,64,115324770
chr6,8983259,8983416,.,1000,.,282.15528,-1.0,4.87269,73,8983332
chr11,122796257,122796387,.,1000,.,282.15299,-1.0,4.87269,58,122796315
chr1,226197082,226197236,.,1000,.,282.11386,-1.0,4.87269,77,226197159
chr7,131513623,131513762,.,1000,.,282.08538,-1.0,4.87269,93,131513716
chr1,37682482,37682650,.,1000,.,282.08432,-1.0,4.87269,80,37682562
chr9,96218305,96218439,.,1000,.,282.0799,-1.0,4.87269,46,96218351
chr4,5998420,5998601,.,1000,.,282.07604,-1.0,4.87269,85,5998505
chr11,64301086,64301242,.,1000,.,282.04575,-1.0,4.87269,80,64301166
chr9,37747268,37747423,.,1000,.,282.04066,-1.0,4.87269,71,37747339
chr10,80505715,80505839,.,1000,.,282.01313,-1.0,4.87269,40,80505755
chr22,25235926,25236096,.,1000,.,282.01245,-1.0,4.87269,82,25236008
chr16,30598257,30598406,.,1000,.,282.00375,-1.0,4.87269,83,30598340
chr17,35747592,35747714,.,1000,.,281.99125,-1.0,4.87269,62,35747654
chr8,143512698,143512841,.,1000,.,281.99027,-1.0,4.87269,71,143512769
chr3,113051344,113051481,.,1000,.,281.97203,-1.0,4.87269,46,113051390
chr3,124468326,124468466,.,1000,.,281.97172,-1.0,4.87269,61,124468387
chr10,119750734,119750868,.,1000,.,281.92783,-1.0,4.87269,61,119750795
chr11,6379366,6379509,.,1000,.,281.91265,-1.0,4.87269,80,6379446
chr1,205659025,205659181,.,1000,.,281.90849,-1.0,4.87269,73,205659098
chr15,98851021,98851174,.,1000,.,281.89817,-1.0,4.87269,86,98851107
chr2,157492309,157492452,.,1000,.,281.87794,-1.0,4.87269,78,157492387
chr2,219029804,219029942,.,1000,.,281.87739,-1.0,4.87269,54,219029858
chr7,151111151,151111322,.,1000,.,281.87306,-1.0,4.87269,87,151111238
chr22,24325153,24325313,.,1000,.,281.84532,-1.0,4.87269,74,24325227
chr8,141084399,141084577,.,1000,.,281.82703,-1.0,4.87269,92,141084491
chr10,132023178,132023329,.,1000,.,281.81937,-1.0,4.87269,70,132023248
chr16,15765974,15766113,.,1000,.,281.819,-1.0,4.87269,73,15766047
chr11,35392350,35392468,.,1000,.,281.81291,-1.0,4.87269,54,35392404
chr22,31947410,31947552,.,1000,.,281.77441,-1.0,4.87269,55,31947465
chr11,70196193,70196358,.,1000,.,281.76919,-1.0,4.87269,90,70196283
chr22,30391200,30391354,.,1000,.,281.76178,-1.0,4.87269,76,30391276
chr5,132064794,132064935,.,1000,.,281.74686,-1.0,4.87269,79,132064873
chr6,43723944,43724066,.,1000,.,281.71011,-1.0,4.87269,61,43724005
chr17,73429493,73429620,.,1000,.,281.69987,-1.0,4.87269,73,73429566
chr6,169790212,169790381,.,1000,.,281.6985,-1.0,4.87269,97,169790309
chr8,10332819,10332979,.,1000,.,281.6829,-1.0,4.87269,88,10332907
chr6,49532242,49532369,.,1000,.,281.66471,-1.0,4.87269,60,49532302
chr15,82108586,82108736,.,1000,.,281.66346,-1.0,4.87269,76,82108662
chr6,27895613,27895748,.,1000,.,281.66137,-1.0,4.87269,75,27895688
chr17,7296480,7296646,.,1000,.,281.65905,-1.0,4.87269,82,7296562
chr15,36883755,36883910,.,1000,.,281.65124,-1.0,4.87269,72,36883827
chr7,25094327,25094495,.,1000,.,281.63423,-1.0,4.87269,81,25094408
chr18,70434034,70434169,.,1000,.,281.63235,-1.0,4.87269,54,70434088
chr12,54006065,54006203,.,1000,.,281.63086,-1.0,4.87269,51,54006116
chr6,138988308,138988458,.,1000,.,281.62678,-1.0,4.87269,62,138988370
chr19,41354051,41354244,.,1000,.,281.58983,-1.0,4.87269,99,41354150
chr8,11943776,11943897,.,1000,.,281.57306,-1.0,4.87269,59,11943835
chr10,7525520,7525679,.,1000,.,281.56789,-1.0,4.87269,88,7525608
chr12,4277041,4277196,.,1000,.,281.538,-1.0,4.87269,81,4277122
chr12,3804016,3804128,.,1000,.,281.52416,-1.0,4.87269,53,3804069
chr15,40279502,40279635,.,1000,.,281.50666,-1.0,4.87269,61,40279563
chr11,36266134,36266298,.,1000,.,281.47329,-1.0,4.87269,75,36266209
chr18,52288504,52288671,.,1000,.,281.45263,-1.0,4.87269,89,52288593
chr1,155176718,155176864,.,1000,.,281.42965,-1.0,4.87269,70,155176788
chr8,42140748,42140890,.,1000,.,281.41758,-1.0,4.87269,78,42140826
chr12,13212203,13212346,.,1000,.,281.40319,-1.0,4.87269,64,13212267
chr12,119667663,119667822,.,1000,.,281.39713,-1.0,4.87269,67,119667730
chr8,141175003,141175174,.,1000,.,281.38962,-1.0,4.87269,92,141175095
chr11,64304433,64304574,.,1000,.,281.37964,-1.0,4.87269,64,64304497
chr6,130322797,130322951,.,1000,.,281.37508,-1.0,4.87269,65,130322862
chr14,69129378,69129519,.,1000,.,281.34979,-1.0,4.87269,71,69129449
chr6,137705409,137705557,.,1000,.,281.34874,-1.0,4.87269,83,137705492
chr10,1420950,1421132,.,1000,.,281.34096,-1.0,4.87269,99,1421049
chr10,59626138,59626261,.,1000,.,281.33841,-1.0,4.87269,64,59626202
chr20,62500275,62500443,.,1000,.,281.33784,-1.0,4.87269,74,62500349
chr3,46909644,46909795,.,1000,.,281.33739,-1.0,4.87269,75,46909719
chr19,18113097,18113223,.,1000,.,281.33351,-1.0,4.87269,53,18113150
chr22,22030594,22030742,.,1000,.,281.33101,-1.0,4.87269,60,22030654
chr7,74067917,74068090,.,1000,.,281.32595,-1.0,4.87269,96,74068013
chr2,88740113,88740277,.,1000,.,281.32155,-1.0,4.87269,86,88740199
chrX,52921187,52921385,.,1000,.,281.31512,-1.0,4.87269,101,52921288
chr19,51473061,51473183,.,1000,.,281.29535,-1.0,4.87269,54,51473115
chr9,19457554,19457671,.,1000,.,281.26779,-1.0,4.87269,57,19457611
chr11,72725370,72725484,.,1000,.,281.25198,-1.0,4.87269,29,72725399
chr16,66315317,66315496,.,1000,.,281.25028,-1.0,4.87269,97,66315414
chr15,43285666,43285811,.,1000,.,281.21489,-1.0,4.87269,89,43285755
chr17,57858022,57858174,.,1000,.,281.20974,-1.0,4.87269,79,57858101
chr20,44215146,44215295,.,1000,.,281.20478,-1.0,4.87269,76,44215222
chr3,127971108,127971226,.,1000,.,281.18944,-1.0,4.87269,55,127971163
chr9,89549150,89549275,.,1000,.,281.17432,-1.0,4.87269,81,89549231
chr2,73085713,73085871,.,1000,.,281.16873,-1.0,4.87269,91,73085804
chr6,1604427,1604598,.,1000,.,281.14474,-1.0,4.87269,88,1604515
chr1,154272265,154272435,.,1000,.,281.14394,-1.0,4.87269,79,154272344
chr17,27353863,27354015,.,1000,.,281.14244,-1.0,4.87269,80,27353943
chr1,209576831,209576955,.,1000,.,281.13865,-1.0,4.87269,67,209576898
chr8,144126568,144126710,.,1000,.,281.13661,-1.0,4.87269,66,144126634
chr14,105490685,105490823,.,1000,.,281.12417,-1.0,4.87269,87,105490772
chr20,5788448,5788593,.,1000,.,281.10534,-1.0,4.87269,79,5788527
chr1,156890217,156890380,.,1000,.,281.10458,-1.0,4.87269,78,156890295
chr11,5808558,5808715,.,1000,.,281.09572,-1.0,4.87269,61,5808619
chr8,22673100,22673214,.,1000,.,281.07764,-1.0,4.87269,63,22673163
chr10,133329837,133329995,.,1000,.,281.07371,-1.0,4.87269,83,133329920
chr19,39328202,39328358,.,1000,.,281.06411,-1.0,4.87269,80,39328282
chr12,110100299,110100445,.,1000,.,281.05807,-1.0,4.87269,74,110100373
chr15,65611218,65611378,.,1000,.,281.03555,-1.0,4.87269,70,65611288
chr8,40993854,40994031,.,1000,.,281.02404,-1.0,4.87269,80,40993934
chr15,64810020,64810181,.,1000,.,281.02219,-1.0,4.87269,86,64810106
chr19,53195384,53195538,.,1000,.,280.99604,-1.0,4.87269,86,53195470
chr11,75388820,75388969,.,1000,.,280.98548,-1.0,4.87269,75,75388895
chr6,160519970,160520128,.,1000,.,280.97888,-1.0,4.87269,76,160520046
chr12,121812060,121812227,.,1000,.,280.95285,-1.0,4.87269,97,121812157
chr8,144409335,144409501,.,1000,.,280.94358,-1.0,4.87269,89,144409424
chr3,8971090,8971228,.,1000,.,280.94068,-1.0,4.87269,79,8971169
chr12,104381935,104382085,.,1000,.,280.93436,-1.0,4.87269,90,104382025
chr2,85552192,85552352,.,1000,.,280.93252,-1.0,4.87269,67,85552259
chr1,155323372,155323562,.,1000,.,280.89129,-1.0,4.87269,88,155323460
chr21,42309792,42309913,.,1000,.,280.88387,-1.0,4.87269,55,42309847
chr3,53375114,53375262,.,1000,.,280.87022,-1.0,4.87269,83,53375197
chr20,1965744,1965912,.,1000,.,280.87013,-1.0,4.87269,86,1965830
chr17,80101377,80101505,.,1000,.,280.84807,-1.0,4.87269,59,80101436
chr16,30921692,30921844,.,1000,.,280.84524,-1.0,4.87269,75,30921767
chr4,12633202,12633329,.,1000,.,280.83962,-1.0,4.87269,60,12633262
chr11,64204636,64204777,.,1000,.,280.8204,-1.0,4.87269,75,64204711
chr8,142447568,142447739,.,1000,.,280.81768,-1.0,4.87269,96,142447664
chr19,6048916,6049062,.,1000,.,280.80214,-1.0,4.87269,71,6048987
chr17,79087693,79087835,.,1000,.,280.77933,-1.0,4.87269,75,79087768
chr6,1596367,1596502,.,1000,.,280.76213,-1.0,4.87269,60,1596427
chr1,34852737,34852932,.,1000,.,280.75243,-1.0,4.87269,140,34852877
chr13,31742230,31742385,.,1000,.,280.74609,-1.0,4.87269,73,31742303
chr1,53278339,53278489,.,1000,.,280.74545,-1.0,4.87269,77,53278416
chr1,101357487,101357628,.,1000,.,280.7333,-1.0,4.87269,82,101357569
chr8,102863113,102863295,.,1000,.,280.71582,-1.0,4.87269,89,102863202
chr1,31548989,31549172,.,1000,.,280.69134,-1.0,4.87269,78,31549067
chr3,187714504,187714644,.,1000,.,280.68985,-1.0,4.87269,86,187714590
chr1,201896012,201896162,.,1000,.,280.68297,-1.0,4.87269,73,201896085
chr7,47266347,47266504,.,1000,.,280.6748,-1.0,4.87269,70,47266417
chr1,157156099,157156270,.,1000,.,280.67118,-1.0,4.87269,97,157156196
chr9,100595718,100595872,.,1000,.,280.66815,-1.0,4.87269,78,100595796
chr7,97104765,97104900,.,1000,.,280.66773,-1.0,4.87269,66,97104831
chr1,205273564,205273730,.,1000,.,280.66501,-1.0,4.87269,73,205273637
chr10,70146634,70146741,.,1000,.,280.64301,-1.0,4.87269,52,70146686
chr19,5578324,5578490,.,1000,.,280.6391,-1.0,4.87269,81,5578405
chr20,45987392,45987530,.,1000,.,280.63241,-1.0,4.87269,63,45987455
chr3,15378348,15378523,.,1000,.,280.62374,-1.0,4.87269,88,15378436
chr14,24090652,24090768,.,1000,.,280.62191,-1.0,4.87269,54,24090706
chr20,38222776,38222929,.,1000,.,280.62068,-1.0,4.87269,84,38222860
chr7,18666243,18666391,.,1000,.,280.61053,-1.0,4.87269,77,18666320
chr11,40294179,40294340,.,1000,.,280.6035,-1.0,4.87269,80,40294259
chr2,162221093,162221251,.,1000,.,280.59495,-1.0,4.87269,74,162221167
chr1,38587168,38587321,.,1000,.,280.59487,-1.0,4.87269,73,38587241
chr11,61385687,61385822,.,1000,.,280.59349,-1.0,4.87269,66,61385753
chr16,30985023,30985198,.,1000,.,280.59323,-1.0,4.87269,97,30985120
chr8,38067229,38067375,.,1000,.,280.58435,-1.0,4.87269,70,38067299
chr17,38349231,38349381,.,1000,.,280.54341,-1.0,4.87269,76,38349307
chr20,50794802,50794965,.,1000,.,280.52676,-1.0,4.87269,94,50794896
chr3,40327731,40327871,.,1000,.,280.51051,-1.0,4.87269,68,40327799
chr9,134698631,134698762,.,1000,.,280.50981,-1.0,4.87269,67,134698698
chr16,67841901,67842030,.,1000,.,280.48603,-1.0,4.87269,53,67841954
chr4,40908768,40908943,.,1000,.,280.46566,-1.0,4.87269,88,40908856
chr2,136384769,136384925,.,1000,.,280.46128,-1.0,4.87269,90,136384859
chr3,123652449,123652588,.,1000,.,280.45526,-1.0,4.87269,82,123652531
chr19,33771664,33771818,.,1000,.,280.42718,-1.0,4.87269,78,33771742
chr1,31663930,31664098,.,1000,.,280.41028,-1.0,4.87269,85,31664015
chr15,74632060,74632217,.,1000,.,280.40012,-1.0,4.87269,80,74632140
chr6,89432995,89433170,.,1000,.,280.38793,-1.0,4.87269,87,89433082
chr10,103713018,103713171,.,1000,.,280.3879,-1.0,4.87269,74,103713092
chr12,53324801,53324943,.,1000,.,280.3789,-1.0,4.87269,71,53324872
chr10,101041308,101041447,.,1000,.,280.37847,-1.0,4.87269,77,101041385
chr2,201182940,201183104,.,1000,.,280.3511,-1.0,4.87269,78,201183018
chr17,78865869,78866007,.,1000,.,280.3452,-1.0,4.87269,61,78865930
chr2,159968427,159968573,.,1000,.,280.34401,-1.0,4.87269,66,159968493
chr1,45014589,45014730,.,1000,.,280.33176,-1.0,4.87269,60,45014649
chr11,126480872,126480985,.,1000,.,280.32949,-1.0,4.87269,46,126480918
chr22,44735942,44736095,.,1000,.,280.3242,-1.0,4.87269,86,44736028
chr21,36977096,36977217,.,1000,.,280.31833,-1.0,4.87269,71,36977167
chr5,43040440,43040569,.,1000,.,280.26111,-1.0,4.87269,54,43040494
chr3,48987933,48988089,.,1000,.,280.23486,-1.0,4.87269,81,48988014
chr18,9971454,9971598,.,1000,.,280.21346,-1.0,4.87269,69,9971523
chr8,133209357,133209513,.,1000,.,280.2058,-1.0,4.87269,88,133209445
chr5,116948052,116948183,.,1000,.,280.19927,-1.0,4.87269,58,116948110
chr19,6218608,6218749,.,1000,.,280.18826,-1.0,4.87269,57,6218665
chr2,75053640,75053790,.,1000,.,280.17254,-1.0,4.87269,72,75053712
chr2,231906187,231906323,.,1000,.,280.16823,-1.0,4.87269,53,231906240
chr12,50085057,50085187,.,1000,.,280.16804,-1.0,4.87269,60,50085117
chr7,99991015,99991118,.,1000,.,280.1573,-1.0,4.87269,44,99991059
chr7,107463237,107463403,.,1000,.,280.11143,-1.0,4.87269,80,107463317
chr16,30694038,30694183,.,1000,.,280.09659,-1.0,4.87269,54,30694092
chr1,22416687,22416837,.,1000,.,280.08257,-1.0,4.87269,84,22416771
chr22,19910070,19910183,.,1000,.,280.066,-1.0,4.87269,40,19910110
chr1,42173451,42173598,.,1000,.,280.06439,-1.0,4.87269,61,42173512
chr10,70880118,70880278,.,1000,.,280.05709,-1.0,4.87269,89,70880207
chr1,42923063,42923222,.,1000,.,280.05592,-1.0,4.87269,60,42923123
chr17,63919329,63919465,.,1000,.,280.04516,-1.0,4.87269,68,63919397
chr1,147640858,147640993,.,1000,.,280.03589,-1.0,4.87269,77,147640935
chr20,36199854,36200014,.,1000,.,280.03248,-1.0,4.87269,66,36199920
chr19,17386095,17386234,.,1000,.,280.02297,-1.0,4.87269,77,17386172
chr22,21952878,21953031,.,1000,.,280.00694,-1.0,4.87269,80,21952958
chr1,145977607,145977733,.,1000,.,280.00133,-1.0,4.87269,75,145977682
chr15,38474257,38474396,.,1000,.,279.99791,-1.0,4.87269,73,38474330
chr18,864898,865059,.,1000,.,279.98392,-1.0,4.87269,73,864971
chr14,32576206,32576345,.,1000,.,279.98095,-1.0,4.87269,72,32576278
chr19,1267063,1267228,.,1000,.,279.95035,-1.0,4.87269,73,1267136
chr20,44116748,44116919,.,1000,.,279.94988,-1.0,4.87269,96,44116844
chr15,78131402,78131574,.,1000,.,279.9167,-1.0,4.87269,83,78131485
chr1,168603597,168603756,.,1000,.,279.9156,-1.0,4.87269,84,168603681
chr1,150560023,150560167,.,1000,.,279.91153,-1.0,4.87269,79,150560102
chr3,9302659,9302844,.,1000,.,279.89981,-1.0,4.87269,101,9302760
chr11,121591536,121591673,.,1000,.,279.87284,-1.0,4.87269,72,121591608
chr15,96356943,96357094,.,1000,.,279.84943,-1.0,4.87269,85,96357028
chr4,24419553,24419696,.,1000,.,279.83869,-1.0,4.87269,63,24419616
chr10,12264249,12264403,.,1000,.,279.83807,-1.0,4.87269,84,12264333
chr3,47824878,47825025,.,1000,.,279.82425,-1.0,4.87269,67,47824945
chr1,206808739,206808887,.,1000,.,279.81415,-1.0,4.87269,84,206808823
chr10,25081079,25081251,.,1000,.,279.80861,-1.0,4.87269,82,25081161
chr11,59680649,59680831,.,1000,.,279.80633,-1.0,4.87269,90,59680739
chr13,26184805,26184973,.,1000,.,279.79546,-1.0,4.87269,93,26184898
chr8,41612870,41613026,.,1000,.,279.79158,-1.0,4.87269,77,41612947
chr5,138077208,138077361,.,1000,.,279.77707,-1.0,4.87269,79,138077287
chr22,43231341,43231492,.,1000,.,279.7643,-1.0,4.87269,80,43231421
chr6,87929903,87930041,.,1000,.,279.75773,-1.0,4.87269,85,87929988
chr7,34321040,34321188,.,1000,.,279.74748,-1.0,4.87269,71,34321111
chr11,45105630,45105779,.,1000,.,279.73051,-1.0,4.87269,64,45105694
chr2,60550446,60550592,.,1000,.,279.71893,-1.0,4.87269,66,60550512
chr14,102096683,102096830,.,1000,.,279.70976,-1.0,4.87269,75,102096758
chr7,100852116,100852301,.,1000,.,279.67655,-1.0,4.87269,85,100852201
chr10,80699615,80699787,.,1000,.,279.67244,-1.0,4.87269,80,80699695
chr1,28208984,28209114,.,1000,.,279.66829,-1.0,4.87269,78,28209062
chr8,6800832,6800986,.,1000,.,279.66322,-1.0,4.87269,78,6800910
chr1,84753705,84753822,.,1000,.,279.65197,-1.0,4.87269,27,84753732
chr6,35205186,35205303,.,1000,.,279.63765,-1.0,4.87269,63,35205249
chr17,79045949,79046130,.,1000,.,279.63491,-1.0,4.87269,90,79046039
chr10,11725316,11725447,.,1000,.,279.62296,-1.0,4.87269,69,11725385
chr3,119241586,119241728,.,1000,.,279.62073,-1.0,4.87269,70,119241656
chr16,72124998,72125129,.,1000,.,279.6013,-1.0,4.87269,62,72125060
chr7,22488977,22489131,.,1000,.,279.52576,-1.0,4.87269,86,22489063
chr3,37974765,37974895,.,1000,.,279.51802,-1.0,4.87269,68,37974833
chr10,95601264,95601406,.,1000,.,279.51093,-1.0,4.87269,57,95601321
chr7,156908998,156909157,.,1000,.,279.50985,-1.0,4.87269,85,156909083
chr9,128362245,128362386,.,1000,.,279.50377,-1.0,4.87269,64,128362309
chr16,66751833,66751991,.,1000,.,279.4848,-1.0,4.87269,62,66751895
chr5,55146679,55146832,.,1000,.,279.47677,-1.0,4.87269,85,55146764
chr11,17504670,17504842,.,1000,.,279.4512,-1.0,4.87269,85,17504755
chr11,65013574,65013764,.,1000,.,279.4257,-1.0,4.87269,100,65013674
chr2,84927109,84927261,.,1000,.,279.39178,-1.0,4.87269,85,84927194
chr1,204446485,204446609,.,1000,.,279.27309,-1.0,4.87269,72,204446557
chr12,6335728,6335881,.,1000,.,279.24599,-1.0,4.87269,75,6335803
chr6,53410775,53410924,.,1000,.,279.21561,-1.0,4.87269,86,53410861
chr20,37564527,37564703,.,1000,.,279.21392,-1.0,4.87269,89,37564616
chr9,131046854,131046991,.,1000,.,279.20673,-1.0,4.87269,55,131046909
chr17,6422102,6422275,.,1000,.,279.18494,-1.0,4.87269,94,6422196
chr12,82527295,82527425,.,1000,.,279.17828,-1.0,4.87269,75,82527370
chr22,46367739,46367863,.,1000,.,279.17742,-1.0,4.87269,56,46367795
chr1,89987330,89987458,.,1000,.,279.16363,-1.0,4.87269,66,89987396
chr3,156150578,156150730,.,1000,.,279.16332,-1.0,4.87269,87,156150665
chr9,136787759,136787911,.,1000,.,279.16303,-1.0,4.87269,70,136787829
chr17,35539497,35539640,.,1000,.,279.12066,-1.0,4.87269,68,35539565
chr10,102729355,102729499,.,1000,.,279.10189,-1.0,4.87269,67,102729422
chr9,128125125,128125265,.,1000,.,279.08506,-1.0,4.87269,59,128125184
chr8,134691375,134691539,.,1000,.,279.07554,-1.0,4.87269,85,134691460
chr12,114662706,114662835,.,1000,.,279.07502,-1.0,4.87269,72,114662778
chr2,112885045,112885179,.,1000,.,279.0595,-1.0,4.87269,54,112885099
chr11,46347245,46347429,.,1000,.,279.05228,-1.0,4.87269,105,46347350
chr22,21630073,21630239,.,1000,.,279.03461,-1.0,4.87269,85,21630158
chr5,42889437,42889577,.,1000,.,279.03067,-1.0,4.87269,75,42889512
chr11,61638527,61638680,.,1000,.,279.01942,-1.0,4.87269,80,61638607
chr3,45656903,45657029,.,1000,.,279.01494,-1.0,4.87269,55,45656958
chr17,32007252,32007383,.,1000,.,279.0087,-1.0,4.87269,74,32007326
chr11,69643427,69643571,.,1000,.,278.99646,-1.0,4.87269,87,69643514
chr3,134600933,134601097,.,1000,.,278.98489,-1.0,4.87269,86,134601019
chr13,108961656,108961804,.,1000,.,278.98488,-1.0,4.87269,64,108961720
chr22,30634505,30634632,.,1000,.,278.97774,-1.0,4.87269,84,30634589
chr1,109112757,109112902,.,1000,.,278.97066,-1.0,4.87269,90,109112847
chr1,209693021,209693163,.,1000,.,278.96871,-1.0,4.87269,68,209693089
chr17,62703875,62704029,.,1000,.,278.95975,-1.0,4.87269,78,62703953
chr1,205529063,205529198,.,1000,.,278.95759,-1.0,4.87269,69,205529132
chr1,15792108,15792260,.,1000,.,278.94595,-1.0,4.87269,90,15792198
chr1,91165368,91165520,.,1000,.,278.92538,-1.0,4.87269,83,91165451
chr9,126228985,126229122,.,1000,.,278.92521,-1.0,4.87269,73,126229058
chr17,59004986,59005136,.,1000,.,278.91334,-1.0,4.87269,77,59005063
chr15,34062024,34062177,.,1000,.,278.91333,-1.0,4.87269,84,34062108
chr6,26341721,26341862,.,1000,.,278.91015,-1.0,4.87269,66,26341787
chr12,50070604,50070751,.,1000,.,278.90649,-1.0,4.87269,78,50070682
chr2,25196537,25196700,.,1000,.,278.90334,-1.0,4.87269,71,25196608
chr8,60412644,60412777,.,1000,.,278.8853,-1.0,4.87269,59,60412703
chr20,58179644,58179819,.,1000,.,278.87902,-1.0,4.87269,85,58179729
chr12,111753276,111753452,.,1000,.,278.87267,-1.0,4.87269,89,111753365
chr19,1546292,1546423,.,1000,.,278.83,-1.0,4.87269,76,1546368
chr1,109277556,109277679,.,1000,.,278.828,-1.0,4.87269,67,109277623
chr17,77772511,77772663,.,1000,.,278.82648,-1.0,4.87269,86,77772597
chr7,100483269,100483488,.,1000,.,278.79742,-1.0,4.87269,136,100483405
chr5,34486278,34486422,.,1000,.,278.78023,-1.0,4.87269,85,34486363
chr3,46866848,46867001,.,1000,.,278.77616,-1.0,4.87269,79,46866927
chr12,130031693,130031875,.,1000,.,278.76698,-1.0,4.87269,96,130031789
chr2,68362119,68362255,.,1000,.,278.75878,-1.0,4.87269,66,68362185
chr5,136249774,136249929,.,1000,.,278.73465,-1.0,4.87269,83,136249857
chr14,103141287,103141464,.,1000,.,278.72229,-1.0,4.87269,96,103141383
chr6,50816193,50816343,.,1000,.,278.69771,-1.0,4.87269,82,50816275
chr6,130885466,130885602,.,1000,.,278.67847,-1.0,4.87269,77,130885543
chr7,139646021,139646196,.,1000,.,278.67107,-1.0,4.87269,90,139646111
chr9,36103127,36103258,.,1000,.,278.66969,-1.0,4.87269,73,36103200
chr22,43385796,43385931,.,1000,.,278.65831,-1.0,4.87269,86,43385882
chr7,42941367,42941520,.,1000,.,278.65227,-1.0,4.87269,72,42941439
chr1,166910495,166910632,.,1000,.,278.64129,-1.0,4.87269,61,166910556
chr7,101602502,101602679,.,1000,.,278.63646,-1.0,4.87269,88,101602590
chr6,39347931,39348108,.,1000,.,278.63055,-1.0,4.87269,88,39348019
chr8,144019871,144020015,.,1000,.,278.62693,-1.0,4.87269,74,144019945
chr12,57069526,57069705,.,1000,.,278.62009,-1.0,4.87269,96,57069622
chr22,38681810,38681961,.,1000,.,278.59388,-1.0,4.87269,62,38681872
chrX,73855622,73855779,.,1000,.,278.56997,-1.0,4.87269,86,73855708
chr8,143902623,143902755,.,1000,.,278.56307,-1.0,4.87269,69,143902692
chr4,153128033,153128173,.,1000,.,278.56144,-1.0,4.87269,52,153128085
chr22,45263878,45264044,.,1000,.,278.53396,-1.0,4.87269,90,45263968
chr19,43745376,43745538,.,1000,.,278.51661,-1.0,4.87269,79,43745455
chr7,55255635,55255788,.,1000,.,278.51215,-1.0,4.87269,75,55255710
chr7,30564392,30564535,.,1000,.,278.51013,-1.0,4.87269,83,30564475
chr17,5191918,5192041,.,1000,.,278.50252,-1.0,4.87269,88,5192006
chr4,41281172,41281296,.,1000,.,278.48354,-1.0,4.87269,53,41281225
chr12,1940114,1940264,.,1000,.,278.48263,-1.0,4.87269,74,1940188
chr14,75454021,75454166,.,1000,.,278.47932,-1.0,4.87269,89,75454110
chr9,113655519,113655642,.,1000,.,278.45304,-1.0,4.87269,67,113655586
chr2,10097496,10097659,.,1000,.,278.45185,-1.0,4.87269,68,10097564
chr5,173294029,173294176,.,1000,.,278.43107,-1.0,4.87269,78,173294107
chr7,5240284,5240448,.,1000,.,278.3768,-1.0,4.87269,84,5240368
chr3,52231638,52231776,.,1000,.,278.3767,-1.0,4.87269,62,52231700
chr1,46477514,46477659,.,1000,.,278.3484,-1.0,4.87269,82,46477596
chr14,70027942,70028079,.,1000,.,278.34342,-1.0,4.87269,56,70027998
chr7,106057055,106057189,.,1000,.,278.31542,-1.0,4.87269,57,106057112
chr15,89875084,89875210,.,1000,.,278.30809,-1.0,4.87269,80,89875164
chr19,6738552,6738729,.,1000,.,278.27297,-1.0,4.87269,73,6738625
chr16,30430206,30430382,.,1000,.,278.25624,-1.0,4.87269,87,30430293
chr2,113249277,113249442,.,1000,.,278.24121,-1.0,4.87269,74,113249351
chr9,92140404,92140526,.,1000,.,278.22828,-1.0,4.87269,50,92140454
chr11,119196988,119197150,.,1000,.,278.21948,-1.0,4.87269,93,119197081
chr2,95023248,95023404,.,1000,.,278.2089,-1.0,4.87269,64,95023312
chr1,109643445,109643562,.,1000,.,278.19407,-1.0,4.87269,59,109643504
chr15,40338128,40338278,.,1000,.,278.17925,-1.0,4.87269,94,40338222
chr1,156383060,156383226,.,1000,.,278.17176,-1.0,4.87269,92,156383152
chr2,181457217,181457378,.,1000,.,278.16934,-1.0,4.87269,94,181457311
chr8,122673576,122673712,.,1000,.,278.16314,-1.0,4.87269,70,122673646
chr11,76680959,76681090,.,1000,.,278.1495,-1.0,4.87269,53,76681012
chr5,146533368,146533524,.,1000,.,278.13559,-1.0,4.87269,71,146533439
chr11,12044351,12044504,.,1000,.,278.12883,-1.0,4.87269,75,12044426
chr1,155086160,155086326,.,1000,.,278.09119,-1.0,4.87269,79,155086239
chr1,154324695,154324848,.,1000,.,278.08539,-1.0,4.87269,61,154324756
chrX,154980942,154981096,.,1000,.,278.08059,-1.0,4.87269,79,154981021
chr9,130461273,130461428,.,1000,.,278.07967,-1.0,4.87269,72,130461345
chr17,79401222,79401392,.,1000,.,278.06583,-1.0,4.87269,82,79401304
chr1,41322983,41323139,.,1000,.,278.04828,-1.0,4.87269,76,41323059
chr11,73295533,73295703,.,1000,.,278.04248,-1.0,4.87269,93,73295626
chr6,44338634,44338783,.,1000,.,278.02668,-1.0,4.87269,71,44338705
chr18,44679023,44679165,.,1000,.,278.01214,-1.0,4.87269,72,44679095
chr22,43388439,43388590,.,1000,.,277.98497,-1.0,4.87269,71,43388510
chr3,124995525,124995675,.,1000,.,277.96402,-1.0,4.87269,77,124995602
chr5,157669029,157669180,.,1000,.,277.94314,-1.0,4.87269,79,157669108
chr11,60363588,60363728,.,1000,.,277.92681,-1.0,4.87269,72,60363660
chr17,31842689,31842817,.,1000,.,277.89901,-1.0,4.87269,39,31842728
chr12,109428137,109428272,.,1000,.,277.89798,-1.0,4.87269,68,109428205
chr17,7822825,7822966,.,1000,.,277.89441,-1.0,4.87269,59,7822884
chr16,9134917,9135027,.,1000,.,277.88064,-1.0,4.87269,54,9134971
chr2,108636472,108636594,.,1000,.,277.86856,-1.0,4.87269,53,108636525
chr2,231710347,231710526,.,1000,.,277.86803,-1.0,4.87269,94,231710441
chr16,2340787,2341084,.,1000,.,277.85621,-1.0,4.87269,120,2340907
chr12,57112400,57112554,.,1000,.,277.84435,-1.0,4.87269,101,57112501
chr5,177501078,177501199,.,1000,.,277.84421,-1.0,4.87269,68,177501146
chr2,234550643,234550779,.,1000,.,277.83743,-1.0,4.87269,75,234550718
chr1,154479939,154480083,.,1000,.,277.83573,-1.0,4.87269,75,154480014
chr5,134145926,134146049,.,1000,.,277.82923,-1.0,4.87269,96,134146022
chr8,9029940,9030051,.,1000,.,277.82072,-1.0,4.87269,54,9029994
chr18,79380932,79381108,.,1000,.,277.80859,-1.0,4.87269,79,79381011
chr10,17257812,17257960,.,1000,.,277.79185,-1.0,4.87269,72,17257884
chr15,76139600,76139740,.,1000,.,277.7688,-1.0,4.87269,72,76139672
chr17,1187285,1187452,.,1000,.,277.73805,-1.0,4.87269,87,1187372
chr2,96138784,96138939,.,1000,.,277.72662,-1.0,4.87269,85,96138869
chr10,26335170,26335306,.,1000,.,277.70907,-1.0,4.87269,91,26335261
chr5,174045523,174045660,.,1000,.,277.64722,-1.0,4.87269,76,174045599
chr16,10509705,10509801,.,1000,.,277.64386,-1.0,4.87269,52,10509757
chr22,35231612,35231774,.,1000,.,277.62249,-1.0,4.87269,78,35231690
chr1,167442271,167442432,.,1000,.,277.61733,-1.0,4.87269,73,167442344
chr6,41921385,41921517,.,1000,.,277.61015,-1.0,4.87269,59,41921444
chr12,51047838,51047976,.,1000,.,277.60057,-1.0,4.87269,65,51047903
chr1,5514641,5514827,.,1000,.,277.58857,-1.0,4.87269,97,5514738
chr22,31970735,31970918,.,1000,.,277.58015,-1.0,4.87269,96,31970831
chr3,66971946,66972094,.,1000,.,277.57142,-1.0,4.87269,73,66972019
chr12,121096041,121096205,.,1000,.,277.56649,-1.0,4.87269,87,121096128
chr11,125404966,125405115,.,1000,.,277.53958,-1.0,4.87269,89,125405055
chr1,205061690,205061841,.,1000,.,277.52143,-1.0,4.87269,77,205061767
chr18,10520187,10520348,.,1000,.,277.51854,-1.0,4.87269,93,10520280
chr14,105528442,105528598,.,1000,.,277.51233,-1.0,4.87269,90,105528532
chr1,168082349,168082487,.,1000,.,277.47136,-1.0,4.87269,85,168082434
chr14,24806320,24806482,.,1000,.,277.45945,-1.0,4.87269,84,24806404
chr3,137014006,137014133,.,1000,.,277.44718,-1.0,4.87269,59,137014065
chr17,41801678,41801823,.,1000,.,277.44366,-1.0,4.87269,81,41801759
chr1,27155137,27155257,.,1000,.,277.42471,-1.0,4.87269,66,27155203
chr10,112140262,112140431,.,1000,.,277.42407,-1.0,4.87269,83,112140345
chr18,62131436,62131588,.,1000,.,277.41479,-1.0,4.87269,69,62131505
chr5,150847199,150847353,.,1000,.,277.41054,-1.0,4.87269,82,150847281
chr3,129628019,129628171,.,1000,.,277.40608,-1.0,4.87269,86,129628105
chr19,32224712,32224872,.,1000,.,277.40114,-1.0,4.87269,84,32224796
chr3,132029397,132029552,.,1000,.,277.39446,-1.0,4.87269,81,132029478
chr4,81467511,81467655,.,1000,.,277.3905,-1.0,4.87269,61,81467572
chr10,101060060,101060214,.,1000,.,277.37764,-1.0,4.87269,92,101060152
chr20,41340116,41340224,.,1000,.,277.36314,-1.0,4.87269,59,41340175
chr6,41683706,41683859,.,1000,.,277.36161,-1.0,4.87269,58,41683764
chr2,231713933,231714070,.,1000,.,277.35045,-1.0,4.87269,69,231714002
chr17,18033603,18033725,.,1000,.,277.31966,-1.0,4.87269,74,18033677
chr16,84970642,84970786,.,1000,.,277.31054,-1.0,4.87269,77,84970719
chr1,3424801,3424943,.,1000,.,277.30546,-1.0,4.87269,73,3424874
chr20,2172653,2172785,.,1000,.,277.29951,-1.0,4.87269,79,2172732
chr7,101169923,101170046,.,1000,.,277.28639,-1.0,4.87269,42,101169965
chr12,121443318,121443499,.,1000,.,277.28294,-1.0,4.87269,89,121443407
chr16,66954202,66954333,.,1000,.,277.2489,-1.0,4.87269,58,66954260
chr5,163564418,163564583,.,1000,.,277.22451,-1.0,4.87269,82,163564500
chr11,63635967,63636094,.,1000,.,277.19099,-1.0,4.87269,73,63636040
chr18,59057320,59057465,.,1000,.,277.17822,-1.0,4.87269,72,59057392
chr14,75303632,75303757,.,1000,.,277.16281,-1.0,4.87269,62,75303694
chr12,25387565,25387715,.,1000,.,277.1588,-1.0,4.87269,77,25387642
chr10,93376491,93376651,.,1000,.,277.15036,-1.0,4.87269,70,93376561
chr4,163544533,163544655,.,1000,.,277.11742,-1.0,4.87269,56,163544589
chr1,228501025,228501169,.,1000,.,277.1171,-1.0,4.87269,94,228501119
chr19,16041637,16041802,.,1000,.,277.10682,-1.0,4.87269,62,16041699
chr12,15221405,15221582,.,1000,.,277.09627,-1.0,4.87269,88,15221493
chr3,125437920,125438065,.,1000,.,277.09424,-1.0,4.87269,72,125437992
chr11,71080345,71080545,.,1000,.,277.08106,-1.0,4.87269,102,71080447
chr21,42450035,42450185,.,1000,.,277.07272,-1.0,4.87269,84,42450119
chrX,153400180,153400365,.,1000,.,277.06502,-1.0,4.87269,87,153400267
chr1,17606955,17607105,.,1000,.,277.02486,-1.0,4.87269,79,17607034
chr5,140357754,140357875,.,1000,.,276.99382,-1.0,4.87269,65,140357819
chr14,104640084,104640236,.,1000,.,276.98107,-1.0,4.87269,70,104640154
chr6,151324334,151324499,.,1000,.,276.97985,-1.0,4.87269,84,151324418
chr16,48055118,48055267,.,1000,.,276.93478,-1.0,4.87269,90,48055208
chr9,128818317,128818440,.,1000,.,276.93248,-1.0,4.87269,72,128818389
chr10,63720087,63720267,.,1000,.,276.92515,-1.0,4.87269,92,63720179
chr19,44689278,44689409,.,1000,.,276.91643,-1.0,4.87269,67,44689345
chr1,183318611,183318750,.,1000,.,276.90893,-1.0,4.87269,74,183318685
chr1,180252730,180252885,.,1000,.,276.9084,-1.0,4.87269,78,180252808
chr17,79393389,79393522,.,1000,.,276.89779,-1.0,4.87269,74,79393463
chr17,58417707,58417854,.,1000,.,276.89163,-1.0,4.87269,45,58417752
chr11,16606310,16606459,.,1000,.,276.88822,-1.0,4.87269,72,16606382
chr1,51296904,51297075,.,1000,.,276.88686,-1.0,4.87269,89,51296993
chr10,63629500,63629642,.,1000,.,276.88234,-1.0,4.87269,65,63629565
chr11,66328423,66328579,.,1000,.,276.87991,-1.0,4.87269,84,66328507
chr12,110937185,110937335,.,1000,.,276.87441,-1.0,4.87269,74,110937259
chr18,51621231,51621367,.,1000,.,276.86151,-1.0,4.87269,63,51621294
chr16,12067979,12068133,.,1000,.,276.85189,-1.0,4.87269,81,12068060
chr20,44217468,44217590,.,1000,.,276.84151,-1.0,4.87269,67,44217535
chr7,102279577,102279709,.,1000,.,276.83823,-1.0,4.87269,59,102279636
chr5,141665079,141665211,.,1000,.,276.8215,-1.0,4.87269,83,141665162
chr12,6825712,6825848,.,1000,.,276.79452,-1.0,4.87269,59,6825771
chr16,23803634,23803771,.,1000,.,276.7943,-1.0,4.87269,55,23803689
chr17,35969635,35969779,.,1000,.,276.7855,-1.0,4.87269,56,35969691
chr4,8918094,8918246,.,1000,.,276.76317,-1.0,4.87269,75,8918169
chr7,150778821,150778972,.,1000,.,276.74066,-1.0,4.87269,74,150778895
chr3,196609386,196609541,.,1000,.,276.73741,-1.0,4.87269,71,196609457
chr17,39623546,39623681,.,1000,.,276.73454,-1.0,4.87269,55,39623601
chr2,176140567,176140746,.,1000,.,276.73174,-1.0,4.87269,82,176140649
chr1,17237169,17237287,.,1000,.,276.70631,-1.0,4.87269,58,17237227
chr18,79644175,79644324,.,1000,.,276.69919,-1.0,4.87269,81,79644256
chr18,74552074,74552201,.,1000,.,276.69207,-1.0,4.87269,71,74552145
chr8,63391407,63391548,.,1000,.,276.69052,-1.0,4.87269,68,63391475
chr2,237072456,237072616,.,1000,.,276.68867,-1.0,4.87269,73,237072529
chr6,39362107,39362248,.,1000,.,276.67272,-1.0,4.87269,87,39362194
chr20,4760629,4760801,.,1000,.,276.65441,-1.0,4.87269,103,4760732
chr1,3565349,3565498,.,1000,.,276.62562,-1.0,4.87269,63,3565412
chr14,23632051,23632182,.,1000,.,276.62032,-1.0,4.87269,73,23632124
chr22,25773039,25773201,.,1000,.,276.60713,-1.0,4.87269,91,25773130
chr1,210400699,210400830,.,1000,.,276.59961,-1.0,4.87269,85,210400784
chr17,57833449,57833575,.,1000,.,276.59488,-1.0,4.87269,79,57833528
chr6,136644258,136644417,.,1000,.,276.58734,-1.0,4.87269,69,136644327
chr11,45843211,45843372,.,1000,.,276.57606,-1.0,4.87269,86,45843297
chr18,3666383,3666521,.,1000,.,276.5366,-1.0,4.87269,85,3666468
chr2,136378891,136379006,.,1000,.,276.53606,-1.0,4.87269,63,136378954
chr2,30862166,30862312,.,1000,.,276.53367,-1.0,4.87269,75,30862241
chr22,20157108,20157232,.,1000,.,276.5129,-1.0,4.87269,69,20157177
chr8,141431574,141431704,.,1000,.,276.51131,-1.0,4.87269,78,141431652
chr3,132399453,132399580,.,1000,.,276.48061,-1.0,4.87269,59,132399512
chr22,29245653,29245777,.,1000,.,276.46404,-1.0,4.87269,49,29245702
chr7,154913823,154913972,.,1000,.,276.43026,-1.0,4.87269,78,154913901
chr3,151168382,151168545,.,1000,.,276.40473,-1.0,4.87269,80,151168462
chr12,112387454,112387600,.,1000,.,276.39489,-1.0,4.87269,68,112387522
chr11,75241709,75241877,.,1000,.,276.38549,-1.0,4.87269,94,75241803
chr2,42828965,42829095,.,1000,.,276.37851,-1.0,4.87269,69,42829034
chr15,99213312,99213454,.,1000,.,276.37813,-1.0,4.87269,79,99213391
chr5,1140428,1140576,.,1000,.,276.34991,-1.0,4.87269,69,1140497
chr15,48861943,48862075,.,1000,.,276.32333,-1.0,4.87269,76,48862019
chr13,98653505,98653648,.,1000,.,276.31152,-1.0,4.87269,88,98653593
chr2,202588751,202588897,.,1000,.,276.30797,-1.0,4.87269,67,202588818
chr2,187500066,187500203,.,1000,.,276.30392,-1.0,4.87269,63,187500129
chr6,118618897,118619045,.,1000,.,276.28839,-1.0,4.87269,65,118618962
chr19,15584737,15584895,.,1000,.,276.25816,-1.0,4.87269,93,15584830
chr1,66253430,66253574,.,1000,.,276.25512,-1.0,4.87269,69,66253499
chr3,189961677,189961803,.,1000,.,276.25396,-1.0,4.87269,55,189961732
chr11,118930367,118930523,.,1000,.,276.22422,-1.0,4.87269,77,118930444
chr2,24827744,24827870,.,1000,.,276.19873,-1.0,4.87269,58,24827802
chr15,89177860,89178004,.,1000,.,276.18684,-1.0,4.87269,67,89177927
chrX,65528836,65529002,.,1000,.,276.17254,-1.0,4.87269,74,65528910
chr14,35413372,35413499,.,1000,.,276.1702,-1.0,4.87269,73,35413445
chr18,45665221,45665369,.,1000,.,276.14351,-1.0,4.87269,70,45665291
chr2,236569700,236569828,.,1000,.,276.14256,-1.0,4.87269,72,236569772
chr13,102457445,102457583,.,1000,.,276.12514,-1.0,4.87269,63,102457508
chr16,50210649,50210782,.,1000,.,276.0983,-1.0,4.87269,70,50210719
chr11,65780034,65780204,.,1000,.,276.08751,-1.0,4.87269,81,65780115
chr7,144127842,144127964,.,1000,.,276.08323,-1.0,4.87269,69,144127911
chr19,9930980,9931127,.,1000,.,276.08275,-1.0,4.87269,68,9931048
chr18,31722477,31722621,.,1000,.,276.06993,-1.0,4.87269,85,31722562
chr20,57597075,57597211,.,1000,.,276.05883,-1.0,4.87269,60,57597135
chr1,52002432,52002552,.,1000,.,276.05731,-1.0,4.87269,41,52002473
chr6,87322461,87322595,.,1000,.,276.05149,-1.0,4.87269,74,87322535
chr20,54207748,54207916,.,1000,.,276.04014,-1.0,4.87269,85,54207833
chr7,65840573,65840705,.,1000,.,275.99431,-1.0,4.87269,77,65840650
chr12,116703317,116703467,.,1000,.,275.97602,-1.0,4.87269,75,116703392
chr9,130236247,130236414,.,1000,.,275.9617,-1.0,4.87269,83,130236330
chr2,109128077,109128227,.,1000,.,275.94753,-1.0,4.87269,65,109128142
chr13,31199832,31199996,.,1000,.,275.93656,-1.0,4.87269,84,31199916
chr7,149422393,149422630,.,1000,.,275.93106,-1.0,4.87269,113,149422506
chr8,84626193,84626376,.,1000,.,275.92955,-1.0,4.87269,97,84626290
chr8,102197491,102197668,.,1000,.,275.92186,-1.0,4.87269,107,102197598
chr1,206583786,206583914,.,1000,.,275.92058,-1.0,4.87269,69,206583855
chr19,18866612,18866801,.,1000,.,275.9123,-1.0,4.87269,81,18866693
chr15,56491245,56491388,.,1000,.,275.88897,-1.0,4.87269,70,56491315
chr17,1276257,1276423,.,1000,.,275.88722,-1.0,4.87269,79,1276336
chr10,110610403,110610552,.,1000,.,275.87763,-1.0,4.87269,70,110610473
chr18,36284822,36284937,.,1000,.,275.85383,-1.0,4.87269,56,36284878
chr5,173332118,173332252,.,1000,.,275.84957,-1.0,4.87269,72,173332190
chr3,98329650,98329807,.,1000,.,275.83669,-1.0,4.87269,78,98329728
chr10,128212001,128212180,.,1000,.,275.8322,-1.0,4.87269,88,128212089
chr19,10388994,10389117,.,1000,.,275.83035,-1.0,4.87269,62,10389056
chr12,129911593,129911732,.,1000,.,275.80028,-1.0,4.87269,58,129911651
chr20,44685294,44685432,.,1000,.,275.7888,-1.0,4.87269,75,44685369
chr2,72892809,72892968,.,1000,.,275.77847,-1.0,4.87269,81,72892890
chr21,45292564,45292717,.,1000,.,275.7593,-1.0,4.87269,74,45292638
chr11,121321747,121321883,.,1000,.,275.74636,-1.0,4.87269,59,121321806
chr16,82263624,82263763,.,1000,.,275.7413,-1.0,4.87269,64,82263688
chr20,49217233,49217370,.,1000,.,275.71245,-1.0,4.87269,63,49217296
chr2,74690726,74690847,.,1000,.,275.71223,-1.0,4.87269,46,74690772
chr20,40963080,40963238,.,1000,.,275.70527,-1.0,4.87269,86,40963166
chr14,69603706,69603820,.,1000,.,275.70417,-1.0,4.87269,54,69603760
chr5,172106966,172107083,.,1000,.,275.69574,-1.0,4.87269,69,172107035
chr10,119686582,119686743,.,1000,.,275.68105,-1.0,4.87269,82,119686664
chr1,9784659,9784805,.,1000,.,275.68068,-1.0,4.87269,70,9784729
chr1,47175449,47175615,.,1000,.,275.67269,-1.0,4.87269,84,47175533
chr11,117807577,117807753,.,1000,.,275.67224,-1.0,4.87269,85,117807662
chr2,38115367,38115488,.,1000,.,275.6552,-1.0,4.87269,52,38115419
chr14,93139304,93139423,.,1000,.,275.65498,-1.0,4.87269,58,93139362
chr5,172713128,172713303,.,1000,.,275.65199,-1.0,4.87269,76,172713204
chr16,10918908,10919008,.,1000,.,275.64869,-1.0,4.87269,33,10918941
chr16,21188761,21188914,.,1000,.,275.64805,-1.0,4.87269,101,21188862
chr11,4636981,4637124,.,1000,.,275.64621,-1.0,4.87269,89,4637070
chr15,89740181,89740316,.,1000,.,275.63876,-1.0,4.87269,50,89740231
chr8,1735540,1735686,.,1000,.,275.63416,-1.0,4.87269,88,1735628
chr2,227766418,227766588,.,1000,.,275.63372,-1.0,4.87269,78,227766496
chr3,39030920,39031068,.,1000,.,275.6209,-1.0,4.87269,74,39030994
chr17,64649233,64649363,.,1000,.,275.61341,-1.0,4.87269,74,64649307
chr11,67081567,67081705,.,1000,.,275.60302,-1.0,4.87269,61,67081628
chr17,36483078,36483250,.,1000,.,275.5905,-1.0,4.87269,87,36483165
chr17,39207067,39207213,.,1000,.,275.57265,-1.0,4.87269,72,39207139
chr16,66873232,66873380,.,1000,.,275.55639,-1.0,4.87269,69,66873301
chr10,11472251,11472390,.,1000,.,275.52208,-1.0,4.87269,93,11472344
chr17,16415060,16415178,.,1000,.,275.49346,-1.0,4.87269,64,16415124
chr12,104358486,104358644,.,1000,.,275.48491,-1.0,4.87269,85,104358571
chr10,44857886,44858034,.,1000,.,275.4436,-1.0,4.87269,53,44857939
chr15,33700835,33700969,.,1000,.,275.43911,-1.0,4.87269,55,33700890
chr6,16128780,16128938,.,1000,.,275.43692,-1.0,4.87269,73,16128853
chr3,127652274,127652409,.,1000,.,275.43557,-1.0,4.87269,81,127652355
chr2,64646444,64646597,.,1000,.,275.43528,-1.0,4.87269,71,64646515
chr3,187740040,187740197,.,1000,.,275.42636,-1.0,4.87269,70,187740110
chr1,24415510,24415678,.,1000,.,275.423,-1.0,4.87269,70,24415580
chr6,44238028,44238170,.,1000,.,275.40427,-1.0,4.87269,67,44238095
chr3,138594790,138594909,.,1000,.,275.39483,-1.0,4.87269,61,138594851
chr1,44047796,44047934,.,1000,.,275.38656,-1.0,4.87269,61,44047857
chr20,44683649,44683795,.,1000,.,275.38238,-1.0,4.87269,67,44683716
chr12,69154708,69154878,.,1000,.,275.37603,-1.0,4.87269,91,69154799
chr7,128883686,128883872,.,1000,.,275.36897,-1.0,4.87269,85,128883771
chr9,126781893,126782042,.,1000,.,275.35553,-1.0,4.87269,66,126781959
chr17,27805547,27805684,.,1000,.,275.34828,-1.0,4.87269,88,27805635
chr19,42279852,42280037,.,1000,.,275.33661,-1.0,4.87269,86,42279938
chr14,76913648,76913837,.,1000,.,275.32435,-1.0,4.87269,126,76913774
chr11,18115599,18115740,.,1000,.,275.30469,-1.0,4.87269,82,18115681
chr11,9748606,9748742,.,1000,.,275.28797,-1.0,4.87269,50,9748656
chr14,36942318,36942449,.,1000,.,275.24726,-1.0,4.87269,89,36942407
chr6,31769879,31770045,.,1000,.,275.24688,-1.0,4.87269,79,31769958
chr12,130916293,130916461,.,1000,.,275.24515,-1.0,4.87269,72,130916365
chr9,124774512,124774634,.,1000,.,275.23471,-1.0,4.87269,48,124774560
chr15,52139940,52140094,.,1000,.,275.21448,-1.0,4.87269,85,52140025
chr16,66589513,66589689,.,1000,.,275.21268,-1.0,4.87269,74,66589587
chr6,149565673,149565805,.,1000,.,275.21092,-1.0,4.87269,64,149565737
chr3,125585753,125585889,.,1000,.,275.20454,-1.0,4.87269,62,125585815
chr14,70972502,70972629,.,1000,.,275.19166,-1.0,4.87269,68,70972570
chrX,48945878,48946038,.,1000,.,275.18603,-1.0,4.87269,73,48945951
chr12,122054435,122054597,.,1000,.,275.18324,-1.0,4.87269,66,122054501
chr6,154733266,154733429,.,1000,.,275.18222,-1.0,4.87269,81,154733347
chr5,138579378,138579539,.,1000,.,275.17017,-1.0,4.87269,67,138579445
chr1,219385942,219386072,.,1000,.,275.13258,-1.0,4.87269,70,219386012
chr3,172596232,172596352,.,1000,.,275.12594,-1.0,4.87269,61,172596293
chr7,74566874,74567027,.,1000,.,275.11362,-1.0,4.87269,73,74566947
chr3,187748097,187748254,.,1000,.,275.10614,-1.0,4.87269,67,187748164
chr11,61871239,61871382,.,1000,.,275.10452,-1.0,4.87269,72,61871311
chr11,9137865,9138006,.,1000,.,275.09255,-1.0,4.87269,56,9137921
chr3,133384577,133384729,.,1000,.,275.06145,-1.0,4.87269,73,133384650
chr1,153277976,153278149,.,1000,.,275.06134,-1.0,4.87269,83,153278059
chr16,57519873,57520023,.,1000,.,275.05797,-1.0,4.87269,73,57519946
chr19,55301922,55302069,.,1000,.,275.05587,-1.0,4.87269,68,55301990
chr9,112844762,112844951,.,1000,.,275.05294,-1.0,4.87269,97,112844859
chr6,31680814,31680982,.,1000,.,275.05178,-1.0,4.87269,77,31680891
chr12,89019683,89019834,.,1000,.,275.04613,-1.0,4.87269,67,89019750
chr9,20624876,20625049,.,1000,.,275.03494,-1.0,4.87269,89,20624965
chr4,2441742,2441940,.,1000,.,275.03138,-1.0,4.87269,106,2441848
chr4,8242282,8242436,.,1000,.,275.00624,-1.0,4.87269,76,8242358
chr19,7341186,7341341,.,1000,.,274.99938,-1.0,4.87269,84,7341270
chr3,47990063,47990204,.,1000,.,274.99673,-1.0,4.87269,81,47990144
chr9,126491412,126491552,.,1000,.,274.95998,-1.0,4.87269,75,126491487
chr19,1767558,1767700,.,1000,.,274.94671,-1.0,4.87269,73,1767631
chr2,240143879,240144035,.,1000,.,274.93866,-1.0,4.87269,91,240143970
chr20,1466905,1467067,.,1000,.,274.93079,-1.0,4.87269,91,1466996
chr5,33436001,33436136,.,1000,.,274.92987,-1.0,4.87269,63,33436064
chr1,203039440,203039581,.,1000,.,274.92437,-1.0,4.87269,68,203039508
chr11,8006494,8006638,.,1000,.,274.9195,-1.0,4.87269,69,8006563
chr10,73644252,73644415,.,1000,.,274.91083,-1.0,4.87269,89,73644341
chr5,154405313,154405455,.,1000,.,274.89377,-1.0,4.87269,70,154405383
chr19,33143981,33144154,.,1000,.,274.8895,-1.0,4.87269,97,33144078
chr9,32379396,32379516,.,1000,.,274.88457,-1.0,4.87269,63,32379459
chr22,34414920,34415064,.,1000,.,274.86564,-1.0,4.87269,69,34414989
chr3,128608443,128608595,.,1000,.,274.86456,-1.0,4.87269,90,128608533
chr15,101641281,101641441,.,1000,.,274.8598,-1.0,4.87269,73,101641354
chrX,79270533,79270666,.,1000,.,274.85172,-1.0,4.87269,81,79270614
chr2,73163883,73164017,.,1000,.,274.84559,-1.0,4.87269,68,73163951
chr1,2195283,2195435,.,1000,.,274.84178,-1.0,4.87269,89,2195372
chr20,50987849,50987981,.,1000,.,274.83755,-1.0,4.87269,55,50987904
chr2,57720931,57721071,.,1000,.,274.83198,-1.0,4.87269,78,57721009
chr20,46758182,46758369,.,1000,.,274.82086,-1.0,4.87269,94,46758276
chr8,56929225,56929379,.,1000,.,274.79977,-1.0,4.87269,77,56929302
chr19,17305508,17305635,.,1000,.,274.79793,-1.0,4.87269,57,17305565
chr12,124321091,124321253,.,1000,.,274.79237,-1.0,4.87269,83,124321174
chr3,131794869,131795035,.,1000,.,274.78923,-1.0,4.87269,85,131794954
chr3,115692999,115693143,.,1000,.,274.78134,-1.0,4.87269,86,115693085
chr9,129139234,129139404,.,1000,.,274.78075,-1.0,4.87269,90,129139324
chr18,77900175,77900348,.,1000,.,274.78045,-1.0,4.87269,85,77900260
chr17,32444254,32444387,.,1000,.,274.77034,-1.0,4.87269,59,32444313
chr17,62066060,62066194,.,1000,.,274.76916,-1.0,4.87269,64,62066124
chr6,163956733,163956887,.,1000,.,274.7672,-1.0,4.87269,82,163956815
chr2,133844404,133844539,.,1000,.,274.76121,-1.0,4.87269,67,133844471
chr8,61023608,61023750,.,1000,.,274.7493,-1.0,4.87269,82,61023690
chr1,98051181,98051353,.,1000,.,274.74399,-1.0,4.87269,84,98051265
chr7,49852765,49852927,.,1000,.,274.7435,-1.0,4.87269,77,49852842
chr3,120795159,120795291,.,1000,.,274.73629,-1.0,4.87269,76,120795235
chr6,85355148,85355292,.,1000,.,274.72943,-1.0,4.87269,70,85355218
chr18,47100355,47100507,.,1000,.,274.69364,-1.0,4.87269,70,47100425
chr14,105352347,105352490,.,1000,.,274.68185,-1.0,4.87269,72,105352419
chr9,126940735,126940880,.,1000,.,274.6749,-1.0,4.87269,61,126940796
chr3,186540652,186540758,.,1000,.,274.66728,-1.0,4.87269,54,186540706
chr15,98659339,98659478,.,1000,.,274.66668,-1.0,4.87269,66,98659405
chr2,96554481,96554643,.,1000,.,274.64916,-1.0,4.87269,68,96554549
chr2,26330117,26330275,.,1000,.,274.64465,-1.0,4.87269,85,26330202
chr17,1630087,1630247,.,1000,.,274.64359,-1.0,4.87269,88,1630175
chr15,74771170,74771291,.,1000,.,274.63875,-1.0,4.87269,66,74771236
chr4,1693514,1693663,.,1000,.,274.61505,-1.0,4.87269,70,1693584
chr2,218406566,218406733,.,1000,.,274.61298,-1.0,4.87269,87,218406653
chr5,170225950,170226097,.,1000,.,274.58799,-1.0,4.87269,81,170226031
chr9,122125290,122125424,.,1000,.,274.55007,-1.0,4.87269,52,122125342
chr2,178479180,178479292,.,1000,.,274.54991,-1.0,4.87269,32,178479212
chr17,76466069,76466233,.,1000,.,274.54903,-1.0,4.87269,81,76466150
chr13,31424235,31424400,.,1000,.,274.51369,-1.0,4.87269,91,31424326
chr4,110005590,110005711,.,1000,.,274.50708,-1.0,4.87269,66,110005656
chr6,135183958,135184108,.,1000,.,274.48226,-1.0,4.87269,75,135184033
chr1,246689599,246689750,.,1000,.,274.47274,-1.0,4.87269,78,246689677
chr6,166313387,166313532,.,1000,.,274.47086,-1.0,4.87269,45,166313432
chr1,39653646,39653797,.,1000,.,274.46985,-1.0,4.87269,65,39653711
chr2,45936508,45936625,.,1000,.,274.463,-1.0,4.87269,59,45936567
chr17,72560323,72560448,.,1000,.,274.46138,-1.0,4.87269,71,72560394
chr6,43773427,43773575,.,1000,.,274.4546,-1.0,4.87269,89,43773516
chr11,119205871,119206023,.,1000,.,274.4532,-1.0,4.87269,73,119205944
chr7,30276234,30276387,.,1000,.,274.44322,-1.0,4.87269,66,30276300
chr7,139500080,139500223,.,1000,.,274.44067,-1.0,4.87269,70,139500150
chr16,75233980,75234116,.,1000,.,274.42683,-1.0,4.87269,53,75234033
chr1,234310076,234310190,.,1000,.,274.40723,-1.0,4.87269,64,234310140
chr10,103888425,103888535,.,1000,.,274.40664,-1.0,4.87269,62,103888487
chr14,90758518,90758668,.,1000,.,274.4022,-1.0,4.87269,65,90758583
chr17,412334,412491,.,1000,.,274.39357,-1.0,4.87269,84,412418
chr14,24014042,24014183,.,1000,.,274.37142,-1.0,4.87269,90,24014132
chr5,1645003,1645159,.,1000,.,274.33888,-1.0,4.87269,62,1645065
chr17,7136351,7136515,.,1000,.,274.33873,-1.0,4.87269,74,7136425
chr19,49474061,49474247,.,1000,.,274.3322,-1.0,4.87269,93,49474154
chr1,151024685,151024814,.,1000,.,274.31048,-1.0,4.87269,60,151024745
chr5,81507059,81507196,.,1000,.,274.30647,-1.0,4.87269,86,81507145
chr1,160726918,160727078,.,1000,.,274.25523,-1.0,4.87269,79,160726997
chr2,230848004,230848111,.,1000,.,274.25337,-1.0,4.87269,75,230848079
chr5,38193211,38193357,.,1000,.,274.24868,-1.0,4.87269,89,38193300
chr1,44835965,44836095,.,1000,.,274.19789,-1.0,4.87269,69,44836034
chr10,70550003,70550125,.,1000,.,274.19532,-1.0,4.87269,45,70550048
chr2,178891532,178891667,.,1000,.,274.18773,-1.0,4.87269,81,178891613
chr9,98315654,98315779,.,1000,.,274.17739,-1.0,4.87269,65,98315719
chr1,181937073,181937229,.,1000,.,274.17537,-1.0,4.87269,70,181937143
chr13,110455985,110456116,.,1000,.,274.17485,-1.0,4.87269,81,110456066
chr1,183916079,183916229,.,1000,.,274.17208,-1.0,4.87269,80,183916159
chr7,128398672,128398820,.,1000,.,274.16458,-1.0,4.87269,71,128398743
chr1,168342787,168342952,.,1000,.,274.10535,-1.0,4.87269,88,168342875
chr16,24517129,24517247,.,1000,.,274.10472,-1.0,4.87269,54,24517183
chr13,41668299,41668418,.,1000,.,274.06803,-1.0,4.87269,55,41668354
chr2,230611494,230611615,.,1000,.,274.0663,-1.0,4.87269,51,230611545
chr12,32756348,32756472,.,1000,.,274.06348,-1.0,4.87269,52,32756400
chr19,18461948,18462100,.,1000,.,274.04891,-1.0,4.87269,78,18462026
chr14,65824827,65824956,.,1000,.,274.04747,-1.0,4.87269,74,65824901
chr2,102615959,102616119,.,1000,.,274.0366,-1.0,4.87269,74,102616033
chr11,12047471,12047634,.,1000,.,274.02992,-1.0,4.87269,74,12047545
chr6,35583919,35584069,.,1000,.,274.00183,-1.0,4.87269,87,35584006
chr17,40560378,40560552,.,1000,.,273.99995,-1.0,4.87269,73,40560451
chr17,76868283,76868430,.,1000,.,273.99565,-1.0,4.87269,67,76868350
chr14,75561073,75561208,.,1000,.,273.94193,-1.0,4.87269,72,75561145
chr9,133406922,133407066,.,1000,.,273.93712,-1.0,4.87269,66,133406988
chr1,152052646,152052794,.,1000,.,273.93496,-1.0,4.87269,91,152052737
chr1,11719893,11720010,.,1000,.,273.92595,-1.0,4.87269,69,11719962
chr9,128035311,128035424,.,1000,.,273.91031,-1.0,4.87269,54,128035365
chr11,123577098,123577238,.,1000,.,273.89584,-1.0,4.87269,81,123577179
chr11,64153162,64153314,.,1000,.,273.88717,-1.0,4.87269,94,64153256
chr17,76121518,76121699,.,1000,.,273.88466,-1.0,4.87269,83,76121601
chr2,20642505,20642654,.,1000,.,273.86834,-1.0,4.87269,67,20642572
chr14,69460221,69460364,.,1000,.,273.85505,-1.0,4.87269,89,69460310
chr9,127870015,127870170,.,1000,.,273.83256,-1.0,4.87269,60,127870075
chr19,14574292,14574400,.,1000,.,273.8277,-1.0,4.87269,64,14574356
chr18,32158140,32158274,.,1000,.,273.80315,-1.0,4.87269,71,32158211
chr17,74865023,74865163,.,1000,.,273.79966,-1.0,4.87269,41,74865064
chr2,100262980,100263110,.,1000,.,273.77827,-1.0,4.87269,59,100263039
chr6,30219261,30219419,.,1000,.,273.77054,-1.0,4.87269,83,30219344
chr13,49848074,49848225,.,1000,.,273.76825,-1.0,4.87269,84,49848158
chr11,124962125,124962272,.,1000,.,273.74235,-1.0,4.87269,57,124962182
chr22,24850401,24850569,.,1000,.,273.73572,-1.0,4.87269,92,24850493
chr12,949873,950060,.,1000,.,273.7322,-1.0,4.87269,81,949954
chr9,136488732,136488870,.,1000,.,273.73148,-1.0,4.87269,72,136488804
chr16,65118091,65118257,.,1000,.,273.72109,-1.0,4.87269,74,65118165
chr10,47024862,47024992,.,1000,.,273.71936,-1.0,4.87269,73,47024935
chr5,179801929,179802061,.,1000,.,273.71787,-1.0,4.87269,62,179801991
chr10,49593149,49593304,.,1000,.,273.70375,-1.0,4.87269,75,49593224
chr18,59837614,59837759,.,1000,.,273.6758,-1.0,4.87269,94,59837708
chr18,76983431,76983544,.,1000,.,273.67464,-1.0,4.87269,42,76983473
chr11,65540970,65541124,.,1000,.,273.67291,-1.0,4.87269,71,65541041
chrX,24395888,24396034,.,1000,.,273.65765,-1.0,4.87269,68,24395956
chr9,126860301,126860479,.,1000,.,273.64732,-1.0,4.87269,86,126860387
chr7,129210617,129210739,.,1000,.,273.62419,-1.0,4.87269,58,129210675
chr11,17979869,17980024,.,1000,.,273.61676,-1.0,4.87269,85,17979954
chr3,39378209,39378370,.,1000,.,273.59112,-1.0,4.87269,86,39378295
chr16,1959348,1959472,.,1000,.,273.58879,-1.0,4.87269,79,1959427
chr14,54805912,54806073,.,1000,.,273.57837,-1.0,4.87269,84,54805996
chr10,100046144,100046275,.,1000,.,273.55874,-1.0,4.87269,76,100046220
chr19,39793097,39793220,.,1000,.,273.54999,-1.0,4.87269,62,39793159
chr10,131875015,131875163,.,1000,.,273.54797,-1.0,4.87269,77,131875092
chr3,52291544,52291707,.,1000,.,273.54625,-1.0,4.87269,77,52291621
chr16,18801729,18801847,.,1000,.,273.5435,-1.0,4.87269,80,18801809
chr11,76799359,76799506,.,1000,.,273.5359,-1.0,4.87269,55,76799414
chrX,72126674,72126818,.,1000,.,273.50578,-1.0,4.87269,81,72126755
chr15,101007059,101007236,.,1000,.,273.49448,-1.0,4.87269,90,101007149
chr6,166381901,166382058,.,1000,.,273.4767,-1.0,4.87269,90,166381991
chr6,25265820,25265941,.,1000,.,273.45506,-1.0,4.87269,45,25265865
chr4,15882740,15882885,.,1000,.,273.44586,-1.0,4.87269,68,15882808
chr19,7652098,7652279,.,1000,.,273.44457,-1.0,4.87269,94,7652192
chr9,131350156,131350292,.,1000,.,273.43101,-1.0,4.87269,58,131350214
chr11,72091362,72091535,.,1000,.,273.41896,-1.0,4.87269,86,72091448
chr2,10832445,10832564,.,1000,.,273.39829,-1.0,4.87269,59,10832504
chr15,38683754,38683890,.,1000,.,273.36607,-1.0,4.87269,72,38683826
chr6,13795209,13795340,.,1000,.,273.36197,-1.0,4.87269,55,13795264
chr16,85616066,85616198,.,1000,.,273.33981,-1.0,4.87269,68,85616134
chr2,78979751,78979916,.,1000,.,273.33596,-1.0,4.87269,73,78979824
chr2,159921898,159922070,.,1000,.,273.31411,-1.0,4.87269,93,159921991
chr9,105415530,105415660,.,1000,.,273.30865,-1.0,4.87269,53,105415583
chr6,108542110,108542244,.,1000,.,273.30734,-1.0,4.87269,68,108542178
chr3,195894720,195894879,.,1000,.,273.30501,-1.0,4.87269,71,195894791
chr3,142280106,142280239,.,1000,.,273.29034,-1.0,4.87269,76,142280182
chr12,89543049,89543194,.,1000,.,273.27,-1.0,4.87269,72,89543121
chr8,42692599,42692735,.,1000,.,273.23914,-1.0,4.87269,73,42692672
chrX,153539566,153539719,.,1000,.,273.23213,-1.0,4.87269,88,153539654
chr11,111841593,111841706,.,1000,.,273.21985,-1.0,4.87269,55,111841648
chr2,102355665,102355854,.,1000,.,273.17734,-1.0,4.87269,92,102355757
chr14,78448604,78448730,.,1000,.,273.16195,-1.0,4.87269,54,78448658
chr17,55514130,55514272,.,1000,.,273.16122,-1.0,4.87269,67,55514197
chr6,27687541,27687686,.,1000,.,273.15228,-1.0,4.87269,64,27687605
chr16,52191651,52191794,.,1000,.,273.10052,-1.0,4.87269,77,52191728
chr11,58675650,58675788,.,1000,.,273.06177,-1.0,4.87269,93,58675743
chr3,183895327,183895487,.,1000,.,273.04763,-1.0,4.87269,83,183895410
chr15,38440365,38440519,.,1000,.,273.04382,-1.0,4.87269,85,38440450
chr20,4607382,4607502,.,1000,.,273.02502,-1.0,4.87269,42,4607424
chr16,30187405,30187545,.,1000,.,273.01013,-1.0,4.87269,75,30187480
chr7,47991805,47991967,.,1000,.,273.00989,-1.0,4.87269,92,47991897
chr18,77000552,77000698,.,1000,.,272.99631,-1.0,4.87269,76,77000628
chr2,235779535,235779693,.,1000,.,272.98852,-1.0,4.87269,73,235779608
chr3,122679237,122679388,.,1000,.,272.93287,-1.0,4.87269,78,122679315
chr17,17313717,17313863,.,1000,.,272.90768,-1.0,4.87269,76,17313793
chr18,63936267,63936396,.,1000,.,272.90137,-1.0,4.87269,74,63936341
chr8,28363496,28363668,.,1000,.,272.8869,-1.0,4.87269,82,28363578
chr2,240438363,240438534,.,1000,.,272.87057,-1.0,4.87269,88,240438451
chr11,128831271,128831419,.,1000,.,272.86017,-1.0,4.87269,74,128831345
chr3,122258897,122259030,.,1000,.,272.8452,-1.0,4.87269,80,122258977
chr1,108746456,108746565,.,1000,.,272.84214,-1.0,4.87269,49,108746505
chr1,16187864,16188013,.,1000,.,272.79717,-1.0,4.87269,81,16187945
chr20,63706876,63707010,.,1000,.,272.7958,-1.0,4.87269,75,63706951
chr14,100192851,100193049,.,1000,.,272.79376,-1.0,4.87269,104,100192955
chr10,128069482,128069611,.,1000,.,272.78192,-1.0,4.87269,59,128069541
chr12,55073162,55073323,.,1000,.,272.77694,-1.0,4.87269,89,55073251
chr8,23163483,23163653,.,1000,.,272.76881,-1.0,4.87269,79,23163562
chr4,76179949,76180079,.,1000,.,272.74543,-1.0,4.87269,68,76180017
chr6,158214273,158214418,.,1000,.,272.74127,-1.0,4.87269,68,158214341
chr4,8403259,8403427,.,1000,.,272.71524,-1.0,4.87269,95,8403354
chr2,134118390,134118519,.,1000,.,272.71045,-1.0,4.87269,52,134118442
chr7,102236797,102236945,.,1000,.,272.70849,-1.0,4.87269,75,102236872
chr1,46725343,46725492,.,1000,.,272.69279,-1.0,4.87269,86,46725429
chr3,118817813,118817948,.,1000,.,272.68102,-1.0,4.87269,56,118817869
chr13,99656252,99656369,.,1000,.,272.67602,-1.0,4.87269,52,99656304
chr2,68925427,68925556,.,1000,.,272.64436,-1.0,4.87269,65,68925492
chr18,8988390,8988513,.,1000,.,272.63475,-1.0,4.87269,59,8988449
chr10,114304051,114304190,.,1000,.,272.62381,-1.0,4.87269,72,114304123
chr3,48558234,48558450,.,1000,.,272.592,-1.0,4.87269,108,48558342
chr11,64878550,64878685,.,1000,.,272.58717,-1.0,4.87269,73,64878623
chr16,27368235,27368377,.,1000,.,272.58286,-1.0,4.87269,68,27368303
chr1,181084387,181084516,.,1000,.,272.57978,-1.0,4.87269,65,181084452
chr12,53352704,53352849,.,1000,.,272.57415,-1.0,4.87269,73,53352777
chr10,58952782,58952922,.,1000,.,272.56993,-1.0,4.87269,76,58952858
chr11,64318081,64318193,.,1000,.,272.51966,-1.0,4.87269,59,64318140
chr19,1853443,1853578,.,1000,.,272.50795,-1.0,4.87269,68,1853511
chr11,67351314,67351450,.,1000,.,272.49966,-1.0,4.87269,58,67351372
chr16,19375706,19375849,.,1000,.,272.49783,-1.0,4.87269,74,19375780
chr6,83215289,83215403,.,1000,.,272.47945,-1.0,4.87269,58,83215347
chr20,267077,267209,.,1000,.,272.45152,-1.0,4.87269,68,267145
chr15,92077475,92077613,.,1000,.,272.44588,-1.0,4.87269,70,92077545
chr17,57892594,57892729,.,1000,.,272.43985,-1.0,4.87269,56,57892650
chr16,29816293,29816470,.,1000,.,272.43317,-1.0,4.87269,81,29816374
chr13,28324321,28324472,.,1000,.,272.42418,-1.0,4.87269,73,28324394
chr17,27603255,27603394,.,1000,.,272.41666,-1.0,4.87269,85,27603340
chr17,74958051,74958171,.,1000,.,272.41533,-1.0,4.87269,51,74958102
chr17,48074466,48074588,.,1000,.,272.4051,-1.0,4.87269,67,48074533
chr9,68999733,68999863,.,1000,.,272.40099,-1.0,4.87269,83,68999816
chr2,227238392,227238532,.,1000,.,272.3791,-1.0,4.87269,73,227238465
chr1,39919600,39919753,.,1000,.,272.36315,-1.0,4.87269,80,39919680
chr5,18305442,18305580,.,1000,.,272.35389,-1.0,4.87269,65,18305507
chr16,74862879,74862999,.,1000,.,272.34944,-1.0,4.87269,58,74862937
chr11,120172332,120172470,.,1000,.,272.34167,-1.0,4.87269,69,120172401
chr12,7638793,7638930,.,1000,.,272.31502,-1.0,4.87269,59,7638852
chr16,10181643,10181812,.,1000,.,272.29638,-1.0,4.87269,85,10181728
chr4,164779867,164780013,.,1000,.,272.27601,-1.0,4.87269,71,164779938
chr11,10366773,10366915,.,1000,.,272.27565,-1.0,4.87269,61,10366834
chr7,131507979,131508111,.,1000,.,272.27546,-1.0,4.87269,62,131508041
chr7,30800797,30800949,.,1000,.,272.24712,-1.0,4.87269,98,30800895
chr11,6363191,6363342,.,1000,.,272.21686,-1.0,4.87269,68,6363259
chr19,58519545,58519723,.,1000,.,272.20074,-1.0,4.87269,97,58519642
chr19,17067556,17067687,.,1000,.,272.20055,-1.0,4.87269,52,17067608
chr14,106691633,106691980,.,1000,.,272.19934,-1.0,4.87269,133,106691766
chr11,66439120,66439206,.,1000,.,272.19826,-1.0,4.87269,7,66439127
chr5,134577907,134578046,.,1000,.,272.19309,-1.0,4.87269,73,134577980
chr9,124419654,124419798,.,1000,.,272.18408,-1.0,4.87269,68,124419722
chr19,45485368,45485494,.,1000,.,272.18352,-1.0,4.87269,60,45485428
chr16,2919774,2919904,.,1000,.,272.18258,-1.0,4.87269,74,2919848
chr10,101889730,101889899,.,1000,.,272.14194,-1.0,4.87269,78,101889808
chr17,40191726,40191857,.,1000,.,272.13464,-1.0,4.87269,75,40191801
chr7,20598658,20598778,.,1000,.,272.12962,-1.0,4.87269,68,20598726
chr12,49358756,49358893,.,1000,.,272.12109,-1.0,4.87269,79,49358835
chr16,57591507,57591628,.,1000,.,272.11342,-1.0,4.87269,56,57591563
chr17,38584474,38584596,.,1000,.,272.11269,-1.0,4.87269,55,38584529
chr22,38973684,38973826,.,1000,.,272.11258,-1.0,4.87269,69,38973753
chr1,235253301,235253424,.,1000,.,272.1108,-1.0,4.87269,63,235253364
chr5,108260701,108260819,.,1000,.,272.08911,-1.0,4.87269,54,108260755
chr15,51192775,51192945,.,1000,.,272.0666,-1.0,4.87269,86,51192861
chr7,138161635,138161764,.,1000,.,272.03049,-1.0,4.87269,53,138161688
chr20,52128588,52128704,.,1000,.,272.0115,-1.0,4.87269,87,52128675
chr5,90783805,90783968,.,1000,.,272.00473,-1.0,4.87269,96,90783901
chr9,84397182,84397311,.,1000,.,271.9985,-1.0,4.87269,74,84397256
chr5,35003494,35003620,.,1000,.,271.96248,-1.0,4.87269,51,35003545
chr22,36180412,36180561,.,1000,.,271.96181,-1.0,4.87269,60,36180472
chr11,14300843,14300973,.,1000,.,271.95039,-1.0,4.87269,57,14300900
chr22,25057398,25057534,.,1000,.,271.94619,-1.0,4.87269,69,25057467
chr8,22595319,22595477,.,1000,.,271.93723,-1.0,4.87269,76,22595395
chr4,7802246,7802384,.,1000,.,271.92929,-1.0,4.87269,68,7802314
chr16,84726165,84726316,.,1000,.,271.927,-1.0,4.87269,52,84726217
chr20,5223060,5223216,.,1000,.,271.91282,-1.0,4.87269,98,5223158
chr17,33751247,33751404,.,1000,.,271.90584,-1.0,4.87269,73,33751320
chr21,42117544,42117679,.,1000,.,271.89125,-1.0,4.87269,76,42117620
chr2,161063806,161063932,.,1000,.,271.89013,-1.0,4.87269,70,161063876
chr2,111117112,111117287,.,1000,.,271.85819,-1.0,4.87269,86,111117198
chr11,44616986,44617102,.,1000,.,271.83098,-1.0,4.87269,69,44617055
chr2,86221216,86221355,.,1000,.,271.82215,-1.0,4.87269,66,86221282
chr15,57306719,57306848,.,1000,.,271.82046,-1.0,4.87269,89,57306808
chr17,78360872,78361024,.,1000,.,271.80572,-1.0,4.87269,74,78360946
chr5,157148960,157149108,.,1000,.,271.79425,-1.0,4.87269,81,157149041
chr12,42024314,42024457,.,1000,.,271.79201,-1.0,4.87269,73,42024387
chr9,84261258,84261405,.,1000,.,271.75593,-1.0,4.87269,74,84261332
chr8,143532199,143532369,.,1000,.,271.74615,-1.0,4.87269,86,143532285
chr22,21713285,21713430,.,1000,.,271.73237,-1.0,4.87269,70,21713355
chr1,40669000,40669143,.,1000,.,271.72606,-1.0,4.87269,66,40669066
chr3,53710270,53710413,.,1000,.,271.7,-1.0,4.87269,83,53710353
chr2,172103948,172104107,.,1000,.,271.6793,-1.0,4.87269,81,172104029
chr3,4980416,4980548,.,1000,.,271.66961,-1.0,4.87269,53,4980469
chr7,134432792,134432948,.,1000,.,271.66546,-1.0,4.87269,75,134432867
chr1,37434409,37434543,.,1000,.,271.66255,-1.0,4.87269,61,37434470
chr8,61096208,61096339,.,1000,.,271.66165,-1.0,4.87269,77,61096285
chr1,112466246,112466371,.,1000,.,271.65207,-1.0,4.87269,68,112466314
chr6,31197058,31197209,.,1000,.,271.65171,-1.0,4.87269,78,31197136
chr13,30865464,30865606,.,1000,.,271.64723,-1.0,4.87269,65,30865529
chr11,7513250,7513376,.,1000,.,271.6453,-1.0,4.87269,58,7513308
chrX,48917299,48917481,.,1000,.,271.6435,-1.0,4.87269,73,48917372
chr6,134111179,134111335,.,1000,.,271.63688,-1.0,4.87269,80,134111259
chr19,39341994,39342136,.,1000,.,271.62892,-1.0,4.87269,69,39342063
chr2,118882724,118882884,.,1000,.,271.6151,-1.0,4.87269,81,118882805
chr12,52083520,52083658,.,1000,.,271.61302,-1.0,4.87269,75,52083595
chr2,100984973,100985109,.,1000,.,271.60837,-1.0,4.87269,74,100985047
chr1,112881064,112881199,.,1000,.,271.5786,-1.0,4.87269,62,112881126
chr1,92960487,92960608,.,1000,.,271.56644,-1.0,4.87269,50,92960537
chr6,159174370,159174500,.,1000,.,271.54342,-1.0,4.87269,76,159174446
chr9,89598214,89598368,.,1000,.,271.50633,-1.0,4.87269,87,89598301
chr22,40036743,40036880,.,1000,.,271.49724,-1.0,4.87269,74,40036817
chr10,124741418,124741554,.,1000,.,271.49352,-1.0,4.87269,59,124741477
chr10,86377311,86377493,.,1000,.,271.49088,-1.0,4.87269,99,86377410
chr2,218272755,218272929,.,1000,.,271.49009,-1.0,4.87269,93,218272848
chr10,130127896,130128051,.,1000,.,271.4756,-1.0,4.87269,76,130127972
chr19,45427703,45427850,.,1000,.,271.4449,-1.0,4.87269,70,45427773
chr17,41963085,41963220,.,1000,.,271.43125,-1.0,4.87269,69,41963154
chr3,69120992,69121129,.,1000,.,271.40425,-1.0,4.87269,75,69121067
chr5,170744587,170744741,.,1000,.,271.39013,-1.0,4.87269,74,170744661
chr17,67800511,67800641,.,1000,.,271.38259,-1.0,4.87269,71,67800582
chr14,59028669,59028824,.,1000,.,271.35205,-1.0,4.87269,87,59028756
chrX,151082464,151082622,.,1000,.,271.33155,-1.0,4.87269,77,151082541
chr17,41648767,41648879,.,1000,.,271.33106,-1.0,4.87269,52,41648819
chr4,10582200,10582337,.,1000,.,271.32671,-1.0,4.87269,57,10582257
chr17,40441078,40441231,.,1000,.,271.32392,-1.0,4.87269,78,40441156
chr16,50665463,50665632,.,1000,.,271.32296,-1.0,4.87269,93,50665556
chr11,114261117,114261288,.,1000,.,271.29935,-1.0,4.87269,95,114261212
chr1,37860233,37860362,.,1000,.,271.29739,-1.0,4.87269,51,37860284
chr11,65574194,65574336,.,1000,.,271.28997,-1.0,4.87269,89,65574283
chr11,10541236,10541380,.,1000,.,271.28437,-1.0,4.87269,61,10541297
chr8,100158451,100158597,.,1000,.,271.28222,-1.0,4.87269,75,100158526
chr11,128172425,128172586,.,1000,.,271.25023,-1.0,4.87269,75,128172500
chr5,163347695,163347846,.,1000,.,271.23297,-1.0,4.87269,75,163347770
chr3,8623018,8623172,.,1000,.,271.23097,-1.0,4.87269,77,8623095
chr1,108512604,108512729,.,1000,.,271.20866,-1.0,4.87269,70,108512674
chr17,35809011,35809157,.,1000,.,271.19987,-1.0,4.87269,57,35809068
chr22,25202448,25202589,.,1000,.,271.15101,-1.0,4.87269,72,25202520
chr10,76984925,76985065,.,1000,.,271.14242,-1.0,4.87269,81,76985006
chr11,107799383,107799528,.,1000,.,271.13262,-1.0,4.87269,67,107799450
chr22,50209939,50210068,.,1000,.,271.11495,-1.0,4.87269,76,50210015
chr11,4187649,4187793,.,1000,.,271.10342,-1.0,4.87269,76,4187725
chr22,39310983,39311148,.,1000,.,271.10251,-1.0,4.87269,91,39311074
chr6,36341089,36341207,.,1000,.,271.08535,-1.0,4.87269,53,36341142
chr6,138109522,138109685,.,1000,.,271.07287,-1.0,4.87269,74,138109596
chr14,24296976,24297108,.,1000,.,271.07118,-1.0,4.87269,57,24297033
chr10,511112,511243,.,1000,.,271.05728,-1.0,4.87269,65,511177
chr3,58463769,58463935,.,1000,.,271.05462,-1.0,4.87269,89,58463858
chr7,26667637,26667828,.,1000,.,271.0513,-1.0,4.87269,107,26667744
chr16,75764339,75764431,.,1000,.,271.05041,-1.0,4.87269,22,75764361
chr2,43877997,43878147,.,1000,.,271.03039,-1.0,4.87269,67,43878064
chr5,17216204,17216360,.,1000,.,271.01002,-1.0,4.87269,86,17216290
chr3,50971565,50971695,.,1000,.,270.98721,-1.0,4.87269,63,50971628
chr5,143825255,143825376,.,1000,.,270.94777,-1.0,4.87269,49,143825304
chr22,30005345,30005493,.,1000,.,270.94614,-1.0,4.87269,72,30005417
chr18,13558177,13558303,.,1000,.,270.92261,-1.0,4.87269,66,13558243
chr15,41904637,41904802,.,1000,.,270.92003,-1.0,4.87269,75,41904712
chr9,127214509,127214646,.,1000,.,270.88257,-1.0,4.87269,83,127214592
chr2,119476358,119476485,.,1000,.,270.87398,-1.0,4.87269,62,119476420
chr10,34637576,34637728,.,1000,.,270.85816,-1.0,4.87269,97,34637673
chr1,32215716,32215865,.,1000,.,270.8521,-1.0,4.87269,78,32215794
chr11,106087975,106088105,.,1000,.,270.85109,-1.0,4.87269,52,106088027
chr1,155050556,155050701,.,1000,.,270.84032,-1.0,4.87269,68,155050624
chr1,246003251,246003380,.,1000,.,270.82537,-1.0,4.87269,73,246003324
chr3,100590666,100590792,.,1000,.,270.82502,-1.0,4.87269,75,100590741
chr19,2019703,2019834,.,1000,.,270.8099,-1.0,4.87269,60,2019763
chr10,78047395,78047529,.,1000,.,270.77273,-1.0,4.87269,74,78047469
chr6,118565446,118565538,.,1000,.,270.76605,-1.0,4.87269,55,118565501
chr4,173494467,173494601,.,1000,.,270.76599,-1.0,4.87269,68,173494535
chr2,64330962,64331098,.,1000,.,270.75036,-1.0,4.87269,89,64331051
chr6,3251586,3251698,.,1000,.,270.74741,-1.0,4.87269,41,3251627
chr6,42661661,42661812,.,1000,.,270.73768,-1.0,4.87269,74,42661735
chr5,149035411,149035541,.,1000,.,270.73161,-1.0,4.87269,68,149035479
chr1,175154983,175155108,.,1000,.,270.70912,-1.0,4.87269,74,175155057
chrX,38327615,38327758,.,1000,.,270.70726,-1.0,4.87269,57,38327672
chr4,25988232,25988377,.,1000,.,270.65511,-1.0,4.87269,75,25988307
chr2,231482845,231482981,.,1000,.,270.64536,-1.0,4.87269,59,231482904
chr3,195859423,195859572,.,1000,.,270.62528,-1.0,4.87269,73,195859496
chr17,82153983,82154149,.,1000,.,270.6177,-1.0,4.87269,83,82154066
chr16,20300571,20300743,.,1000,.,270.60742,-1.0,4.87269,70,20300641
chr19,15629417,15629542,.,1000,.,270.57351,-1.0,4.87269,58,15629475
chr2,17830666,17830801,.,1000,.,270.56916,-1.0,4.87269,55,17830721
chr19,38515184,38515335,.,1000,.,270.56214,-1.0,4.87269,72,38515256
chr9,128295438,128295602,.,1000,.,270.54716,-1.0,4.87269,79,128295517
chr21,33605899,33606010,.,1000,.,270.51247,-1.0,4.87269,66,33605965
chr18,76803865,76804008,.,1000,.,270.51231,-1.0,4.87269,70,76803935
chr2,88591145,88591282,.,1000,.,270.49607,-1.0,4.87269,78,88591223
chr19,50783696,50783817,.,1000,.,270.49101,-1.0,4.87269,57,50783753
chr1,96966667,96966812,.,1000,.,270.48147,-1.0,4.87269,73,96966740
chr19,12983671,12983810,.,1000,.,270.47817,-1.0,4.87269,71,12983742
chr17,6913941,6914097,.,1000,.,270.47465,-1.0,4.87269,80,6914021
chr1,154943892,154944055,.,1000,.,270.47349,-1.0,4.87269,66,154943958
chr10,119416982,119417134,.,1000,.,270.46116,-1.0,4.87269,90,119417072
chr20,49609026,49609172,.,1000,.,270.44259,-1.0,4.87269,80,49609106
chr3,16550891,16551024,.,1000,.,270.40017,-1.0,4.87269,73,16550964
chr5,177071936,177072073,.,1000,.,270.39189,-1.0,4.87269,73,177072009
chr2,17851842,17851996,.,1000,.,270.38477,-1.0,4.87269,65,17851907
chr22,42662068,42662228,.,1000,.,270.37103,-1.0,4.87269,76,42662144
chr11,64723569,64723726,.,1000,.,270.36025,-1.0,4.87269,79,64723648
chr3,58008195,58008356,.,1000,.,270.35318,-1.0,4.87269,86,58008281
chr19,10027833,10027966,.,1000,.,270.34467,-1.0,4.87269,66,10027899
chr16,30092601,30092760,.,1000,.,270.3285,-1.0,4.87269,69,30092670
chr6,137314399,137314539,.,1000,.,270.31776,-1.0,4.87269,87,137314486
chr1,231211446,231211587,.,1000,.,270.31768,-1.0,4.87269,55,231211501
chr14,39469464,39469613,.,1000,.,270.30367,-1.0,4.87269,85,39469549
chr11,102347098,102347234,.,1000,.,270.29873,-1.0,4.87269,70,102347168
chr8,93822426,93822568,.,1000,.,270.29256,-1.0,4.87269,70,93822496
chr1,211514100,211514235,.,1000,.,270.27959,-1.0,4.87269,58,211514158
chr11,117226526,117226701,.,1000,.,270.27561,-1.0,4.87269,95,117226621
chr19,47863527,47863668,.,1000,.,270.26407,-1.0,4.87269,78,47863605
chr5,154650297,154650434,.,1000,.,270.25384,-1.0,4.87269,74,154650371
chr1,86500092,86500282,.,1000,.,270.25219,-1.0,4.87269,106,86500198
chr5,141320279,141320385,.,1000,.,270.25208,-1.0,4.87269,49,141320328
chr9,136226215,136226346,.,1000,.,270.24593,-1.0,4.87269,77,136226292
chr20,44388623,44388767,.,1000,.,270.21382,-1.0,4.87269,71,44388694
chr16,77971670,77971806,.,1000,.,270.21056,-1.0,4.87269,80,77971750
chr14,76872909,76873041,.,1000,.,270.20626,-1.0,4.87269,71,76872980
chr13,31044484,31044630,.,1000,.,270.2024,-1.0,4.87269,104,31044588
chr11,93543338,93543508,.,1000,.,270.18126,-1.0,4.87269,87,93543425
chr1,160428695,160428853,.,1000,.,270.17929,-1.0,4.87269,84,160428779
chr13,77751980,77752084,.,1000,.,270.17001,-1.0,4.87269,68,77752048
chr7,76359367,76359493,.,1000,.,270.16179,-1.0,4.87269,92,76359459
chr12,3073554,3073627,.,1000,.,270.14927,-1.0,4.87269,32,3073586
chr2,48946582,48946728,.,1000,.,270.13745,-1.0,4.87269,81,48946663
chr16,2983743,2983890,.,1000,.,270.1344,-1.0,4.87269,87,2983830
chr2,212686422,212686556,.,1000,.,270.13125,-1.0,4.87269,61,212686483
chr14,96584293,96584475,.,1000,.,270.11872,-1.0,4.87269,91,96584384
chr3,102673608,102673775,.,1000,.,270.11546,-1.0,4.87269,85,102673693
chr19,10250188,10250334,.,1000,.,270.1113,-1.0,4.87269,90,10250278
chr4,67327390,67327515,.,1000,.,270.09445,-1.0,4.87269,68,67327458
chr10,60816666,60816806,.,1000,.,270.08915,-1.0,4.87269,81,60816747
chr8,95248841,95248940,.,1000,.,270.06659,-1.0,4.87269,43,95248884
chr16,48156838,48156970,.,1000,.,270.06531,-1.0,4.87269,79,48156917
chr3,129245880,129246027,.,1000,.,270.03837,-1.0,4.87269,70,129245950
chr3,132352688,132352812,.,1000,.,270.03247,-1.0,4.87269,55,132352743
chr10,132458591,132458753,.,1000,.,270.01582,-1.0,4.87269,91,132458682
chr14,70622251,70622397,.,1000,.,270.00881,-1.0,4.87269,53,70622304
chr15,78422956,78423111,.,1000,.,269.96405,-1.0,4.87269,90,78423046
chr12,98516510,98516653,.,1000,.,269.96262,-1.0,4.87269,71,98516581
chr11,19259843,19259998,.,1000,.,269.95127,-1.0,4.87269,76,19259919
chr14,60562280,60562416,.,1000,.,269.94471,-1.0,4.87269,53,60562333
chr3,48232766,48232908,.,1000,.,269.93912,-1.0,4.87269,79,48232845
chr19,1113357,1113497,.,1000,.,269.93878,-1.0,4.87269,82,1113439
chr1,36342808,36342975,.,1000,.,269.93549,-1.0,4.87269,76,36342884
chr2,231227433,231227558,.,1000,.,269.91439,-1.0,4.87269,68,231227501
chr9,116572275,116572433,.,1000,.,269.91167,-1.0,4.87269,76,116572351
chr10,35563435,35563562,.,1000,.,269.90791,-1.0,4.87269,45,35563480
chr1,145721280,145721427,.,1000,.,269.89776,-1.0,4.87269,52,145721332
chr16,67465918,67466059,.,1000,.,269.88923,-1.0,4.87269,63,67465981
chr20,53413239,53413386,.,1000,.,269.88523,-1.0,4.87269,71,53413310
chr15,79028453,79028608,.,1000,.,269.8805,-1.0,4.87269,93,79028546
chr1,206912619,206912760,.,1000,.,269.87631,-1.0,4.87269,77,206912696
chr18,59988227,59988377,.,1000,.,269.87502,-1.0,4.87269,76,59988303
chr3,134213018,134213145,.,1000,.,269.86279,-1.0,4.87269,78,134213096
chr5,10628018,10628130,.,1000,.,269.83215,-1.0,4.87269,52,10628070
chr14,105537955,105538117,.,1000,.,269.82516,-1.0,4.87269,87,105538042
chr1,39258744,39258888,.,1000,.,269.81167,-1.0,4.87269,90,39258834
chrX,48026788,48026956,.,1000,.,269.80918,-1.0,4.87269,81,48026869
chr22,35627286,35627436,.,1000,.,269.79016,-1.0,4.87269,72,35627358
chr17,59440905,59441031,.,1000,.,269.77805,-1.0,4.87269,73,59440978
chr8,143383701,143383819,.,1000,.,269.76211,-1.0,4.87269,61,143383762
chr21,42164495,42164665,.,1000,.,269.74395,-1.0,4.87269,96,42164591
chr1,152001839,152001986,.,1000,.,269.74102,-1.0,4.87269,67,152001906
chr2,86079998,86080139,.,1000,.,269.71494,-1.0,4.87269,88,86080086
chr7,37208581,37208716,.,1000,.,269.7081,-1.0,4.87269,72,37208653
chr9,35603970,35604139,.,1000,.,269.69905,-1.0,4.87269,77,35604047
chr12,12656045,12656189,.,1000,.,269.69163,-1.0,4.87269,71,12656116
chr11,64448916,64449061,.,1000,.,269.66646,-1.0,4.87269,72,64448988
chr2,225660582,225660700,.,1000,.,269.66373,-1.0,4.87269,64,225660646
chr4,155787241,155787389,.,1000,.,269.65635,-1.0,4.87269,63,155787304
chr20,18632318,18632475,.,1000,.,269.63888,-1.0,4.87269,76,18632394
chr6,35327576,35327700,.,1000,.,269.63087,-1.0,4.87269,71,35327647
chr1,101238850,101239008,.,1000,.,269.62789,-1.0,4.87269,76,101238926
chr6,44655613,44655731,.,1000,.,269.62137,-1.0,4.87269,68,44655681
chr12,31403238,31403364,.,1000,.,269.61082,-1.0,4.87269,66,31403304
chr2,30208489,30208639,.,1000,.,269.60269,-1.0,4.87269,66,30208555
chr10,89029939,89030096,.,1000,.,269.59545,-1.0,4.87269,76,89030015
chr9,35096567,35096721,.,1000,.,269.59512,-1.0,4.87269,96,35096663
chr1,22976523,22976657,.,1000,.,269.59031,-1.0,4.87269,72,22976595
chr10,91298375,91298506,.,1000,.,269.59011,-1.0,4.87269,50,91298425
chr15,41022600,41022761,.,1000,.,269.58366,-1.0,4.87269,78,41022678
chr1,66726158,66726300,.,1000,.,269.5808,-1.0,4.87269,79,66726237
chr22,40348173,40348306,.,1000,.,269.57949,-1.0,4.87269,75,40348248
chr1,160951508,160951641,.,1000,.,269.55937,-1.0,4.87269,55,160951563
chr14,45253204,45253342,.,1000,.,269.54856,-1.0,4.87269,85,45253289
chr6,24856136,24856265,.,1000,.,269.52537,-1.0,4.87269,51,24856187
chr7,23277524,23277641,.,1000,.,269.52293,-1.0,4.87269,46,23277570
chr3,184513843,184513986,.,1000,.,269.51142,-1.0,4.87269,77,184513920
chr7,43261377,43261510,.,1000,.,269.50907,-1.0,4.87269,79,43261456
chr11,128884831,128884977,.,1000,.,269.50085,-1.0,4.87269,71,128884902
chr12,98397642,98397769,.,1000,.,269.48667,-1.0,4.87269,59,98397701
chr15,73964854,73964992,.,1000,.,269.48591,-1.0,4.87269,63,73964917
chr3,130892997,130893122,.,1000,.,269.48562,-1.0,4.87269,71,130893068
chr11,7442706,7442861,.,1000,.,269.48173,-1.0,4.87269,83,7442789
chr7,1504424,1504554,.,1000,.,269.46811,-1.0,4.87269,71,1504495
chr18,49510753,49510907,.,1000,.,269.46575,-1.0,4.87269,66,49510819
chr1,6404764,6404915,.,1000,.,269.46485,-1.0,4.87269,81,6404845
chr4,6974482,6974644,.,1000,.,269.46281,-1.0,4.87269,92,6974574
chr2,68751870,68751982,.,1000,.,269.46081,-1.0,4.87269,52,68751922
chr3,94004462,94004572,.,1000,.,269.45009,-1.0,4.87269,36,94004498
chr6,3279694,3279776,.,1000,.,269.4231,-1.0,4.87269,40,3279734
chr19,43519583,43519759,.,1000,.,269.41587,-1.0,4.87269,90,43519673
chr17,81291861,81291996,.,1000,.,269.39543,-1.0,4.87269,53,81291914
chr1,2414489,2414632,.,1000,.,269.38404,-1.0,4.87269,74,2414563
chr16,58661332,58661471,.,1000,.,269.38052,-1.0,4.87269,74,58661406
chr9,98791263,98791397,.,1000,.,269.37675,-1.0,4.87269,78,98791341
chr19,10871357,10871538,.,1000,.,269.36954,-1.0,4.87269,85,10871442
chr15,60585901,60586040,.,1000,.,269.35428,-1.0,4.87269,74,60585975
chr19,44844871,44845018,.,1000,.,269.34722,-1.0,4.87269,70,44844941
chr6,79869705,79869848,.,1000,.,269.32809,-1.0,4.87269,71,79869776
chr2,20225401,20225549,.,1000,.,269.31924,-1.0,4.87269,79,20225480
chr17,30104614,30104755,.,1000,.,269.3129,-1.0,4.87269,59,30104673
chr8,102585871,102585998,.,1000,.,269.29972,-1.0,4.87269,77,102585948
chr19,18152666,18152809,.,1000,.,269.23287,-1.0,4.87269,48,18152714
chr12,54220147,54220309,.,1000,.,269.22909,-1.0,4.87269,93,54220240
chr17,2828548,2828667,.,1000,.,269.2258,-1.0,4.87269,63,2828611
chr8,33591058,33591207,.,1000,.,269.22058,-1.0,4.87269,63,33591121
chr1,155226718,155226854,.,1000,.,269.2112,-1.0,4.87269,88,155226806
chr17,1574548,1574691,.,1000,.,269.20363,-1.0,4.87269,68,1574616
chr13,25574557,25574695,.,1000,.,269.18134,-1.0,4.87269,81,25574638
chr7,1170025,1170143,.,1000,.,269.15772,-1.0,4.87269,34,1170059
chr19,29760169,29760340,.,1000,.,269.15418,-1.0,4.87269,89,29760258
chr16,58487823,58487970,.,1000,.,269.12925,-1.0,4.87269,75,58487898
chr1,59971496,59971642,.,1000,.,269.1265,-1.0,4.87269,62,59971558
chr2,70994877,70995045,.,1000,.,269.12418,-1.0,4.87269,83,70994960
chr6,38494062,38494193,.,1000,.,269.11664,-1.0,4.87269,78,38494140
chr14,67427231,67427366,.,1000,.,269.10464,-1.0,4.87269,83,67427314
chr16,50806619,50806772,.,1000,.,269.09355,-1.0,4.87269,93,50806712
chr14,68824941,68825109,.,1000,.,269.08872,-1.0,4.87269,95,68825036
chr12,126874536,126874685,.,1000,.,269.06839,-1.0,4.87269,67,126874603
chr6,41318998,41319111,.,1000,.,269.06053,-1.0,4.87269,20,41319018
chr17,3013086,3013239,.,1000,.,269.03791,-1.0,4.87269,64,3013150
chr6,3126469,3126618,.,1000,.,269.03206,-1.0,4.87269,67,3126536
chr12,110698379,110698505,.,1000,.,268.99703,-1.0,4.87269,53,110698432
chr17,1332633,1332780,.,1000,.,268.97561,-1.0,4.87269,93,1332726
chr5,40904828,40904977,.,1000,.,268.97451,-1.0,4.87269,70,40904898
chr8,98170097,98170245,.,1000,.,268.97257,-1.0,4.87269,87,98170184
chr3,37967414,37967536,.,1000,.,268.9654,-1.0,4.87269,66,37967480
chr9,129610628,129610820,.,1000,.,268.94439,-1.0,4.87269,80,129610708
chr22,17742511,17742681,.,1000,.,268.94424,-1.0,4.87269,89,17742600
chr3,48151632,48151735,.,1000,.,268.93374,-1.0,4.87269,57,48151689
chr1,203273174,203273333,.,1000,.,268.92522,-1.0,4.87269,68,203273242
chr6,63353166,63353282,.,1000,.,268.91967,-1.0,4.87269,46,63353212
chr16,56951389,56951526,.,1000,.,268.91608,-1.0,4.87269,66,56951455
chr3,44198754,44198892,.,1000,.,268.91059,-1.0,4.87269,74,44198828
chr21,32258478,32258610,.,1000,.,268.90371,-1.0,4.87269,50,32258528
chr12,97149100,97149223,.,1000,.,268.89698,-1.0,4.87269,34,97149134
chr22,23128533,23128685,.,1000,.,268.89355,-1.0,4.87269,73,23128606
chr6,33744506,33744639,.,1000,.,268.88692,-1.0,4.87269,57,33744563
chr1,39539340,39539445,.,1000,.,268.87892,-1.0,4.87269,29,39539369
chr22,44697518,44697648,.,1000,.,268.87816,-1.0,4.87269,78,44697596
chr11,46389491,46389637,.,1000,.,268.87696,-1.0,4.87269,78,46389569
chr11,133134698,133134795,.,1000,.,268.86521,-1.0,4.87269,54,133134752
chr12,75391157,75391252,.,1000,.,268.85426,-1.0,4.87269,17,75391174
chr14,95683947,95684089,.,1000,.,268.85344,-1.0,4.87269,70,95684017
chr2,218301385,218301522,.,1000,.,268.85126,-1.0,4.87269,66,218301451
chr16,22195993,22196105,.,1000,.,268.84443,-1.0,4.87269,86,22196079
chr3,179558926,179559036,.,1000,.,268.84227,-1.0,4.87269,41,179558967
chr13,29363110,29363266,.,1000,.,268.83974,-1.0,4.87269,81,29363191
chr3,38479948,38480085,.,1000,.,268.83371,-1.0,4.87269,79,38480027
chr4,112523957,112524115,.,1000,.,268.80728,-1.0,4.87269,49,112524006
chr6,129598362,129598506,.,1000,.,268.79734,-1.0,4.87269,68,129598430
chr3,12868025,12868203,.,1000,.,268.77404,-1.0,4.87269,103,12868128
chr14,92613213,92613347,.,1000,.,268.76788,-1.0,4.87269,47,92613260
chr1,86704461,86704600,.,1000,.,268.76172,-1.0,4.87269,55,86704516
chr11,20110987,20111137,.,1000,.,268.76104,-1.0,4.87269,86,20111073
chr19,46704587,46704717,.,1000,.,268.75876,-1.0,4.87269,60,46704647
chr11,130132361,130132491,.,1000,.,268.73865,-1.0,4.87269,73,130132434
chr14,101628522,101628680,.,1000,.,268.73582,-1.0,4.87269,95,101628617
chr9,71285270,71285411,.,1000,.,268.72668,-1.0,4.87269,54,71285324
chr1,9950434,9950580,.,1000,.,268.72305,-1.0,4.87269,65,9950499
chr9,109520624,109520748,.,1000,.,268.71631,-1.0,4.87269,58,109520682
chr17,29117228,29117393,.,1000,.,268.7151,-1.0,4.87269,85,29117313
chr17,8080025,8080194,.,1000,.,268.69329,-1.0,4.87269,93,8080118
chr10,25875687,25875845,.,1000,.,268.67742,-1.0,4.87269,72,25875759
chr2,177724799,177724949,.,1000,.,268.67336,-1.0,4.87269,66,177724865
chr15,59493002,59493136,.,1000,.,268.6616,-1.0,4.87269,70,59493072
chr11,118145403,118145586,.,1000,.,268.66056,-1.0,4.87269,80,118145483
chr2,96801110,96801230,.,1000,.,268.64614,-1.0,4.87269,59,96801169
chr17,29111952,29112097,.,1000,.,268.64347,-1.0,4.87269,77,29112029
chr8,133453454,133453574,.,1000,.,268.64188,-1.0,4.87269,55,133453509
chr6,52399899,52400051,.,1000,.,268.63835,-1.0,4.87269,75,52399974
chr22,28855720,28855875,.,1000,.,268.62684,-1.0,4.87269,76,28855796
chrX,47193627,47193731,.,1000,.,268.61318,-1.0,4.87269,58,47193685
chr8,58808019,58808144,.,1000,.,268.61149,-1.0,4.87269,87,58808106
chr21,46143627,46143744,.,1000,.,268.5672,-1.0,4.87269,58,46143685
chr5,36693271,36693386,.,1000,.,268.56546,-1.0,4.87269,56,36693327
chr17,40803651,40803794,.,1000,.,268.56157,-1.0,4.87269,63,40803714
chr15,83438788,83438946,.,1000,.,268.55318,-1.0,4.87269,85,83438873
chr3,12995095,12995223,.,1000,.,268.5502,-1.0,4.87269,47,12995142
chr12,49580643,49580776,.,1000,.,268.54512,-1.0,4.87269,54,49580697
chr12,1652921,1653071,.,1000,.,268.53399,-1.0,4.87269,82,1653003
chr1,27357617,27357754,.,1000,.,268.52755,-1.0,4.87269,61,27357678
chr5,140244574,140244719,.,1000,.,268.50411,-1.0,4.87269,64,140244638
chr3,197510238,197510390,.,1000,.,268.5007,-1.0,4.87269,83,197510321
chr21,33199874,33200018,.,1000,.,268.49885,-1.0,4.87269,79,33199953
chr22,30485508,30485636,.,1000,.,268.47402,-1.0,4.87269,52,30485560
chr9,78439558,78439702,.,1000,.,268.4602,-1.0,4.87269,88,78439646
chr20,50570598,50570708,.,1000,.,268.41841,-1.0,4.87269,69,50570667
chr17,50198363,50198508,.,1000,.,268.38781,-1.0,4.87269,65,50198428
chr15,32651370,32651509,.,1000,.,268.36854,-1.0,4.87269,51,32651421
chr21,39388664,39388837,.,1000,.,268.3401,-1.0,4.87269,90,39388754
chr19,49506699,49506818,.,1000,.,268.30558,-1.0,4.87269,58,49506757
chr1,246699263,246699417,.,1000,.,268.29633,-1.0,4.87269,83,246699346
chr14,100645824,100645977,.,1000,.,268.29254,-1.0,4.87269,84,100645908
chr11,74929862,74929983,.,1000,.,268.2924,-1.0,4.87269,63,74929925
chr2,231687326,231687479,.,1000,.,268.28272,-1.0,4.87269,73,231687399
chr22,20496577,20496709,.,1000,.,268.2625,-1.0,4.87269,64,20496641
chr9,109321068,109321193,.,1000,.,268.24619,-1.0,4.87269,46,109321114
chr10,13302460,13302586,.,1000,.,268.24441,-1.0,4.87269,52,13302512
chr9,2728213,2728366,.,1000,.,268.24162,-1.0,4.87269,65,2728278
chr8,10273986,10274117,.,1000,.,268.22508,-1.0,4.87269,76,10274062
chr3,185977535,185977649,.,1000,.,268.19195,-1.0,4.87269,69,185977604
chr6,70369466,70369592,.,1000,.,268.18947,-1.0,4.87269,69,70369535
chr6,41682291,41682419,.,1000,.,268.18144,-1.0,4.87269,53,41682344
chr7,74401376,74401529,.,1000,.,268.17839,-1.0,4.87269,67,74401443
chr10,88553311,88553448,.,1000,.,268.15926,-1.0,4.87269,52,88553363
chr3,48548823,48548993,.,1000,.,268.11287,-1.0,4.87269,93,48548916
chr17,8895039,8895177,.,1000,.,268.10974,-1.0,4.87269,88,8895127
chr11,130434581,130434712,.,1000,.,268.10872,-1.0,4.87269,77,130434658
chr5,33934820,33934962,.,1000,.,268.10707,-1.0,4.87269,84,33934904
chr2,26846403,26846549,.,1000,.,268.09761,-1.0,4.87269,71,26846474
chr17,68436534,68436663,.,1000,.,268.093,-1.0,4.87269,46,68436580
chr5,112996123,112996289,.,1000,.,268.08945,-1.0,4.87269,91,112996214
chr5,139392650,139392788,.,1000,.,268.05343,-1.0,4.87269,85,139392735
chrX,130060583,130060772,.,1000,.,268.05099,-1.0,4.87269,95,130060678
chr6,122530596,122530727,.,1000,.,268.03739,-1.0,4.87269,59,122530655
chr9,128420286,128420434,.,1000,.,268.02491,-1.0,4.87269,74,128420360
chr2,74715109,74715281,.,1000,.,268.01635,-1.0,4.87269,86,74715195
chr4,70601535,70601676,.,1000,.,268.00725,-1.0,4.87269,85,70601620
chr19,41873235,41873411,.,1000,.,267.98952,-1.0,4.87269,92,41873327
chr18,58768560,58768699,.,1000,.,267.98448,-1.0,4.87269,49,58768609
chr7,105589579,105589723,.,1000,.,267.94601,-1.0,4.87269,68,105589647
chr4,57163678,57163832,.,1000,.,267.89334,-1.0,4.87269,74,57163752
chr1,156090820,156090972,.,1000,.,267.88714,-1.0,4.87269,76,156090896
chr6,25018110,25018245,.,1000,.,267.88377,-1.0,4.87269,56,25018166
chr22,24525583,24525703,.,1000,.,267.88114,-1.0,4.87269,46,24525629
chr21,42258709,42258853,.,1000,.,267.86995,-1.0,4.87269,74,42258783
chr13,25114302,25114434,.,1000,.,267.82816,-1.0,4.87269,73,25114375
chr4,128454378,128454510,.,1000,.,267.8259,-1.0,4.87269,67,128454445
chr17,29613503,29613661,.,1000,.,267.82418,-1.0,4.87269,86,29613589
chr6,34392783,34392936,.,1000,.,267.82004,-1.0,4.87269,97,34392880
chr8,30919065,30919187,.,1000,.,267.81024,-1.0,4.87269,58,30919123
chr3,197599145,197599273,.,1000,.,267.80471,-1.0,4.87269,59,197599204
chr9,5600599,5600746,.,1000,.,267.80237,-1.0,4.87269,81,5600680
chr15,55648479,55648634,.,1000,.,267.77392,-1.0,4.87269,80,55648559
chr14,68844059,68844201,.,1000,.,267.76865,-1.0,4.87269,74,68844133
chr5,71758053,71758193,.,1000,.,267.76361,-1.0,4.87269,73,71758126
chr1,43073749,43073868,.,1000,.,267.75848,-1.0,4.87269,65,43073814
chr8,143048320,143048488,.,1000,.,267.74705,-1.0,4.87269,86,143048406
chr14,71139095,71139247,.,1000,.,267.747,-1.0,4.87269,79,71139174
chr13,19960229,19960398,.,1000,.,267.72772,-1.0,4.87269,74,19960303
chr6,166106187,166106354,.,1000,.,267.71447,-1.0,4.87269,92,166106279
chr20,34129769,34129906,.,1000,.,267.71327,-1.0,4.87269,77,34129846
chr9,124041096,124041257,.,1000,.,267.70959,-1.0,4.87269,70,124041166
chr1,9101651,9101801,.,1000,.,267.70142,-1.0,4.87269,78,9101729
chr2,85300451,85300589,.,1000,.,267.69976,-1.0,4.87269,68,85300519
chr15,81265934,81266085,.,1000,.,267.6896,-1.0,4.87269,79,81266013
chr17,57672005,57672173,.,1000,.,267.68288,-1.0,4.87269,80,57672085
chr1,22704547,22704696,.,1000,.,267.68035,-1.0,4.87269,86,22704633
chr10,15106524,15106682,.,1000,.,267.65092,-1.0,4.87269,64,15106588
chr1,19653828,19653944,.,1000,.,267.64103,-1.0,4.87269,43,19653871
chr22,39534899,39535029,.,1000,.,267.62754,-1.0,4.87269,59,39534958
chr6,154928456,154928580,.,1000,.,267.61718,-1.0,4.87269,69,154928525
chr2,41869845,41869977,.,1000,.,267.61463,-1.0,4.87269,61,41869906
chr7,8296193,8296319,.,1000,.,267.61416,-1.0,4.87269,65,8296258
chr2,71510325,71510459,.,1000,.,267.60692,-1.0,4.87269,75,71510400
chr14,57317357,57317500,.,1000,.,267.59668,-1.0,4.87269,68,57317425
chr19,11560645,11560798,.,1000,.,267.56448,-1.0,4.87269,82,11560727
chr18,58043621,58043750,.,1000,.,267.56067,-1.0,4.87269,59,58043680
chr7,38398825,38398964,.,1000,.,267.54999,-1.0,4.87269,86,38398911
chr5,82166066,82166169,.,1000,.,267.53426,-1.0,4.87269,43,82166109
chr5,93581458,93581637,.,1000,.,267.52359,-1.0,4.87269,97,93581555
chr11,70755616,70755778,.,1000,.,267.5195,-1.0,4.87269,86,70755702
chr7,40134890,40135031,.,1000,.,267.51465,-1.0,4.87269,62,40134952
chr21,36420036,36420188,.,1000,.,267.51404,-1.0,4.87269,67,36420103
chr20,3053951,3054093,.,1000,.,267.47256,-1.0,4.87269,83,3054034
chr19,47210798,47210936,.,1000,.,267.46044,-1.0,4.87269,90,47210888
chr6,107028070,107028211,.,1000,.,267.45849,-1.0,4.87269,53,107028123
chr19,11797530,11797669,.,1000,.,267.44213,-1.0,4.87269,85,11797615
chrX,153764040,153764191,.,1000,.,267.43436,-1.0,4.87269,71,153764111
chr5,128201489,128201595,.,1000,.,267.43187,-1.0,4.87269,34,128201523
chr7,56074411,56074570,.,1000,.,267.43049,-1.0,4.87269,77,56074488
chr11,67629331,67629490,.,1000,.,267.40794,-1.0,4.87269,76,67629407
chr6,73675592,73675718,.,1000,.,267.40066,-1.0,4.87269,79,73675671
chr16,53550067,53550195,.,1000,.,267.38556,-1.0,4.87269,71,53550138
chr14,76876113,76876275,.,1000,.,267.36076,-1.0,4.87269,79,76876192
chr20,50790715,50790878,.,1000,.,267.36046,-1.0,4.87269,87,50790802
chr5,174419651,174419781,.,1000,.,267.3587,-1.0,4.87269,73,174419724
chr7,30983721,30983846,.,1000,.,267.35431,-1.0,4.87269,52,30983773
chr16,30628873,30629021,.,1000,.,267.34927,-1.0,4.87269,73,30628946
chr6,5303363,5303512,.,1000,.,267.33764,-1.0,4.87269,86,5303449
chr15,45205248,45205389,.,1000,.,267.33385,-1.0,4.87269,73,45205321
chr1,205977480,205977635,.,1000,.,267.31411,-1.0,4.87269,94,205977574
chr4,98467645,98467797,.,1000,.,267.29276,-1.0,4.87269,70,98467715
chr4,151099404,151099536,.,1000,.,267.25723,-1.0,4.87269,74,151099478
chr16,28070828,28070985,.,1000,.,267.25152,-1.0,4.87269,91,28070919
chr6,7243590,7243723,.,1000,.,267.24678,-1.0,4.87269,69,7243659
chr5,35089816,35089962,.,1000,.,267.22816,-1.0,4.87269,59,35089875
chr7,45923324,45923473,.,1000,.,267.21701,-1.0,4.87269,75,45923399
chr15,74375327,74375474,.,1000,.,267.21203,-1.0,4.87269,86,74375413
chr7,45154732,45154866,.,1000,.,267.18718,-1.0,4.87269,60,45154792
chr9,120936641,120936775,.,1000,.,267.18421,-1.0,4.87269,59,120936700
chr4,177250223,177250354,.,1000,.,267.16297,-1.0,4.87269,53,177250276
chr3,107235964,107236105,.,1000,.,267.15749,-1.0,4.87269,74,107236038
chr6,27609405,27609545,.,1000,.,267.1486,-1.0,4.87269,66,27609471
chr5,138068879,138069021,.,1000,.,267.11902,-1.0,4.87269,77,138068956
chr10,91251586,91251684,.,1000,.,267.10889,-1.0,4.87269,53,91251639
chr14,36374155,36374278,.,1000,.,267.0958,-1.0,4.87269,71,36374226
chr19,34145897,34146008,.,1000,.,267.07186,-1.0,4.87269,36,34145933
chr3,159988622,159988751,.,1000,.,267.06806,-1.0,4.87269,82,159988704
chrX,11770375,11770504,.,1000,.,267.06412,-1.0,4.87269,65,11770440
chr2,227406200,227406329,.,1000,.,267.04473,-1.0,4.87269,75,227406275
chr17,48018438,48018595,.,1000,.,267.03278,-1.0,4.87269,89,48018527
chr9,4339463,4339600,.,1000,.,267.02689,-1.0,4.87269,56,4339519
chr19,17235643,17235834,.,1000,.,267.02541,-1.0,4.87269,91,17235734
chr19,49983738,49983888,.,1000,.,267.01114,-1.0,4.87269,78,49983816
chr6,46221306,46221399,.,1000,.,266.99686,-1.0,4.87269,61,46221367
chr1,33470580,33470717,.,1000,.,266.98813,-1.0,4.87269,87,33470667
chr1,31594102,31594234,.,1000,.,266.97984,-1.0,4.87269,68,31594170
chr19,15555936,15556088,.,1000,.,266.95045,-1.0,4.87269,85,15556021
chr11,1652795,1652931,.,1000,.,266.93463,-1.0,4.87269,74,1652869
chr12,122191011,122191130,.,1000,.,266.92995,-1.0,4.87269,57,122191068
chr4,16001492,16001647,.,1000,.,266.91506,-1.0,4.87269,98,16001590
chr10,112137510,112137648,.,1000,.,266.90839,-1.0,4.87269,63,112137573
chr9,132800258,132800390,.,1000,.,266.89772,-1.0,4.87269,69,132800327
chr4,8468862,8469011,.,1000,.,266.87873,-1.0,4.87269,71,8468933
chr15,92097694,92097828,.,1000,.,266.85374,-1.0,4.87269,62,92097756
chr18,5073369,5073528,.,1000,.,266.84704,-1.0,4.87269,80,5073449
chr19,11536183,11536300,.,1000,.,266.83377,-1.0,4.87269,57,11536240
chr7,5665489,5665623,.,1000,.,266.82693,-1.0,4.87269,73,5665562
chr2,29841492,29841652,.,1000,.,266.825,-1.0,4.87269,84,29841576
chr3,141360958,141361112,.,1000,.,266.79744,-1.0,4.87269,80,141361038
chr19,14556772,14556899,.,1000,.,266.78842,-1.0,4.87269,53,14556825
chr8,37736399,37736522,.,1000,.,266.78717,-1.0,4.87269,71,37736470
chr8,10825447,10825584,.,1000,.,266.78118,-1.0,4.87269,70,10825517
chr18,21600964,21601110,.,1000,.,266.77147,-1.0,4.87269,65,21601029
chr11,2419765,2419879,.,1000,.,266.76369,-1.0,4.87269,61,2419826
chr5,69042960,69043069,.,1000,.,266.75707,-1.0,4.87269,50,69043010
chr12,121776297,121776414,.,1000,.,266.75363,-1.0,4.87269,32,121776329
chr16,78003063,78003195,.,1000,.,266.70962,-1.0,4.87269,74,78003137
chr17,58344936,58345082,.,1000,.,266.69907,-1.0,4.87269,94,58345030
chr3,9067470,9067606,.,1000,.,266.69144,-1.0,4.87269,77,9067547
chr3,48401006,48401126,.,1000,.,266.68335,-1.0,4.87269,46,48401052
chr1,203216293,203216445,.,1000,.,266.66083,-1.0,4.87269,90,203216383
chr1,156385692,156385847,.,1000,.,266.66058,-1.0,4.87269,90,156385782
chr1,160768469,160768604,.,1000,.,266.61295,-1.0,4.87269,40,160768509
chr11,1203104,1203232,.,1000,.,266.60332,-1.0,4.87269,56,1203160
chr6,2911837,2911944,.,1000,.,266.59585,-1.0,4.87269,49,2911886
chr19,43594754,43594950,.,1000,.,266.58258,-1.0,4.87269,101,43594855
chr2,100381284,100381435,.,1000,.,266.54701,-1.0,4.87269,74,100381358
chr19,49443867,49444004,.,1000,.,266.53969,-1.0,4.87269,63,49443930
chr2,236513086,236513200,.,1000,.,266.53468,-1.0,4.87269,65,236513151
chr15,83010939,83011069,.,1000,.,266.52002,-1.0,4.87269,73,83011012
chr9,34403906,34404059,.,1000,.,266.51691,-1.0,4.87269,67,34403973
chr10,44386659,44386808,.,1000,.,266.506,-1.0,4.87269,79,44386738
chr19,49547102,49547239,.,1000,.,266.50249,-1.0,4.87269,67,49547169
chr12,576221,576355,.,1000,.,266.49583,-1.0,4.87269,53,576274
chr2,74587786,74587928,.,1000,.,266.47034,-1.0,4.87269,54,74587840
chr17,10616605,10616770,.,1000,.,266.46946,-1.0,4.87269,90,10616695
chr3,50572246,50572349,.,1000,.,266.43359,-1.0,4.87269,39,50572285
chr14,74946459,74946590,.,1000,.,266.41699,-1.0,4.87269,70,74946529
chr12,7018914,7019060,.,1000,.,266.41529,-1.0,4.87269,63,7018977
chr1,145891936,145892095,.,1000,.,266.40529,-1.0,4.87269,81,145892017
chr5,72955884,72956020,.,1000,.,266.38612,-1.0,4.87269,60,72955944
chr1,210374476,210374629,.,1000,.,266.3859,-1.0,4.87269,69,210374545
chr18,49858843,49858985,.,1000,.,266.384,-1.0,4.87269,81,49858924
chr10,62245137,62245279,.,1000,.,266.37057,-1.0,4.87269,62,62245199
chr22,24503270,24503401,.,1000,.,266.36256,-1.0,4.87269,42,24503312
chr9,122810473,122810563,.,1000,.,266.34681,-1.0,4.87269,38,122810511
chr9,92957293,92957434,.,1000,.,266.32975,-1.0,4.87269,72,92957365
chr5,36690414,36690599,.,1000,.,266.32581,-1.0,4.87269,91,36690505
chr4,54217917,54218057,.,1000,.,266.30701,-1.0,4.87269,75,54217992
chr13,98445417,98445590,.,1000,.,266.30603,-1.0,4.87269,90,98445507
chr22,31149095,31149252,.,1000,.,266.29422,-1.0,4.87269,93,31149188
chr15,88904841,88904999,.,1000,.,266.29043,-1.0,4.87269,70,88904911
chr16,86016516,86016628,.,1000,.,266.27846,-1.0,4.87269,59,86016575
chr7,25098547,25098698,.,1000,.,266.27058,-1.0,4.87269,51,25098598
chr17,9924876,9924989,.,1000,.,266.2703,-1.0,4.87269,39,9924915
chr19,19643947,19644080,.,1000,.,266.26821,-1.0,4.87269,74,19644021
chr1,233241194,233241348,.,1000,.,266.24874,-1.0,4.87269,73,233241267
chr1,101288533,101288655,.,1000,.,266.23572,-1.0,4.87269,70,101288603
chr1,153797316,153797448,.,1000,.,266.21293,-1.0,4.87269,87,153797403
chr11,69088798,69088937,.,1000,.,266.19409,-1.0,4.87269,74,69088872
chr7,138002431,138002568,.,1000,.,266.19093,-1.0,4.87269,57,138002488
chr1,30380528,30380645,.,1000,.,266.18966,-1.0,4.87269,41,30380569
chr12,23205346,23205465,.,1000,.,266.18502,-1.0,4.87269,39,23205385
chr15,52331536,52331670,.,1000,.,266.18151,-1.0,4.87269,61,52331597
chr1,153946686,153946819,.,1000,.,266.17992,-1.0,4.87269,72,153946758
chr6,25070886,25071038,.,1000,.,266.1647,-1.0,4.87269,69,25070955
chr11,73393684,73393813,.,1000,.,266.15708,-1.0,4.87269,70,73393754
chr2,95115447,95115583,.,1000,.,266.13982,-1.0,4.87269,74,95115521
chr6,2634573,2634738,.,1000,.,266.12892,-1.0,4.87269,73,2634646
chr12,32302340,32302458,.,1000,.,266.12299,-1.0,4.87269,79,32302419
chr4,83640024,83640150,.,1000,.,266.10629,-1.0,4.87269,64,83640088
chr5,109468914,109469048,.,1000,.,266.0723,-1.0,4.87269,68,109468982
chr8,143974938,143975078,.,1000,.,266.0619,-1.0,4.87269,61,143974999
chr6,7276030,7276161,.,1000,.,266.02132,-1.0,4.87269,75,7276105
chr14,22100316,22100484,.,1000,.,265.99978,-1.0,4.87269,104,22100420
chr1,41516223,41516374,.,1000,.,265.99818,-1.0,4.87269,60,41516283
chr5,152142950,152143092,.,1000,.,265.99172,-1.0,4.87269,92,152143042
chr6,33771611,33771754,.,1000,.,265.979,-1.0,4.87269,70,33771681
chr7,149262031,149262177,.,1000,.,265.97484,-1.0,4.87269,82,149262113
chr14,73728862,73728978,.,1000,.,265.97471,-1.0,4.87269,59,73728921
chr1,95234082,95234230,.,1000,.,265.97178,-1.0,4.87269,71,95234153
chr2,46464613,46464725,.,1000,.,265.9602,-1.0,4.87269,53,46464666
chr1,236103737,236103883,.,1000,.,265.91201,-1.0,4.87269,79,236103816
chr19,7679469,7679588,.,1000,.,265.90999,-1.0,4.87269,49,7679518
chr4,6327419,6327560,.,1000,.,265.90258,-1.0,4.87269,43,6327462
chr12,66087500,66087629,.,1000,.,265.89585,-1.0,4.87269,67,66087567
chr7,100691764,100691905,.,1000,.,265.87607,-1.0,4.87269,76,100691840
chr12,69357600,69357717,.,1000,.,265.86572,-1.0,4.87269,49,69357649
chr14,61252882,61253021,.,1000,.,265.8486,-1.0,4.87269,83,61252965
chr19,46395640,46395836,.,1000,.,265.84406,-1.0,4.87269,103,46395743
chr17,17355021,17355166,.,1000,.,265.83835,-1.0,4.87269,68,17355089
chr17,19514024,19514150,.,1000,.,265.82683,-1.0,4.87269,58,19514082
chr19,17260974,17261073,.,1000,.,265.824,-1.0,4.87269,66,17261040
chr1,93629598,93629714,.,1000,.,265.82132,-1.0,4.87269,66,93629664
chr15,43225593,43225716,.,1000,.,265.80049,-1.0,4.87269,42,43225635
chr2,160210772,160210906,.,1000,.,265.79866,-1.0,4.87269,72,160210844
chr5,10452826,10452957,.,1000,.,265.78822,-1.0,4.87269,61,10452887
chr11,125923134,125923281,.,1000,.,265.78124,-1.0,4.87269,84,125923218
chr1,201114230,201114359,.,1000,.,265.7621,-1.0,4.87269,76,201114306
chr7,4973962,4974087,.,1000,.,265.76076,-1.0,4.87269,29,4973991
chr5,141417520,141417683,.,1000,.,265.75853,-1.0,4.87269,75,141417595
chr22,24189756,24189920,.,1000,.,265.71504,-1.0,4.87269,81,24189837
chr14,92456806,92456938,.,1000,.,265.70957,-1.0,4.87269,55,92456861
chr15,90902275,90902431,.,1000,.,265.70289,-1.0,4.87269,105,90902380
chr4,83110517,83110654,.,1000,.,265.67505,-1.0,4.87269,67,83110584
chr9,36873371,36873536,.,1000,.,265.67439,-1.0,4.87269,94,36873465
chr6,144105025,144105143,.,1000,.,265.66993,-1.0,4.87269,73,144105098
chr3,16048789,16048936,.,1000,.,265.64879,-1.0,4.87269,83,16048872
chr5,153965170,153965298,.,1000,.,265.64523,-1.0,4.87269,56,153965226
chr12,75334406,75334585,.,1000,.,265.63187,-1.0,4.87269,94,75334500
chr6,32415544,32415708,.,1000,.,265.62572,-1.0,4.87269,84,32415628
chr20,5205489,5205621,.,1000,.,265.62291,-1.0,4.87269,74,5205563
chr7,129635663,129635817,.,1000,.,265.6214,-1.0,4.87269,71,129635734
chr1,175125393,175125521,.,1000,.,265.61926,-1.0,4.87269,75,175125468
chr19,10541533,10541686,.,1000,.,265.60166,-1.0,4.87269,77,10541610
chr10,101067951,101068093,.,1000,.,265.58084,-1.0,4.87269,87,101068038
chr14,63388933,63389088,.,1000,.,265.57247,-1.0,4.87269,75,63389008
chr19,10390797,10390932,.,1000,.,265.57091,-1.0,4.87269,75,10390872
chr1,172090332,172090490,.,1000,.,265.568,-1.0,4.87269,80,172090412
chr6,142692962,142693105,.,1000,.,265.5622,-1.0,4.87269,80,142693042
chr2,27279994,27280133,.,1000,.,265.55252,-1.0,4.87269,66,27280060
chr2,118003465,118003573,.,1000,.,265.54614,-1.0,4.87269,52,118003517
chr14,94036677,94036821,.,1000,.,265.53359,-1.0,4.87269,68,94036745
chr5,1168263,1168406,.,1000,.,265.53328,-1.0,4.87269,58,1168321
chr15,45458903,45459039,.,1000,.,265.52287,-1.0,4.87269,55,45458958
chr15,35078618,35078745,.,1000,.,265.52019,-1.0,4.87269,59,35078677
chr21,17679127,17679276,.,1000,.,265.50967,-1.0,4.87269,77,17679204
chr14,58501357,58501476,.,1000,.,265.50867,-1.0,4.87269,61,58501418
chr17,48804961,48805111,.,1000,.,265.49905,-1.0,4.87269,79,48805040
chr2,152036985,152037118,.,1000,.,265.49895,-1.0,4.87269,61,152037046
chr6,110178662,110178812,.,1000,.,265.4562,-1.0,4.87269,74,110178736
chr17,63406866,63406990,.,1000,.,265.45242,-1.0,4.87269,56,63406922
chr7,5563656,5563815,.,1000,.,265.45196,-1.0,4.87269,93,5563749
chr2,113080164,113080304,.,1000,.,265.44018,-1.0,4.87269,84,113080248
chr1,115595944,115596079,.,1000,.,265.40633,-1.0,4.87269,72,115596016
chr5,59810079,59810209,.,1000,.,265.40388,-1.0,4.87269,65,59810144
chr7,102390839,102390990,.,1000,.,265.39694,-1.0,4.87269,79,102390918
chr19,52237891,52238049,.,1000,.,265.39632,-1.0,4.87269,99,52237990
chr8,96328085,96328233,.,1000,.,265.34019,-1.0,4.87269,75,96328160
chr15,69059183,69059321,.,1000,.,265.30885,-1.0,4.87269,82,69059265
chr12,132415032,132415161,.,1000,.,265.2801,-1.0,4.87269,56,132415088
chr5,178146104,178146246,.,1000,.,265.27636,-1.0,4.87269,87,178146191
chr2,241950905,241951059,.,1000,.,265.27208,-1.0,4.87269,81,241950986
chr5,13987962,13988111,.,1000,.,265.27201,-1.0,4.87269,64,13988026
chr1,161192631,161192747,.,1000,.,265.26421,-1.0,4.87269,56,161192687
chr4,1810030,1810184,.,1000,.,265.26414,-1.0,4.87269,73,1810103
chr10,30687786,30687934,.,1000,.,265.24997,-1.0,4.87269,66,30687852
chr8,42412456,42412580,.,1000,.,265.24834,-1.0,4.87269,71,42412527
chr20,24918440,24918589,.,1000,.,265.23537,-1.0,4.87269,75,24918515
chr19,3618641,3618802,.,1000,.,265.22899,-1.0,4.87269,92,3618733
chr8,10417846,10418008,.,1000,.,265.20217,-1.0,4.87269,79,10417925
chr17,17919296,17919412,.,1000,.,265.20044,-1.0,4.87269,67,17919363
chr4,99949083,99949210,.,1000,.,265.19635,-1.0,4.87269,72,99949155
chr14,77862313,77862421,.,1000,.,265.19019,-1.0,4.87269,58,77862371
chr2,72137596,72137725,.,1000,.,265.18736,-1.0,4.87269,55,72137651
chr11,16946002,16946177,.,1000,.,265.16446,-1.0,4.87269,93,16946095
chr2,231563498,231563640,.,1000,.,265.1624,-1.0,4.87269,65,231563563
chr9,69054317,69054464,.,1000,.,265.153,-1.0,4.87269,64,69054381
chr11,111230495,111230647,.,1000,.,265.14559,-1.0,4.87269,84,111230579
chr3,113913064,113913215,.,1000,.,265.14046,-1.0,4.87269,76,113913140
chr11,6757526,6757649,.,1000,.,265.13999,-1.0,4.87269,49,6757575
chr16,88527550,88527704,.,1000,.,265.13894,-1.0,4.87269,79,88527629
chr1,161209938,161210074,.,1000,.,265.13157,-1.0,4.87269,52,161209990
chr5,90530163,90530315,.,1000,.,265.04712,-1.0,4.87269,80,90530243
chr10,26726243,26726367,.,1000,.,265.03991,-1.0,4.87269,53,26726296
chr2,3462362,3462470,.,1000,.,265.03074,-1.0,4.87269,67,3462429
chr14,106373480,106373654,.,1000,.,265.00136,-1.0,4.87269,92,106373572
chr10,97701540,97701675,.,1000,.,264.96851,-1.0,4.87269,56,97701596
chr6,39310058,39310177,.,1000,.,264.94081,-1.0,4.87269,59,39310117
chr17,33779220,33779363,.,1000,.,264.91649,-1.0,4.87269,72,33779292
chr6,32797100,32797241,.,1000,.,264.9127,-1.0,4.87269,80,32797180
chr7,101244330,101244465,.,1000,.,264.88749,-1.0,4.87269,60,101244390
chr19,2273809,2273981,.,1000,.,264.87625,-1.0,4.87269,84,2273893
chr5,139844522,139844660,.,1000,.,264.8744,-1.0,4.87269,73,139844595
chr19,44770769,44770893,.,1000,.,264.87379,-1.0,4.87269,78,44770847
chr8,143379755,143379888,.,1000,.,264.85858,-1.0,4.87269,78,143379833
chr6,42901589,42901679,.,1000,.,264.85682,-1.0,4.87269,65,42901654
chr4,120049999,120050123,.,1000,.,264.85072,-1.0,4.87269,61,120050060
chr4,99462992,99463122,.,1000,.,264.84621,-1.0,4.87269,73,99463065
chr15,63093712,63093844,.,1000,.,264.83962,-1.0,4.87269,64,63093776
chr2,57906267,57906395,.,1000,.,264.83745,-1.0,4.87269,53,57906320
chr21,33127445,33127590,.,1000,.,264.83554,-1.0,4.87269,59,33127504
chr17,42998076,42998215,.,1000,.,264.82193,-1.0,4.87269,56,42998132
chr2,30165077,30165263,.,1000,.,264.81765,-1.0,4.87269,92,30165169
chr7,120555094,120555227,.,1000,.,264.81624,-1.0,4.87269,67,120555161
chr6,722106,722249,.,1000,.,264.80662,-1.0,4.87269,71,722177
chr20,3676726,3676897,.,1000,.,264.7826,-1.0,4.87269,83,3676809
chr20,12012345,12012528,.,1000,.,264.763,-1.0,4.87269,99,12012444
chr19,12640263,12640400,.,1000,.,264.76076,-1.0,4.87269,53,12640316
chr1,114282926,114283058,.,1000,.,264.74799,-1.0,4.87269,70,114282996
chr5,132830034,132830176,.,1000,.,264.72278,-1.0,4.87269,58,132830092
chr15,90071366,90071494,.,1000,.,264.72098,-1.0,4.87269,65,90071431
chr3,129490314,129490438,.,1000,.,264.69809,-1.0,4.87269,65,129490379
chr8,477628,477794,.,1000,.,264.68157,-1.0,4.87269,76,477704
chr3,130276287,130276457,.,1000,.,264.67049,-1.0,4.87269,81,130276368
chr1,19241359,19241497,.,1000,.,264.66875,-1.0,4.87269,75,19241434
chr15,77543433,77543596,.,1000,.,264.66021,-1.0,4.87269,100,77543533
chr15,65304331,65304481,.,1000,.,264.64851,-1.0,4.87269,75,65304406
chr15,38354469,38354594,.,1000,.,264.60131,-1.0,4.87269,47,38354516
chr11,18732084,18732234,.,1000,.,264.59646,-1.0,4.87269,63,18732147
chr17,42184231,42184380,.,1000,.,264.58808,-1.0,4.87269,68,42184299
chr4,114807928,114808071,.,1000,.,264.57712,-1.0,4.87269,69,114807997
chr3,32296820,32296944,.,1000,.,264.56368,-1.0,4.87269,73,32296893
chr20,31503208,31503361,.,1000,.,264.55108,-1.0,4.87269,91,31503299
chr4,153085274,153085426,.,1000,.,264.52619,-1.0,4.87269,86,153085360
chr22,37267127,37267253,.,1000,.,264.52145,-1.0,4.87269,72,37267199
chr9,19049116,19049240,.,1000,.,264.5124,-1.0,4.87269,52,19049168
chr19,42438533,42438658,.,1000,.,264.46007,-1.0,4.87269,59,42438592
chr5,141420902,141421069,.,1000,.,264.45292,-1.0,4.87269,80,141420982
chr5,137629681,137629807,.,1000,.,264.44612,-1.0,4.87269,52,137629733
chr5,142699224,142699364,.,1000,.,264.42109,-1.0,4.87269,77,142699301
chr10,74266135,74266241,.,1000,.,264.41937,-1.0,4.87269,67,74266202
chr22,19730719,19730892,.,1000,.,264.35547,-1.0,4.87269,87,19730806
chr3,63993732,63993875,.,1000,.,264.35478,-1.0,4.87269,72,63993804
chr5,42995009,42995130,.,1000,.,264.3461,-1.0,4.87269,59,42995068
chr1,20696524,20696657,.,1000,.,264.33646,-1.0,4.87269,76,20696600
chr4,102431452,102431657,.,1000,.,264.33229,-1.0,4.87269,94,102431546
chr1,44715080,44715232,.,1000,.,264.31825,-1.0,4.87269,74,44715154
chr2,200905843,200905967,.,1000,.,264.3096,-1.0,4.87269,53,200905896
chr7,1579606,1579735,.,1000,.,264.3006,-1.0,4.87269,67,1579673
chr15,43903910,43904050,.,1000,.,264.29553,-1.0,4.87269,61,43903971
chr7,35709566,35709702,.,1000,.,264.29089,-1.0,4.87269,75,35709641
chr16,53510578,53510719,.,1000,.,264.26358,-1.0,4.87269,55,53510633
chr16,57045907,57046037,.,1000,.,264.25774,-1.0,4.87269,67,57045974
chr20,1213020,1213170,.,1000,.,264.25144,-1.0,4.87269,86,1213106
chr8,97595929,97596054,.,1000,.,264.24126,-1.0,4.87269,60,97595989
chr7,155738788,155738930,.,1000,.,264.19554,-1.0,4.87269,65,155738853
chr1,12659103,12659223,.,1000,.,264.19268,-1.0,4.87269,72,12659175
chr2,85827501,85827639,.,1000,.,264.189,-1.0,4.87269,75,85827576
chr1,68342849,68343020,.,1000,.,264.18209,-1.0,4.87269,89,68342938
chr11,65860296,65860448,.,1000,.,264.18021,-1.0,4.87269,76,65860372
chr3,97719334,97719467,.,1000,.,264.15439,-1.0,4.87269,60,97719394
chr13,102916123,102916251,.,1000,.,264.14837,-1.0,4.87269,64,102916187
chr22,29154557,29154690,.,1000,.,264.1294,-1.0,4.87269,83,29154640
chr14,50321152,50321277,.,1000,.,264.11508,-1.0,4.87269,49,50321201
chr5,56270658,56270755,.,1000,.,264.08685,-1.0,4.87269,51,56270709
chr17,49861216,49861368,.,1000,.,264.07561,-1.0,4.87269,70,49861286
chr2,170973467,170973677,.,1000,.,264.07552,-1.0,4.87269,94,170973561
chr22,41237646,41237793,.,1000,.,264.06508,-1.0,4.87269,81,41237727
chr9,72025085,72025232,.,1000,.,264.03529,-1.0,4.87269,89,72025174
chr14,35687452,35687578,.,1000,.,264.03129,-1.0,4.87269,64,35687516
chr2,108584063,108584178,.,1000,.,264.02157,-1.0,4.87269,63,108584126
chr13,46184524,46184676,.,1000,.,264.01426,-1.0,4.87269,71,46184595
chr7,27196300,27196449,.,1000,.,264.00595,-1.0,4.87269,80,27196380
chr5,108681409,108681536,.,1000,.,263.96903,-1.0,4.87269,81,108681490
chrX,72277247,72277389,.,1000,.,263.95888,-1.0,4.87269,82,72277329
chr3,134794975,134795155,.,1000,.,263.95302,-1.0,4.87269,84,134795059
chr8,96180225,96180369,.,1000,.,263.91674,-1.0,4.87269,63,96180288
chr11,128290135,128290262,.,1000,.,263.91651,-1.0,4.87269,73,128290208
chr15,65054390,65054534,.,1000,.,263.90507,-1.0,4.87269,62,65054452
chr1,156584134,156584264,.,1000,.,263.89497,-1.0,4.87269,78,156584212
chr2,205925967,205926092,.,1000,.,263.89077,-1.0,4.87269,48,205926015
chr2,46063022,46063165,.,1000,.,263.88485,-1.0,4.87269,85,46063107
chr11,60775466,60775666,.,1000,.,263.8701,-1.0,4.87269,82,60775548
chr17,47001258,47001380,.,1000,.,263.86201,-1.0,4.87269,62,47001320
chr2,6773242,6773385,.,1000,.,263.82982,-1.0,4.87269,83,6773325
chr10,7687370,7687517,.,1000,.,263.82224,-1.0,4.87269,79,7687449
chr8,126876727,126876836,.,1000,.,263.81433,-1.0,4.87269,38,126876765
chr1,9588526,9588692,.,1000,.,263.81429,-1.0,4.87269,84,9588610
chr7,94087901,94088024,.,1000,.,263.8089,-1.0,4.87269,48,94087949
chrX,119779817,119779976,.,1000,.,263.80606,-1.0,4.87269,80,119779897
chr19,36170830,36170964,.,1000,.,263.79907,-1.0,4.87269,76,36170906
chr16,58756520,58756649,.,1000,.,263.78905,-1.0,4.87269,86,58756606
chr2,159118700,159118823,.,1000,.,263.78311,-1.0,4.87269,75,159118775
chr6,131199791,131199926,.,1000,.,263.77589,-1.0,4.87269,70,131199861
chr4,1726334,1726524,.,1000,.,263.77334,-1.0,4.87269,106,1726440
chr1,239898277,239898398,.,1000,.,263.75485,-1.0,4.87269,49,239898326
chr17,77430166,77430330,.,1000,.,263.74613,-1.0,4.87269,81,77430247
chr4,161252666,161252799,.,1000,.,263.7389,-1.0,4.87269,68,161252734
chr1,24830809,24830933,.,1000,.,263.72473,-1.0,4.87269,56,24830865
chr11,47617158,47617311,.,1000,.,263.71563,-1.0,4.87269,70,47617228
chr12,15532511,15532671,.,1000,.,263.70901,-1.0,4.87269,74,15532585
chr1,153986821,153986965,.,1000,.,263.70896,-1.0,4.87269,82,153986903
chr1,59947450,59947584,.,1000,.,263.70287,-1.0,4.87269,60,59947510
chr12,68040552,68040698,.,1000,.,263.69793,-1.0,4.87269,83,68040635
chr8,96164453,96164594,.,1000,.,263.69183,-1.0,4.87269,62,96164515
chr14,91173265,91173386,.,1000,.,263.68447,-1.0,4.87269,66,91173331
chr2,126972103,126972244,.,1000,.,263.67965,-1.0,4.87269,76,126972179
chr16,9008857,9009019,.,1000,.,263.66909,-1.0,4.87269,89,9008946
chr22,19718064,19718221,.,1000,.,263.66721,-1.0,4.87269,68,19718132
chr11,22876015,22876172,.,1000,.,263.66648,-1.0,4.87269,78,22876093
chr14,90697694,90697847,.,1000,.,263.615,-1.0,4.87269,74,90697768
chr10,46228640,46228801,.,1000,.,263.60305,-1.0,4.87269,92,46228732
chr1,3619102,3619265,.,1000,.,263.60195,-1.0,4.87269,96,3619198
chr2,128063516,128063664,.,1000,.,263.58244,-1.0,4.87269,83,128063599
chr14,100108413,100108575,.,1000,.,263.54975,-1.0,4.87269,82,100108495
chr9,90871137,90871286,.,1000,.,263.50793,-1.0,4.87269,88,90871225
chr16,75517486,75517625,.,1000,.,263.50656,-1.0,4.87269,83,75517569
chr1,28736646,28736807,.,1000,.,263.50361,-1.0,4.87269,89,28736735
chr12,124036690,124036823,.,1000,.,263.45733,-1.0,4.87269,77,124036767
chr1,35545143,35545271,.,1000,.,263.45415,-1.0,4.87269,76,35545219
chr5,123000064,123000221,.,1000,.,263.44944,-1.0,4.87269,84,123000148
chr11,61897745,61897879,.,1000,.,263.44578,-1.0,4.87269,66,61897811
chr2,68441852,68441987,.,1000,.,263.44522,-1.0,4.87269,61,68441913
chr11,64148761,64148895,.,1000,.,263.44374,-1.0,4.87269,70,64148831
chr8,98358215,98358338,.,1000,.,263.44372,-1.0,4.87269,61,98358276
chr12,109775391,109775509,.,1000,.,263.4343,-1.0,4.87269,69,109775460
chr10,97572368,97572503,.,1000,.,263.42631,-1.0,4.87269,52,97572420
chr6,157947302,157947450,.,1000,.,263.42071,-1.0,4.87269,74,157947376
chr14,70907257,70907418,.,1000,.,263.41011,-1.0,4.87269,77,70907334
chr10,6086516,6086654,.,1000,.,263.40387,-1.0,4.87269,67,6086583
chr11,66834371,66834479,.,1000,.,263.40331,-1.0,4.87269,73,66834444
chr1,204975745,204975909,.,1000,.,263.32756,-1.0,4.87269,74,204975819
chr9,21813973,21814109,.,1000,.,263.32381,-1.0,4.87269,70,21814043
chr12,130819059,130819249,.,1000,.,263.31769,-1.0,4.87269,99,130819158
chr2,24410041,24410177,.,1000,.,263.28733,-1.0,4.87269,75,24410116
chr6,113879633,113879780,.,1000,.,263.2837,-1.0,4.87269,66,113879699
chr3,123328937,123329097,.,1000,.,263.26491,-1.0,4.87269,90,123329027
chr8,22237384,22237524,.,1000,.,263.26382,-1.0,4.87269,69,22237453
chr3,73086105,73086273,.,1000,.,263.25699,-1.0,4.87269,79,73086184
chr20,32902601,32902731,.,1000,.,263.24251,-1.0,4.87269,66,32902667
chr2,197803125,197803233,.,1000,.,263.23505,-1.0,4.87269,41,197803166
chr11,72643141,72643281,.,1000,.,263.19405,-1.0,4.87269,67,72643208
chr1,7647337,7647496,.,1000,.,263.19262,-1.0,4.87269,84,7647421
chr11,133082849,133083048,.,1000,.,263.19015,-1.0,4.87269,100,133082949
chr6,30396994,30397143,.,1000,.,263.1724,-1.0,4.87269,64,30397058
chr2,39228227,39228351,.,1000,.,263.1632,-1.0,4.87269,55,39228282
chr10,102596563,102596705,.,1000,.,263.15519,-1.0,4.87269,78,102596641
chr19,14072193,14072370,.,1000,.,263.146,-1.0,4.87269,82,14072275
chr9,121546056,121546208,.,1000,.,263.1381,-1.0,4.87269,76,121546132
chr18,62183709,62183856,.,1000,.,263.1195,-1.0,4.87269,62,62183771
chr15,40906420,40906569,.,1000,.,263.11759,-1.0,4.87269,100,40906520
chr12,120647034,120647174,.,1000,.,263.09517,-1.0,4.87269,84,120647118
chr22,19970580,19970733,.,1000,.,263.08859,-1.0,4.87269,75,19970655
chr6,44074657,44074775,.,1000,.,263.07897,-1.0,4.87269,62,44074719
chr17,8060332,8060473,.,1000,.,263.06504,-1.0,4.87269,66,8060398
chr10,91006395,91006523,.,1000,.,263.04749,-1.0,4.87269,54,91006449
chr14,22471641,22471790,.,1000,.,263.04127,-1.0,4.87269,67,22471708
chr1,15272655,15272797,.,1000,.,263.01598,-1.0,4.87269,78,15272733
chr1,27669255,27669392,.,1000,.,262.99125,-1.0,4.87269,65,27669320
chr19,46614219,46614363,.,1000,.,262.95167,-1.0,4.87269,90,46614309
chr13,24220218,24220370,.,1000,.,262.9234,-1.0,4.87269,91,24220309
chr3,48609666,48609801,.,1000,.,262.91814,-1.0,4.87269,56,48609722
chr18,59402537,59402778,.,1000,.,262.91383,-1.0,4.87269,137,59402674
chr12,120430580,120430710,.,1000,.,262.90487,-1.0,4.87269,44,120430624
chr2,174462882,174463016,.,1000,.,262.90087,-1.0,4.87269,78,174462960
chr1,32520524,32520682,.,1000,.,262.90002,-1.0,4.87269,77,32520601
chr1,110011727,110011874,.,1000,.,262.89444,-1.0,4.87269,60,110011787
chr2,192162563,192162703,.,1000,.,262.8877,-1.0,4.87269,67,192162630
chr10,114877198,114877308,.,1000,.,262.87519,-1.0,4.87269,41,114877239
chr7,152707033,152707191,.,1000,.,262.8693,-1.0,4.87269,93,152707126
chr19,3429598,3429772,.,1000,.,262.86589,-1.0,4.87269,90,3429688
chr20,22691736,22691884,.,1000,.,262.82868,-1.0,4.87269,73,22691809
chr10,90911679,90911825,.,1000,.,262.81362,-1.0,4.87269,68,90911747
chr2,164600093,164600226,.,1000,.,262.80819,-1.0,4.87269,75,164600168
chr11,124644443,124644585,.,1000,.,262.80711,-1.0,4.87269,70,124644513
chr10,100562063,100562248,.,1000,.,262.79484,-1.0,4.87269,86,100562149
chr11,124758452,124758588,.,1000,.,262.79369,-1.0,4.87269,71,124758523
chr11,33997125,33997241,.,1000,.,262.78075,-1.0,4.87269,59,33997184
chr1,22642140,22642269,.,1000,.,262.77739,-1.0,4.87269,58,22642198
chr9,123544112,123544271,.,1000,.,262.76788,-1.0,4.87269,77,123544189
chr10,79929527,79929660,.,1000,.,262.76233,-1.0,4.87269,66,79929593
chr19,18588665,18588816,.,1000,.,262.74331,-1.0,4.87269,77,18588742
chr1,203487880,203488009,.,1000,.,262.7416,-1.0,4.87269,53,203487933
chr7,10889430,10889559,.,1000,.,262.73919,-1.0,4.87269,62,10889492
chr10,71812068,71812211,.,1000,.,262.73045,-1.0,4.87269,62,71812130
chr5,136770198,136770352,.,1000,.,262.71536,-1.0,4.87269,79,136770277
chr2,109516482,109516647,.,1000,.,262.70086,-1.0,4.87269,87,109516569
chr12,57831487,57831630,.,1000,.,262.69645,-1.0,4.87269,78,57831565
chr11,72683854,72683976,.,1000,.,262.69644,-1.0,4.87269,57,72683911
chr6,137415698,137415878,.,1000,.,262.68344,-1.0,4.87269,86,137415784
chr11,16788501,16788621,.,1000,.,262.67934,-1.0,4.87269,60,16788561
chr11,59171962,59172137,.,1000,.,262.67196,-1.0,4.87269,68,59172030
chr1,156357041,156357185,.,1000,.,262.65413,-1.0,4.87269,63,156357104
chr16,27639883,27640010,.,1000,.,262.63515,-1.0,4.87269,73,27639956
chr19,6504917,6505035,.,1000,.,262.61876,-1.0,4.87269,52,6504969
chr6,30482152,30482303,.,1000,.,262.61703,-1.0,4.87269,81,30482233
chr1,32248285,32248429,.,1000,.,262.60429,-1.0,4.87269,76,32248361
chr22,31107756,31107900,.,1000,.,262.59956,-1.0,4.87269,63,31107819
chr20,51306877,51307032,.,1000,.,262.59359,-1.0,4.87269,81,51306958
chr8,31252169,31252319,.,1000,.,262.58876,-1.0,4.87269,76,31252245
chr9,129642150,129642397,.,1000,.,262.58502,-1.0,4.87269,121,129642271
chr6,70884478,70884611,.,1000,.,262.58123,-1.0,4.87269,79,70884557
chr17,46213007,46213176,.,1000,.,262.57761,-1.0,4.87269,89,46213096
chr15,59529007,59529141,.,1000,.,262.57351,-1.0,4.87269,73,59529080
chr5,168269471,168269602,.,1000,.,262.57328,-1.0,4.87269,64,168269535
chr2,195660416,195660550,.,1000,.,262.55593,-1.0,4.87269,65,195660481
chr15,31215509,31215682,.,1000,.,262.53958,-1.0,4.87269,76,31215585
chr1,203267364,203267514,.,1000,.,262.52116,-1.0,4.87269,83,203267447
chr4,40897707,40897862,.,1000,.,262.42323,-1.0,4.87269,81,40897788
chr22,39316507,39316663,.,1000,.,262.42221,-1.0,4.87269,90,39316597
chr5,150561039,150561193,.,1000,.,262.40568,-1.0,4.87269,74,150561113
chr12,54854069,54854206,.,1000,.,262.4042,-1.0,4.87269,51,54854120
chr11,86042036,86042135,.,1000,.,262.39186,-1.0,4.87269,49,86042085
chr15,42084499,42084645,.,1000,.,262.38943,-1.0,4.87269,72,42084571
chr11,19564145,19564273,.,1000,.,262.38264,-1.0,4.87269,58,19564203
chr17,38444225,38444350,.,1000,.,262.38019,-1.0,4.87269,56,38444281
chr4,183407196,183407342,.,1000,.,262.37902,-1.0,4.87269,58,183407254
chr1,229558888,229559011,.,1000,.,262.36382,-1.0,4.87269,58,229558946
chr16,71358590,71358756,.,1000,.,262.36371,-1.0,4.87269,76,71358666
chr8,125432136,125432298,.,1000,.,262.35771,-1.0,4.87269,74,125432210
chr12,119545130,119545275,.,1000,.,262.35335,-1.0,4.87269,75,119545205
chr6,25490198,25490309,.,1000,.,262.34913,-1.0,4.87269,54,25490252
chr5,149828557,149828692,.,1000,.,262.3348,-1.0,4.87269,53,149828610
chr17,78013981,78014113,.,1000,.,262.32735,-1.0,4.87269,58,78014039
chr6,45714848,45714983,.,1000,.,262.31783,-1.0,4.87269,76,45714924
chr8,31185408,31185548,.,1000,.,262.29592,-1.0,4.87269,70,31185478
chr4,183840357,183840488,.,1000,.,262.27998,-1.0,4.87269,64,183840421
chr4,139651726,139651865,.,1000,.,262.27932,-1.0,4.87269,59,139651785
chr14,60625484,60625612,.,1000,.,262.26531,-1.0,4.87269,58,60625542
chr16,13919765,13919867,.,1000,.,262.26382,-1.0,4.87269,95,13919860
chr2,42495119,42495276,.,1000,.,262.24868,-1.0,4.87269,71,42495190
chr1,233394979,233395142,.,1000,.,262.22507,-1.0,4.87269,80,233395059
chr1,110203100,110203236,.,1000,.,262.21651,-1.0,4.87269,64,110203164
chr18,6521954,6522093,.,1000,.,262.18982,-1.0,4.87269,61,6522015
chr8,48979087,48979214,.,1000,.,262.18752,-1.0,4.87269,52,48979139
chr8,8273302,8273421,.,1000,.,262.18724,-1.0,4.87269,67,8273369
chr15,85331230,85331349,.,1000,.,262.18023,-1.0,4.87269,79,85331309
chr14,104708754,104708867,.,1000,.,262.14542,-1.0,4.87269,60,104708814
chr20,35208504,35208635,.,1000,.,262.1329,-1.0,4.87269,67,35208571
chr12,55738921,55739027,.,1000,.,262.12827,-1.0,4.87269,56,55738977
chr5,32329475,32329603,.,1000,.,262.12725,-1.0,4.87269,74,32329549
chr9,129783885,129784021,.,1000,.,262.12667,-1.0,4.87269,54,129783939
chr6,159134878,159134986,.,1000,.,262.11057,-1.0,4.87269,28,159134906
chr11,74255899,74256030,.,1000,.,262.10901,-1.0,4.87269,59,74255958
chr16,66651044,66651196,.,1000,.,262.08284,-1.0,4.87269,88,66651132
chr2,11132756,11132861,.,1000,.,262.07926,-1.0,4.87269,29,11132785
chr6,113859047,113859186,.,1000,.,262.07324,-1.0,4.87269,61,113859108
chr3,126679347,126679480,.,1000,.,262.06682,-1.0,4.87269,64,126679411
chr9,27726305,27726424,.,1000,.,262.05682,-1.0,4.87269,35,27726340
chr13,27984387,27984506,.,1000,.,262.05502,-1.0,4.87269,61,27984448
chr17,60037199,60037350,.,1000,.,262.04961,-1.0,4.87269,76,60037275
chr10,84537551,84537672,.,1000,.,262.04548,-1.0,4.87269,52,84537603
chr14,76352884,76353019,.,1000,.,262.03077,-1.0,4.87269,67,76352951
chr7,82572376,82572492,.,1000,.,262.02281,-1.0,4.87269,32,82572408
chr7,111735805,111735923,.,1000,.,262.01325,-1.0,4.87269,59,111735864
chr22,31089241,31089374,.,1000,.,261.99327,-1.0,4.87269,68,31089309
chr13,96020248,96020375,.,1000,.,261.95043,-1.0,4.87269,54,96020302
chr7,151008806,151008962,.,1000,.,261.94306,-1.0,4.87269,78,151008884
chr11,61477757,61477914,.,1000,.,261.92043,-1.0,4.87269,77,61477834
chr1,59699345,59699522,.,1000,.,261.87283,-1.0,4.87269,85,59699430
chr5,14352206,14352327,.,1000,.,261.85667,-1.0,4.87269,65,14352271
chr15,72312717,72312851,.,1000,.,261.85163,-1.0,4.87269,74,72312791
chr5,123611260,123611379,.,1000,.,261.8459,-1.0,4.87269,34,123611294
chr17,42067390,42067538,.,1000,.,261.82366,-1.0,4.87269,70,42067460
chr1,109263699,109263842,.,1000,.,261.81215,-1.0,4.87269,58,109263757
chr18,23516064,23516192,.,1000,.,261.80019,-1.0,4.87269,57,23516121
chr21,39138268,39138408,.,1000,.,261.79152,-1.0,4.87269,62,39138330
chr2,173210733,173210841,.,1000,.,261.76858,-1.0,4.87269,49,173210782
chr22,45435822,45435928,.,1000,.,261.69593,-1.0,4.87269,47,45435869
chr8,100827115,100827245,.,1000,.,261.66541,-1.0,4.87269,66,100827181
chr13,98843002,98843127,.,1000,.,261.65905,-1.0,4.87269,72,98843074
chr7,33932997,33933127,.,1000,.,261.64969,-1.0,4.87269,58,33933055
chr1,203702193,203702348,.,1000,.,261.64474,-1.0,4.87269,86,203702279
chr6,16771052,16771236,.,1000,.,261.60928,-1.0,4.87269,89,16771141
chr12,111813286,111813365,.,1000,.,261.585,-1.0,4.87269,22,111813308
chr12,50088714,50088841,.,1000,.,261.5712,-1.0,4.87269,77,50088791
chr7,55641305,55641443,.,1000,.,261.5707,-1.0,4.87269,73,55641378
chr18,59084295,59084425,.,1000,.,261.55215,-1.0,4.87269,57,59084352
chr20,1764532,1764682,.,1000,.,261.53584,-1.0,4.87269,82,1764614
chr20,33731879,33732012,.,1000,.,261.52907,-1.0,4.87269,56,33731935
chr15,89898740,89898874,.,1000,.,261.52583,-1.0,4.87269,77,89898817
chr11,22829935,22830088,.,1000,.,261.52407,-1.0,4.87269,66,22830001
chr1,93304766,93304877,.,1000,.,261.51911,-1.0,4.87269,51,93304817
chr1,146013112,146013256,.,1000,.,261.51303,-1.0,4.87269,73,146013185
chr6,97394264,97394411,.,1000,.,261.49575,-1.0,4.87269,74,97394338
chr5,171418807,171418928,.,1000,.,261.49575,-1.0,4.87269,65,171418872
chr6,35140033,35140162,.,1000,.,261.49385,-1.0,4.87269,66,35140099
chr7,102404741,102404841,.,1000,.,261.48306,-1.0,4.87269,39,102404780
chr17,59220424,59220555,.,1000,.,261.47743,-1.0,4.87269,97,59220521
chr19,14406279,14406416,.,1000,.,261.46496,-1.0,4.87269,78,14406357
chr14,67704597,67704719,.,1000,.,261.44568,-1.0,4.87269,59,67704656
chr7,83656085,83656215,.,1000,.,261.44365,-1.0,4.87269,75,83656160
chr6,41787527,41787646,.,1000,.,261.43739,-1.0,4.87269,71,41787598
chr15,75042926,75043045,.,1000,.,261.43226,-1.0,4.87269,89,75043015
chr3,187679726,187679887,.,1000,.,261.42418,-1.0,4.87269,80,187679806
chr12,13255819,13255972,.,1000,.,261.42029,-1.0,4.87269,81,13255900
chr7,54774242,54774393,.,1000,.,261.41842,-1.0,4.87269,84,54774326
chr2,174697304,174697437,.,1000,.,261.41404,-1.0,4.87269,75,174697379
chr20,20825109,20825233,.,1000,.,261.4089,-1.0,4.87269,62,20825171
chr5,112147046,112147178,.,1000,.,261.39384,-1.0,4.87269,75,112147121
chr7,150898598,150898720,.,1000,.,261.37646,-1.0,4.87269,68,150898666
chr17,996646,996765,.,1000,.,261.37582,-1.0,4.87269,50,996696
chr19,46189554,46189707,.,1000,.,261.3625,-1.0,4.87269,68,46189622
chr12,98491101,98491235,.,1000,.,261.35985,-1.0,4.87269,57,98491158
chr7,43108536,43108677,.,1000,.,261.34897,-1.0,4.87269,58,43108594
chr20,36439570,36439702,.,1000,.,261.34767,-1.0,4.87269,55,36439625
chr12,76031501,76031681,.,1000,.,261.31774,-1.0,4.87269,112,76031613
chr17,69235571,69235740,.,1000,.,261.29876,-1.0,4.87269,87,69235658
chr19,50414890,50415028,.,1000,.,261.28038,-1.0,4.87269,48,50414938
chr1,51896969,51897109,.,1000,.,261.27496,-1.0,4.87269,66,51897035
chr15,65638691,65638839,.,1000,.,261.25768,-1.0,4.87269,92,65638783
chr11,79493664,79493808,.,1000,.,261.2563,-1.0,4.87269,71,79493735
chr1,214328970,214329092,.,1000,.,261.25044,-1.0,4.87269,50,214329020
chr1,203338532,203338665,.,1000,.,261.243,-1.0,4.87269,85,203338617
chr16,87777983,87778133,.,1000,.,261.23741,-1.0,4.87269,71,87778054
chr6,52663755,52663896,.,1000,.,261.23373,-1.0,4.87269,79,52663834
chr12,122131144,122131264,.,1000,.,261.23109,-1.0,4.87269,40,122131184
chr12,49839110,49839259,.,1000,.,261.21323,-1.0,4.87269,89,49839199
chr11,47934562,47934681,.,1000,.,261.19681,-1.0,4.87269,66,47934628
chr2,7044398,7044556,.,1000,.,261.19234,-1.0,4.87269,74,7044472
chr1,151156104,151156291,.,1000,.,261.18773,-1.0,4.87269,97,151156201
chr9,114291118,114291252,.,1000,.,261.18295,-1.0,4.87269,65,114291183
chr22,46314396,46314525,.,1000,.,261.1802,-1.0,4.87269,64,46314460
chr17,43846375,43846490,.,1000,.,261.1711,-1.0,4.87269,59,43846434
chr11,58654100,58654254,.,1000,.,261.12979,-1.0,4.87269,83,58654183
chr19,35067216,35067324,.,1000,.,261.10231,-1.0,4.87269,79,35067295
chr2,44981728,44981864,.,1000,.,261.10144,-1.0,4.87269,55,44981783
chr20,39269072,39269204,.,1000,.,261.09495,-1.0,4.87269,55,39269127
chr9,112793344,112793459,.,1000,.,261.0865,-1.0,4.87269,72,112793416
chr6,27752340,27752499,.,1000,.,261.06258,-1.0,4.87269,80,27752420
chr5,55172154,55172285,.,1000,.,261.04538,-1.0,4.87269,74,55172228
chr14,80987545,80987687,.,1000,.,261.03433,-1.0,4.87269,71,80987616
chr3,16178441,16178550,.,1000,.,261.0191,-1.0,4.87269,77,16178518
chr8,22137483,22137614,.,1000,.,261.0131,-1.0,4.87269,70,22137553
chr18,46173852,46174000,.,1000,.,261.00777,-1.0,4.87269,77,46173929
chr6,150892018,150892171,.,1000,.,260.99765,-1.0,4.87269,75,150892093
chr6,29017241,29017384,.,1000,.,260.99272,-1.0,4.87269,56,29017297
chr10,122703946,122704105,.,1000,.,260.98535,-1.0,4.87269,75,122704021
chr5,95961290,95961430,.,1000,.,260.98465,-1.0,4.87269,72,95961362
chr1,9005225,9005357,.,1000,.,260.98419,-1.0,4.87269,72,9005297
chr6,16763140,16763300,.,1000,.,260.92475,-1.0,4.87269,68,16763208
chr4,40325513,40325669,.,1000,.,260.91942,-1.0,4.87269,78,40325591
chr5,431048,431194,.,1000,.,260.91561,-1.0,4.87269,86,431134
chr2,219403038,219403178,.,1000,.,260.90741,-1.0,4.87269,75,219403113
chr18,47205033,47205195,.,1000,.,260.88536,-1.0,4.87269,77,47205110
chr9,74774006,74774134,.,1000,.,260.88264,-1.0,4.87269,71,74774077
chr19,4732716,4732856,.,1000,.,260.87981,-1.0,4.87269,77,4732793
chrX,65582044,65582185,.,1000,.,260.87417,-1.0,4.87269,71,65582115
chr16,23435542,23435695,.,1000,.,260.85767,-1.0,4.87269,76,23435618
chr5,135466224,135466373,.,1000,.,260.85321,-1.0,4.87269,61,135466285
chr10,5623279,5623407,.,1000,.,260.85222,-1.0,4.87269,46,5623325
chr1,12124917,12125041,.,1000,.,260.83074,-1.0,4.87269,53,12124970
chr1,159211662,159211791,.,1000,.,260.82436,-1.0,4.87269,59,159211721
chr12,56636768,56636911,.,1000,.,260.80602,-1.0,4.87269,77,56636845
chr12,49553626,49553761,.,1000,.,260.80466,-1.0,4.87269,63,49553689
chr8,138686630,138686760,.,1000,.,260.79821,-1.0,4.87269,61,138686691
chr3,16290428,16290561,.,1000,.,260.79645,-1.0,4.87269,61,16290489
chr12,45170601,45170721,.,1000,.,260.79454,-1.0,4.87269,46,45170647
chr16,27235062,27235209,.,1000,.,260.79359,-1.0,4.87269,93,27235155
chr17,47843156,47843280,.,1000,.,260.78632,-1.0,4.87269,61,47843217
chr6,10954619,10954766,.,1000,.,260.78457,-1.0,4.87269,87,10954706
chr19,41957879,41958012,.,1000,.,260.77342,-1.0,4.87269,72,41957951
chr1,74733849,74733962,.,1000,.,260.76709,-1.0,4.87269,30,74733879
chr17,4420740,4420868,.,1000,.,260.71686,-1.0,4.87269,54,4420794
chr17,48131333,48131470,.,1000,.,260.71427,-1.0,4.87269,63,48131396
chr15,99100655,99100834,.,1000,.,260.71364,-1.0,4.87269,79,99100734
chr7,132318870,132318982,.,1000,.,260.70232,-1.0,4.87269,53,132318923
chr5,134411905,134412060,.,1000,.,260.69768,-1.0,4.87269,85,134411990
chr3,184417952,184418063,.,1000,.,260.69711,-1.0,4.87269,69,184418021
chr17,32609228,32609363,.,1000,.,260.69016,-1.0,4.87269,69,32609297
chr11,125141858,125142003,.,1000,.,260.67745,-1.0,4.87269,59,125141917
chr3,135895221,135895389,.,1000,.,260.67503,-1.0,4.87269,83,135895304
chr7,90708899,90709007,.,1000,.,260.65751,-1.0,4.87269,43,90708942
chr2,119265285,119265415,.,1000,.,260.65602,-1.0,4.87269,62,119265347
chr18,63016364,63016525,.,1000,.,260.64538,-1.0,4.87269,74,63016438
chr7,92590352,92590537,.,1000,.,260.64496,-1.0,4.87269,95,92590447
chr1,8561142,8561313,.,1000,.,260.63513,-1.0,4.87269,93,8561235
chr13,73708505,73708659,.,1000,.,260.628,-1.0,4.87269,74,73708579
chr15,58182662,58182802,.,1000,.,260.62536,-1.0,4.87269,78,58182740
chr10,97081745,97081864,.,1000,.,260.61139,-1.0,4.87269,60,97081805
chr10,112314966,112315108,.,1000,.,260.59676,-1.0,4.87269,77,112315043
chr11,102613065,102613220,.,1000,.,260.59565,-1.0,4.87269,73,102613138
chr5,140144341,140144480,.,1000,.,260.58982,-1.0,4.87269,54,140144395
chr16,67562724,67562885,.,1000,.,260.58139,-1.0,4.87269,78,67562802
chr9,120755944,120756074,.,1000,.,260.57795,-1.0,4.87269,68,120756012
chrX,56248631,56248762,.,1000,.,260.5758,-1.0,4.87269,56,56248687
chr1,12208974,12209122,.,1000,.,260.57363,-1.0,4.87269,71,12209045
chr8,140668409,140668527,.,1000,.,260.56139,-1.0,4.87269,58,140668467
chr9,132259277,132259426,.,1000,.,260.55921,-1.0,4.87269,83,132259360
chr19,55418273,55418397,.,1000,.,260.54196,-1.0,4.87269,73,55418346
chr5,180471091,180471224,.,1000,.,260.54141,-1.0,4.87269,66,180471157
chr17,78289893,78290014,.,1000,.,260.53009,-1.0,4.87269,70,78289963
chr12,113048787,113048911,.,1000,.,260.52727,-1.0,4.87269,53,113048840
chr2,231715351,231715502,.,1000,.,260.52605,-1.0,4.87269,68,231715419
chr3,15630282,15630402,.,1000,.,260.51482,-1.0,4.87269,51,15630333
chr12,48924673,48924796,.,1000,.,260.50664,-1.0,4.87269,62,48924735
chr15,52735606,52735724,.,1000,.,260.5062,-1.0,4.87269,70,52735676
chr2,160994522,160994648,.,1000,.,260.50093,-1.0,4.87269,69,160994591
chr15,64905638,64905773,.,1000,.,260.49251,-1.0,4.87269,58,64905696
chr9,128203217,128203365,.,1000,.,260.47039,-1.0,4.87269,101,128203318
chr5,67209300,67209415,.,1000,.,260.46957,-1.0,4.87269,65,67209365
chr19,8396789,8396944,.,1000,.,260.44844,-1.0,4.87269,67,8396856
chr1,210311202,210311382,.,1000,.,260.44481,-1.0,4.87269,85,210311287
chr16,16194979,16195106,.,1000,.,260.44245,-1.0,4.87269,73,16195052
chr4,108018692,108018833,.,1000,.,260.40893,-1.0,4.87269,80,108018772
chr16,69796633,69796768,.,1000,.,260.40285,-1.0,4.87269,62,69796695
chr16,2961828,2961979,.,1000,.,260.39907,-1.0,4.87269,78,2961906
chr17,50841973,50842120,.,1000,.,260.39676,-1.0,4.87269,71,50842044
chr14,91177461,91177605,.,1000,.,260.39196,-1.0,4.87269,76,91177537
chr11,62311268,62311398,.,1000,.,260.38889,-1.0,4.87269,77,62311345
chr19,45485864,45486001,.,1000,.,260.3813,-1.0,4.87269,51,45485915
chr10,48608251,48608413,.,1000,.,260.37216,-1.0,4.87269,69,48608320
chr22,25048815,25048962,.,1000,.,260.36883,-1.0,4.87269,75,25048890
chr3,112137205,112137359,.,1000,.,260.36718,-1.0,4.87269,96,112137301
chr12,94101492,94101660,.,1000,.,260.36019,-1.0,4.87269,82,94101574
chr6,160930807,160930941,.,1000,.,260.33269,-1.0,4.87269,50,160930857
chr16,58814354,58814512,.,1000,.,260.32846,-1.0,4.87269,92,58814446
chr19,49301404,49301533,.,1000,.,260.30944,-1.0,4.87269,49,49301453
chr3,122101680,122101787,.,1000,.,260.30093,-1.0,4.87269,64,122101744
chr18,47772755,47772887,.,1000,.,260.29993,-1.0,4.87269,71,47772826
chr11,134050565,134050713,.,1000,.,260.27538,-1.0,4.87269,86,134050651
chr22,45979146,45979293,.,1000,.,260.26369,-1.0,4.87269,78,45979224
chr6,52416671,52416800,.,1000,.,260.25297,-1.0,4.87269,53,52416724
chrX,153507659,153507787,.,1000,.,260.25168,-1.0,4.87269,58,153507717
chr9,112097863,112098002,.,1000,.,260.24547,-1.0,4.87269,58,112097921
chr9,18255189,18255315,.,1000,.,260.22392,-1.0,4.87269,66,18255255
chr19,8158593,8158740,.,1000,.,260.22156,-1.0,4.87269,68,8158661
chr9,97598796,97598927,.,1000,.,260.21537,-1.0,4.87269,68,97598864
chr7,28078443,28078541,.,1000,.,260.20668,-1.0,4.87269,29,28078472
chr12,108512063,108512196,.,1000,.,260.19463,-1.0,4.87269,60,108512123
chr12,113462473,113462638,.,1000,.,260.1809,-1.0,4.87269,66,113462539
chr16,46929811,46929972,.,1000,.,260.17978,-1.0,4.87269,85,46929896
chr1,202571863,202571997,.,1000,.,260.17691,-1.0,4.87269,64,202571927
chr10,17607619,17607768,.,1000,.,260.17514,-1.0,4.87269,76,17607695
chr5,133869291,133869434,.,1000,.,260.16549,-1.0,4.87269,65,133869356
chr2,38603554,38603675,.,1000,.,260.16545,-1.0,4.87269,53,38603607
chr11,112219851,112219953,.,1000,.,260.16384,-1.0,4.87269,69,112219920
chr20,38165386,38165508,.,1000,.,260.16369,-1.0,4.87269,63,38165449
chr13,95380788,95380910,.,1000,.,260.15921,-1.0,4.87269,86,95380874
chr19,47436728,47436846,.,1000,.,260.14947,-1.0,4.87269,90,47436818
chr14,88667582,88667698,.,1000,.,260.13964,-1.0,4.87269,57,88667639
chr6,110528163,110528269,.,1000,.,260.1226,-1.0,4.87269,80,110528243
chr1,160252060,160252185,.,1000,.,260.11334,-1.0,4.87269,59,160252119
chr2,198127758,198127901,.,1000,.,260.11271,-1.0,4.87269,79,198127837
chr13,49976840,49976894,.,1000,.,260.0886,-1.0,4.87269,3,49976843
chr19,3761720,3761815,.,1000,.,260.07792,-1.0,4.87269,27,3761747
chr16,85303389,85303521,.,1000,.,260.07652,-1.0,4.87269,69,85303458
chr7,140175242,140175389,.,1000,.,260.07358,-1.0,4.87269,75,140175317
chr1,85308258,85308428,.,1000,.,260.06181,-1.0,4.87269,94,85308352
chr9,112903255,112903377,.,1000,.,260.05972,-1.0,4.87269,76,112903331
chr19,4851720,4851870,.,1000,.,260.05495,-1.0,4.87269,79,4851799
chr19,2637073,2637241,.,1000,.,260.01771,-1.0,4.87269,73,2637146
chr11,70467586,70467753,.,1000,.,260.00934,-1.0,4.87269,96,70467682
chrX,30735886,30736041,.,1000,.,260.0046,-1.0,4.87269,79,30735965
chr12,9750855,9750999,.,1000,.,259.98431,-1.0,4.87269,66,9750921
chr22,35024150,35024310,.,1000,.,259.98123,-1.0,4.87269,81,35024231
chr18,9148060,9148212,.,1000,.,259.95847,-1.0,4.87269,90,9148150
chr1,183281611,183281716,.,1000,.,259.94589,-1.0,4.87269,33,183281644
chr20,23441948,23442075,.,1000,.,259.92632,-1.0,4.87269,50,23441998
chr5,150130052,150130176,.,1000,.,259.92398,-1.0,4.87269,76,150130128
chr3,70120480,70120625,.,1000,.,259.91465,-1.0,4.87269,77,70120557
chr19,5687204,5687349,.,1000,.,259.90104,-1.0,4.87269,67,5687271
chr1,53393436,53393577,.,1000,.,259.86676,-1.0,4.87269,62,53393498
chr7,142558108,142558245,.,1000,.,259.85451,-1.0,4.87269,66,142558174
chr17,49180404,49180551,.,1000,.,259.85145,-1.0,4.87269,74,49180478
chr6,13908986,13909120,.,1000,.,259.84719,-1.0,4.87269,73,13909059
chr4,742735,742878,.,1000,.,259.8167,-1.0,4.87269,74,742809
chr15,40368164,40368326,.,1000,.,259.80601,-1.0,4.87269,73,40368237
chr2,73212607,73212744,.,1000,.,259.80379,-1.0,4.87269,73,73212680
chr14,76050945,76051061,.,1000,.,259.77102,-1.0,4.87269,55,76051000
chr12,38906708,38906852,.,1000,.,259.76572,-1.0,4.87269,81,38906789
chr2,37832709,37832848,.,1000,.,259.75065,-1.0,4.87269,61,37832770
chr15,78241045,78241193,.,1000,.,259.74913,-1.0,4.87269,71,78241116
chr5,118792143,118792254,.,1000,.,259.74878,-1.0,4.87269,77,118792220
chr2,233404349,233404493,.,1000,.,259.74014,-1.0,4.87269,79,233404428
chr7,141533441,141533583,.,1000,.,259.73806,-1.0,4.87269,76,141533517
chr16,71882534,71882669,.,1000,.,259.73554,-1.0,4.87269,56,71882590
chr5,170267986,170268121,.,1000,.,259.70613,-1.0,4.87269,65,170268051
chr7,114865710,114865816,.,1000,.,259.66063,-1.0,4.87269,46,114865756
chr2,74334972,74335089,.,1000,.,259.66046,-1.0,4.87269,65,74335037
chr16,8567712,8567968,.,1000,.,259.6474,-1.0,4.87269,143,8567855
chr8,142726975,142727145,.,1000,.,259.64719,-1.0,4.87269,89,142727064
chr8,30555952,30556087,.,1000,.,259.63668,-1.0,4.87269,72,30556024
chr9,34612898,34613056,.,1000,.,259.62959,-1.0,4.87269,86,34612984
chr1,36099704,36099821,.,1000,.,259.62644,-1.0,4.87269,64,36099768
chr1,153352536,153352704,.,1000,.,259.60924,-1.0,4.87269,84,153352620
chr7,44922239,44922349,.,1000,.,259.60289,-1.0,4.87269,51,44922290
chr4,7804127,7804277,.,1000,.,259.5845,-1.0,4.87269,71,7804198
chr12,27703788,27703910,.,1000,.,259.58126,-1.0,4.87269,72,27703860
chr12,7806995,7807114,.,1000,.,259.56735,-1.0,4.87269,59,7807054
chr2,119407844,119407964,.,1000,.,259.5649,-1.0,4.87269,53,119407897
chr22,37457434,37457564,.,1000,.,259.54078,-1.0,4.87269,75,37457509
chr17,80196203,80196326,.,1000,.,259.53533,-1.0,4.87269,62,80196265
chr1,54672132,54672253,.,1000,.,259.53158,-1.0,4.87269,74,54672206
chr3,141000147,141000299,.,1000,.,259.50463,-1.0,4.87269,78,141000225
chr10,101779979,101780122,.,1000,.,259.50323,-1.0,4.87269,79,101780058
chr15,99755926,99756081,.,1000,.,259.4922,-1.0,4.87269,84,99756010
chr9,99231838,99231952,.,1000,.,259.47932,-1.0,4.87269,68,99231906
chr18,23586999,23587150,.,1000,.,259.46092,-1.0,4.87269,71,23587070
chr4,139099495,139099613,.,1000,.,259.4491,-1.0,4.87269,69,139099564
chr5,170633108,170633278,.,1000,.,259.4381,-1.0,4.87269,82,170633190
chr10,48658380,48658522,.,1000,.,259.43101,-1.0,4.87269,80,48658460
chr5,146447004,146447160,.,1000,.,259.40575,-1.0,4.87269,88,146447092
chr12,109805403,109805521,.,1000,.,259.40045,-1.0,4.87269,57,109805460
chr12,47715432,47715561,.,1000,.,259.36095,-1.0,4.87269,46,47715478
chr16,67672817,67672953,.,1000,.,259.35763,-1.0,4.87269,71,67672888
chr11,61517020,61517175,.,1000,.,259.34669,-1.0,4.87269,88,61517108
chr2,36785291,36785441,.,1000,.,259.34566,-1.0,4.87269,76,36785367
chr12,95073653,95073777,.,1000,.,259.28785,-1.0,4.87269,56,95073709
chr1,9495331,9495481,.,1000,.,259.2771,-1.0,4.87269,82,9495413
chr10,30534664,30534787,.,1000,.,259.27468,-1.0,4.87269,67,30534731
chr2,218980124,218980294,.,1000,.,259.26643,-1.0,4.87269,84,218980208
chr12,6465602,6465712,.,1000,.,259.2613,-1.0,4.87269,60,6465662
chr19,51338833,51338991,.,1000,.,259.24931,-1.0,4.87269,87,51338920
chr1,1441012,1441138,.,1000,.,259.24837,-1.0,4.87269,57,1441069
chr11,95836146,95836269,.,1000,.,259.24279,-1.0,4.87269,53,95836199
chr16,29848623,29848770,.,1000,.,259.23496,-1.0,4.87269,68,29848691
chr15,34588120,34588241,.,1000,.,259.22069,-1.0,4.87269,50,34588170
chr16,68064826,68064960,.,1000,.,259.21758,-1.0,4.87269,79,68064905
chr12,38138827,38138958,.,1000,.,259.21522,-1.0,4.87269,62,38138889
chr19,1897712,1897870,.,1000,.,259.20429,-1.0,4.87269,79,1897791
chr2,118855752,118855916,.,1000,.,259.20245,-1.0,4.87269,78,118855830
chr13,110116119,110116296,.,1000,.,259.18866,-1.0,4.87269,91,110116210
chr2,88831802,88831913,.,1000,.,259.18659,-1.0,4.87269,69,88831871
chr7,149742271,149742421,.,1000,.,259.16936,-1.0,4.87269,79,149742350
chr5,6745749,6745905,.,1000,.,259.14636,-1.0,4.87269,67,6745816
chr3,128426405,128426561,.,1000,.,259.11315,-1.0,4.87269,95,128426500
chr10,13099706,13099889,.,1000,.,259.09875,-1.0,4.87269,89,13099795
chr5,15003566,15003693,.,1000,.,259.09226,-1.0,4.87269,73,15003639
chr2,17646170,17646316,.,1000,.,259.09189,-1.0,4.87269,84,17646254
chr10,69914772,69914913,.,1000,.,259.09171,-1.0,4.87269,65,69914837
chr19,8654655,8654808,.,1000,.,259.08674,-1.0,4.87269,86,8654741
chr8,66065085,66065160,.,1000,.,259.0764,-1.0,4.87269,24,66065109
chr3,158434550,158434685,.,1000,.,259.05551,-1.0,4.87269,59,158434609
chr21,31098649,31098822,.,1000,.,259.03794,-1.0,4.87269,81,31098730
chr3,169149411,169149556,.,1000,.,259.03103,-1.0,4.87269,76,169149487
chr14,74257536,74257687,.,1000,.,259.02605,-1.0,4.87269,81,74257617
chr3,33074588,33074718,.,1000,.,259.02247,-1.0,4.87269,76,33074664
chr11,3841656,3841796,.,1000,.,259.00234,-1.0,4.87269,85,3841741
chr14,74905783,74905932,.,1000,.,258.99991,-1.0,4.87269,76,74905859
chr16,14249660,14249776,.,1000,.,258.98962,-1.0,4.87269,58,14249718
chr20,50818497,50818622,.,1000,.,258.98689,-1.0,4.87269,67,50818564
chr1,35715605,35715731,.,1000,.,258.95774,-1.0,4.87269,67,35715672
chrX,53436100,53436241,.,1000,.,258.94868,-1.0,4.87269,83,53436183
chr2,149017498,149017629,.,1000,.,258.94747,-1.0,4.87269,77,149017575
chr19,56066522,56066683,.,1000,.,258.93954,-1.0,4.87269,77,56066599
chr2,230067117,230067246,.,1000,.,258.92727,-1.0,4.87269,47,230067164
chr8,13042414,13042554,.,1000,.,258.92174,-1.0,4.87269,86,13042500
chr15,31867956,31868105,.,1000,.,258.91823,-1.0,4.87269,78,31868034
chr1,109099979,109100124,.,1000,.,258.91555,-1.0,4.87269,69,109100048
chr6,32947957,32948073,.,1000,.,258.91474,-1.0,4.87269,54,32948011
chr17,9729152,9729269,.,1000,.,258.88633,-1.0,4.87269,76,9729228
chr10,49407663,49407804,.,1000,.,258.88253,-1.0,4.87269,72,49407735
chr15,90648174,90648282,.,1000,.,258.86339,-1.0,4.87269,68,90648242
chr9,37415333,37415467,.,1000,.,258.84182,-1.0,4.87269,61,37415394
chr5,149371478,149371625,.,1000,.,258.8329,-1.0,4.87269,74,149371552
chr16,68229502,68229635,.,1000,.,258.82762,-1.0,4.87269,73,68229575
chr5,6765789,6765944,.,1000,.,258.82708,-1.0,4.87269,80,6765869
chr11,43852146,43852309,.,1000,.,258.80679,-1.0,4.87269,95,43852241
chr17,73156324,73156441,.,1000,.,258.80346,-1.0,4.87269,72,73156396
chr9,132901976,132902096,.,1000,.,258.7935,-1.0,4.87269,54,132902030
chrX,53313066,53313221,.,1000,.,258.79084,-1.0,4.87269,72,53313138
chr1,6348045,6348194,.,1000,.,258.78567,-1.0,4.87269,70,6348115
chr2,20135749,20135874,.,1000,.,258.76985,-1.0,4.87269,55,20135804
chr14,22777586,22777707,.,1000,.,258.73799,-1.0,4.87269,55,22777641
chr1,150169093,150169221,.,1000,.,258.73683,-1.0,4.87269,69,150169162
chr9,129006864,129007037,.,1000,.,258.69131,-1.0,4.87269,74,129006938
chr11,31958239,31958376,.,1000,.,258.69119,-1.0,4.87269,79,31958318
chr1,35451185,35451315,.,1000,.,258.67583,-1.0,4.87269,52,35451237
chrX,110413242,110413408,.,1000,.,258.66707,-1.0,4.87269,86,110413328
chr9,33287117,33287255,.,1000,.,258.64112,-1.0,4.87269,71,33287188
chr19,52139283,52139475,.,1000,.,258.63261,-1.0,4.87269,92,52139375
chr18,48446728,48446853,.,1000,.,258.63092,-1.0,4.87269,73,48446801
chr5,160439243,160439365,.,1000,.,258.62107,-1.0,4.87269,67,160439310
chr9,130107243,130107373,.,1000,.,258.62005,-1.0,4.87269,50,130107293
chr10,46028714,46028858,.,1000,.,258.62002,-1.0,4.87269,60,46028774
chr6,165884946,165885114,.,1000,.,258.61401,-1.0,4.87269,91,165885037
chr22,45269093,45269221,.,1000,.,258.59779,-1.0,4.87269,79,45269172
chr8,2030664,2030822,.,1000,.,258.57511,-1.0,4.87269,90,2030754
chr14,99682845,99682962,.,1000,.,258.55334,-1.0,4.87269,60,99682905
chr19,19175135,19175253,.,1000,.,258.54863,-1.0,4.87269,94,19175229
chr12,106136306,106136424,.,1000,.,258.54778,-1.0,4.87269,60,106136366
chr11,29343847,29343992,.,1000,.,258.54558,-1.0,4.87269,66,29343913
chr20,2524510,2524630,.,1000,.,258.54335,-1.0,4.87269,47,2524557
chr10,67780035,67780169,.,1000,.,258.53799,-1.0,4.87269,64,67780099
chr5,50751175,50751317,.,1000,.,258.53223,-1.0,4.87269,65,50751240
chr7,155797052,155797204,.,1000,.,258.53044,-1.0,4.87269,75,155797127
chr6,24524913,24525076,.,1000,.,258.52554,-1.0,4.87269,83,24524996
chr20,36863781,36863925,.,1000,.,258.52341,-1.0,4.87269,81,36863862
chr3,170812100,170812250,.,1000,.,258.51497,-1.0,4.87269,59,170812159
chr2,42827726,42827850,.,1000,.,258.51352,-1.0,4.87269,59,42827785
chr10,29496499,29496632,.,1000,.,258.5018,-1.0,4.87269,66,29496565
chr5,96336528,96336645,.,1000,.,258.48425,-1.0,4.87269,57,96336585
chr9,34437471,34437599,.,1000,.,258.46788,-1.0,4.87269,64,34437535
chr16,11356810,11356928,.,1000,.,258.46353,-1.0,4.87269,62,11356872
chr5,173973268,173973399,.,1000,.,258.4631,-1.0,4.87269,92,173973360
chr16,1363531,1363695,.,1000,.,258.46254,-1.0,4.87269,74,1363605
chr11,94897402,94897533,.,1000,.,258.45208,-1.0,4.87269,64,94897466
chr12,102948941,102949089,.,1000,.,258.43738,-1.0,4.87269,85,102949026
chr6,137707967,137708089,.,1000,.,258.43659,-1.0,4.87269,77,137708044
chr11,8225708,8225827,.,1000,.,258.43073,-1.0,4.87269,46,8225754
chr12,13864194,13864342,.,1000,.,258.42816,-1.0,4.87269,76,13864270
chr5,119412171,119412318,.,1000,.,258.42743,-1.0,4.87269,63,119412234
chr16,67185483,67185629,.,1000,.,258.38325,-1.0,4.87269,85,67185568
chr20,22684130,22684258,.,1000,.,258.38151,-1.0,4.87269,67,22684197
chr4,113278435,113278549,.,1000,.,258.37367,-1.0,4.87269,76,113278511
chr13,112874636,112874785,.,1000,.,258.37016,-1.0,4.87269,50,112874686
chr9,100437994,100438123,.,1000,.,258.36846,-1.0,4.87269,58,100438052
chr10,120423456,120423605,.,1000,.,258.35996,-1.0,4.87269,80,120423536
chr12,3300614,3300746,.,1000,.,258.34042,-1.0,4.87269,66,3300680
chr3,57170249,57170397,.,1000,.,258.32738,-1.0,4.87269,75,57170324
chr10,100997790,100997935,.,1000,.,258.31445,-1.0,4.87269,59,100997849
chr18,47756501,47756647,.,1000,.,258.27063,-1.0,4.87269,77,47756578
chr1,7070517,7070651,.,1000,.,258.25238,-1.0,4.87269,74,7070591
chr10,116682429,116682591,.,1000,.,258.23428,-1.0,4.87269,79,116682508
chr1,231590710,231590846,.,1000,.,258.23332,-1.0,4.87269,67,231590777
chr3,101573665,101573805,.,1000,.,258.22322,-1.0,4.87269,80,101573745
chr16,8891833,8891947,.,1000,.,258.22146,-1.0,4.87269,56,8891889
chr17,27236821,27236974,.,1000,.,258.21102,-1.0,4.87269,64,27236885
chr21,44932732,44932885,.,1000,.,258.20421,-1.0,4.87269,92,44932824
chr5,112922355,112922486,.,1000,.,258.20088,-1.0,4.87269,59,112922414
chr9,114738962,114739100,.,1000,.,258.19348,-1.0,4.87269,67,114739029
chr20,31846662,31846796,.,1000,.,258.18332,-1.0,4.87269,73,31846735
chr1,119611723,119611847,.,1000,.,258.17057,-1.0,4.87269,63,119611786
chr19,47391540,47391666,.,1000,.,258.16987,-1.0,4.87269,75,47391615
chr7,131040561,131040685,.,1000,.,258.15832,-1.0,4.87269,63,131040624
chr6,166775301,166775430,.,1000,.,258.14513,-1.0,4.87269,75,166775376
chr19,10864531,10864677,.,1000,.,258.11806,-1.0,4.87269,61,10864592
chr2,224357476,224357627,.,1000,.,258.09735,-1.0,4.87269,86,224357562
chr1,205984243,205984392,.,1000,.,258.09453,-1.0,4.87269,64,205984307
chr17,77542803,77542945,.,1000,.,258.06044,-1.0,4.87269,75,77542878
chr12,132615014,132615136,.,1000,.,258.05602,-1.0,4.87269,69,132615083
chr17,74923597,74923759,.,1000,.,258.04708,-1.0,4.87269,96,74923693
chr1,151300976,151301145,.,1000,.,258.04143,-1.0,4.87269,77,151301053
chr10,122298886,122299011,.,1000,.,258.03072,-1.0,4.87269,59,122298945
chr7,129367721,129367847,.,1000,.,258.02879,-1.0,4.87269,31,129367752
chr21,34351871,34352017,.,1000,.,258.02845,-1.0,4.87269,74,34351945
chr7,92424745,92424802,.,1000,.,258.01513,-1.0,4.87269,8,92424753
chr2,98518206,98518333,.,1000,.,257.96729,-1.0,4.87269,68,98518274
chr12,55737301,55737443,.,1000,.,257.96701,-1.0,4.87269,78,55737379
chr15,63599661,63599842,.,1000,.,257.96316,-1.0,4.87269,90,63599751
chr20,20568735,20568854,.,1000,.,257.95042,-1.0,4.87269,45,20568780
chr16,49408039,49408167,.,1000,.,257.93186,-1.0,4.87269,71,49408110
chr2,56183658,56183783,.,1000,.,257.92638,-1.0,4.87269,72,56183730
chr11,118611079,118611223,.,1000,.,257.89734,-1.0,4.87269,76,118611155
chr2,218852959,218853100,.,1000,.,257.89635,-1.0,4.87269,62,218853021
chr16,87871682,87871810,.,1000,.,257.89335,-1.0,4.87269,67,87871749
chr17,46940910,46941037,.,1000,.,257.88688,-1.0,4.87269,86,46940996
chr1,9289120,9289247,.,1000,.,257.87589,-1.0,4.87269,70,9289190
chr6,104525874,104525981,.,1000,.,257.87197,-1.0,4.87269,36,104525910
chr2,173402520,173402652,.,1000,.,257.85664,-1.0,4.87269,52,173402572
chr12,31636767,31636841,.,1000,.,257.85582,-1.0,4.87269,65,31636832
chr2,157327664,157327772,.,1000,.,257.84405,-1.0,4.87269,60,157327724
chr1,162056081,162056219,.,1000,.,257.84293,-1.0,4.87269,71,162056152
chr3,158791447,158791590,.,1000,.,257.83914,-1.0,4.87269,61,158791508
chr15,43268854,43269002,.,1000,.,257.83459,-1.0,4.87269,79,43268933
chr5,158695616,158695806,.,1000,.,257.80911,-1.0,4.87269,106,158695722
chr6,12289452,12289600,.,1000,.,257.77927,-1.0,4.87269,61,12289513
chr17,48602685,48602836,.,1000,.,257.75642,-1.0,4.87269,73,48602758
chr12,96062003,96062129,.,1000,.,257.75472,-1.0,4.87269,45,96062048
chr12,52884918,52885051,.,1000,.,257.73425,-1.0,4.87269,64,52884982
chr11,8604090,8604233,.,1000,.,257.73336,-1.0,4.87269,75,8604165
chr22,21629342,21629467,.,1000,.,257.70752,-1.0,4.87269,68,21629410
chr11,66389126,66389244,.,1000,.,257.70463,-1.0,4.87269,65,66389191
chr9,74952294,74952450,.,1000,.,257.70185,-1.0,4.87269,75,74952369
chr11,2531509,2531644,.,1000,.,257.69204,-1.0,4.87269,62,2531571
chr5,122415635,122415772,.,1000,.,257.68723,-1.0,4.87269,71,122415706
chr9,85610206,85610343,.,1000,.,257.67199,-1.0,4.87269,64,85610270
chr12,51532027,51532157,.,1000,.,257.67169,-1.0,4.87269,77,51532104
chr7,137899226,137899375,.,1000,.,257.66415,-1.0,4.87269,79,137899305
chr2,191155749,191155892,.,1000,.,257.60954,-1.0,4.87269,65,191155814
chr19,43555298,43555427,.,1000,.,257.60692,-1.0,4.87269,76,43555374
chr1,206544896,206545055,.,1000,.,257.60583,-1.0,4.87269,78,206544974
chr11,121319361,121319506,.,1000,.,257.56259,-1.0,4.87269,72,121319433
chr9,130863714,130863868,.,1000,.,257.55786,-1.0,4.87269,77,130863791
chr2,74147829,74148022,.,1000,.,257.55439,-1.0,4.87269,107,74147936
chr12,54324716,54324866,.,1000,.,257.53923,-1.0,4.87269,81,54324797
chr11,117232483,117232635,.,1000,.,257.52465,-1.0,4.87269,57,117232540
chr6,123802677,123802808,.,1000,.,257.50434,-1.0,4.87269,62,123802739
chr19,16383364,16383526,.,1000,.,257.50425,-1.0,4.87269,86,16383450
chr1,159214287,159214411,.,1000,.,257.46857,-1.0,4.87269,62,159214349
chr22,46006424,46006577,.,1000,.,257.46196,-1.0,4.87269,83,46006507
chr3,36701091,36701230,.,1000,.,257.45728,-1.0,4.87269,73,36701164
chr2,84303042,84303181,.,1000,.,257.43687,-1.0,4.87269,65,84303107
chr1,181166724,181166831,.,1000,.,257.43108,-1.0,4.87269,50,181166774
chr5,172978862,172979008,.,1000,.,257.42025,-1.0,4.87269,70,172978932
chr8,2814603,2814747,.,1000,.,257.41952,-1.0,4.87269,77,2814680
chr22,17501790,17501919,.,1000,.,257.41365,-1.0,4.87269,76,17501866
chr1,147243049,147243179,.,1000,.,257.41139,-1.0,4.87269,73,147243122
chr10,30783993,30784107,.,1000,.,257.38881,-1.0,4.87269,47,30784040
chr1,147892835,147892957,.,1000,.,257.3814,-1.0,4.87269,64,147892899
chr3,4711492,4711619,.,1000,.,257.37658,-1.0,4.87269,82,4711574
chr5,61658636,61658777,.,1000,.,257.37044,-1.0,4.87269,84,61658720
chr7,83936181,83936327,.,1000,.,257.36068,-1.0,4.87269,78,83936259
chr8,103512180,103512289,.,1000,.,257.34873,-1.0,4.87269,51,103512231
chr17,30477280,30477389,.,1000,.,257.33399,-1.0,4.87269,30,30477310
chr16,88816094,88816253,.,1000,.,257.32569,-1.0,4.87269,92,88816186
chr3,46558421,46558517,.,1000,.,257.32134,-1.0,4.87269,48,46558469
chr3,160006654,160006801,.,1000,.,257.30264,-1.0,4.87269,76,160006730
chr17,2353158,2353299,.,1000,.,257.29379,-1.0,4.87269,78,2353236
chr3,48664177,48664237,.,1000,.,257.27687,-1.0,4.87269,53,48664230
chrX,155966974,155967143,.,1000,.,257.25453,-1.0,4.87269,83,155967057
chr10,6401909,6402057,.,1000,.,257.24559,-1.0,4.87269,80,6401989
chr7,35624678,35624841,.,1000,.,257.24408,-1.0,4.87269,94,35624772
chr14,23301491,23301672,.,1000,.,257.24229,-1.0,4.87269,87,23301578
chr3,193572488,193572651,.,1000,.,257.2263,-1.0,4.87269,82,193572570
chr2,128736679,128736817,.,1000,.,257.22406,-1.0,4.87269,93,128736772
chr5,126656526,126656668,.,1000,.,257.19451,-1.0,4.87269,67,126656593
chr6,1397101,1397234,.,1000,.,257.1609,-1.0,4.87269,72,1397173
chr1,67561767,67561898,.,1000,.,257.14999,-1.0,4.87269,73,67561840
chr19,45478432,45478576,.,1000,.,257.1413,-1.0,4.87269,81,45478513
chr19,57406660,57406783,.,1000,.,257.13984,-1.0,4.87269,69,57406729
chr13,21477157,21477276,.,1000,.,257.13136,-1.0,4.87269,47,21477204
chr17,45099244,45099368,.,1000,.,257.09886,-1.0,4.87269,72,45099316
chr14,64344268,64344416,.,1000,.,257.08897,-1.0,4.87269,64,64344332
chr7,2209587,2209743,.,1000,.,257.08439,-1.0,4.87269,78,2209665
chr22,38114609,38114746,.,1000,.,257.07372,-1.0,4.87269,50,38114659
chr16,57899831,57899976,.,1000,.,257.06756,-1.0,4.87269,73,57899904
chr1,186212764,186212862,.,1000,.,257.06637,-1.0,4.87269,48,186212812
chr22,30755529,30755668,.,1000,.,257.06295,-1.0,4.87269,73,30755602
chr8,133203006,133203141,.,1000,.,257.05412,-1.0,4.87269,71,133203077
chr7,2887124,2887249,.,1000,.,257.03706,-1.0,4.87269,42,2887166
chr15,57340781,57340904,.,1000,.,257.03431,-1.0,4.87269,70,57340851
chr16,579175,579335,.,1000,.,257.02842,-1.0,4.87269,81,579256
chrX,119005026,119005183,.,1000,.,257.02599,-1.0,4.87269,82,119005108
chr15,101015302,101015452,.,1000,.,257.02591,-1.0,4.87269,73,101015375
chr11,88016550,88016680,.,1000,.,257.02187,-1.0,4.87269,59,88016609
chr20,59751202,59751336,.,1000,.,257.00996,-1.0,4.87269,69,59751271
chr15,31200783,31200929,.,1000,.,257.00147,-1.0,4.87269,70,31200853
chr17,2058614,2058777,.,1000,.,256.9809,-1.0,4.87269,64,2058678
chr19,1248983,1249136,.,1000,.,256.9728,-1.0,4.87269,82,1249065
chr14,36070550,36070699,.,1000,.,256.95188,-1.0,4.87269,87,36070637
chr9,76810508,76810625,.,1000,.,256.94085,-1.0,4.87269,40,76810548
chr17,10327666,10327827,.,1000,.,256.91903,-1.0,4.87269,84,10327750
chr7,141976350,141976476,.,1000,.,256.914,-1.0,4.87269,69,141976419
chr1,183655595,183655724,.,1000,.,256.90134,-1.0,4.87269,59,183655654
chr9,33624084,33624215,.,1000,.,256.89637,-1.0,4.87269,68,33624152
chr1,155938260,155938389,.,1000,.,256.88985,-1.0,4.87269,73,155938333
chr8,140831222,140831339,.,1000,.,256.88967,-1.0,4.87269,61,140831283
chr2,170324681,170324806,.,1000,.,256.88866,-1.0,4.87269,77,170324758
chr7,151368241,151368361,.,1000,.,256.88514,-1.0,4.87269,58,151368299
chr10,70759172,70759326,.,1000,.,256.88282,-1.0,4.87269,76,70759248
chr1,172450036,172450167,.,1000,.,256.87904,-1.0,4.87269,61,172450097
chr5,173619069,173619169,.,1000,.,256.87804,-1.0,4.87269,56,173619125
chr2,118222106,118222269,.,1000,.,256.86545,-1.0,4.87269,78,118222184
chr11,131064517,131064666,.,1000,.,256.8633,-1.0,4.87269,50,131064567
chr2,208175425,208175597,.,1000,.,256.82047,-1.0,4.87269,84,208175509
chr16,85253286,85253430,.,1000,.,256.81906,-1.0,4.87269,70,85253356
chr7,100725381,100725516,.,1000,.,256.78665,-1.0,4.87269,80,100725461
chr3,85576206,85576338,.,1000,.,256.78553,-1.0,4.87269,73,85576279
chr17,75749997,75750119,.,1000,.,256.78329,-1.0,4.87269,69,75750066
chr8,129826315,129826470,.,1000,.,256.77834,-1.0,4.87269,65,129826380
chr11,67345965,67346096,.,1000,.,256.77365,-1.0,4.87269,62,67346027
chr6,116561516,116561641,.,1000,.,256.74965,-1.0,4.87269,68,116561584
chr7,41705217,41705382,.,1000,.,256.73529,-1.0,4.87269,80,41705297
chr1,23916919,23917037,.,1000,.,256.73257,-1.0,4.87269,72,23916991
chr8,142739501,142739643,.,1000,.,256.71688,-1.0,4.87269,86,142739587
chr5,127564295,127564416,.,1000,.,256.70673,-1.0,4.87269,66,127564361
chr17,50094354,50094518,.,1000,.,256.70635,-1.0,4.87269,82,50094436
chr16,3028302,3028466,.,1000,.,256.68471,-1.0,4.87269,93,3028395
chr4,9763188,9763306,.,1000,.,256.67692,-1.0,4.87269,83,9763271
chr14,103808539,103808674,.,1000,.,256.66084,-1.0,4.87269,60,103808599
chr20,44384485,44384610,.,1000,.,256.6532,-1.0,4.87269,63,44384548
chr5,134586890,134587033,.,1000,.,256.64327,-1.0,4.87269,71,134586961
chr5,33969970,33970106,.,1000,.,256.63218,-1.0,4.87269,64,33970034
chr3,196253699,196253823,.,1000,.,256.61165,-1.0,4.87269,70,196253769
chr18,35386630,35386778,.,1000,.,256.59271,-1.0,4.87269,70,35386700
chr14,22653130,22653287,.,1000,.,256.57209,-1.0,4.87269,89,22653219
chr13,27953957,27954136,.,1000,.,256.56233,-1.0,4.87269,89,27954046
chr1,180515938,180516069,.,1000,.,256.56136,-1.0,4.87269,76,180516014
chr8,90000868,90001017,.,1000,.,256.56061,-1.0,4.87269,69,90000937
chr22,24157029,24157193,.,1000,.,256.56017,-1.0,4.87269,76,24157105
chr8,56093776,56093922,.,1000,.,256.55338,-1.0,4.87269,81,56093857
chr14,102438115,102438274,.,1000,.,256.54424,-1.0,4.87269,77,102438192
chr7,117213133,117213265,.,1000,.,256.51633,-1.0,4.87269,61,117213194
chr17,7324290,7324456,.,1000,.,256.49111,-1.0,4.87269,74,7324364
chr17,37047777,37047908,.,1000,.,256.49102,-1.0,4.87269,63,37047840
chr10,119199512,119199643,.,1000,.,256.48333,-1.0,4.87269,82,119199594
chr20,35145203,35145331,.,1000,.,256.48317,-1.0,4.87269,76,35145279
chr20,45291002,45291151,.,1000,.,256.47718,-1.0,4.87269,73,45291075
chr1,51189523,51189684,.,1000,.,256.47306,-1.0,4.87269,90,51189613
chr7,135170823,135170939,.,1000,.,256.41784,-1.0,4.87269,63,135170886
chr4,56836756,56836914,.,1000,.,256.40752,-1.0,4.87269,77,56836833
chr15,76148003,76148153,.,1000,.,256.39622,-1.0,4.87269,87,76148090
chr1,167059266,167059368,.,1000,.,256.38185,-1.0,4.87269,73,167059339
chr3,3200742,3200871,.,1000,.,256.38027,-1.0,4.87269,76,3200818
chr17,49880600,49880764,.,1000,.,256.35797,-1.0,4.87269,86,49880686
chr1,31184097,31184232,.,1000,.,256.33746,-1.0,4.87269,54,31184151
chr6,150418303,150418404,.,1000,.,256.33552,-1.0,4.87269,42,150418345
chr10,102399627,102399766,.,1000,.,256.31874,-1.0,4.87269,62,102399689
chr10,97210606,97210721,.,1000,.,256.31292,-1.0,4.87269,73,97210679
chr14,59444327,59444447,.,1000,.,256.311,-1.0,4.87269,78,59444405
chr2,70617702,70617859,.,1000,.,256.30813,-1.0,4.87269,84,70617786
chr3,38346630,38346783,.,1000,.,256.30621,-1.0,4.87269,90,38346720
chr22,25362264,25362396,.,1000,.,256.29486,-1.0,4.87269,65,25362329
chr7,46352474,46352621,.,1000,.,256.29258,-1.0,4.87269,76,46352550
chr17,50169404,50169518,.,1000,.,256.28963,-1.0,4.87269,68,50169472
chr10,94444428,94444548,.,1000,.,256.28359,-1.0,4.87269,66,94444494
chr11,118171741,118171884,.,1000,.,256.27932,-1.0,4.87269,70,118171811
chr2,71001215,71001369,.,1000,.,256.27819,-1.0,4.87269,70,71001285
chr21,34630676,34630804,.,1000,.,256.27718,-1.0,4.87269,61,34630737
chr12,2813714,2813845,.,1000,.,256.26903,-1.0,4.87269,63,2813777
chr17,44350888,44351026,.,1000,.,256.2611,-1.0,4.87269,59,44350947
chr22,41926123,41926269,.,1000,.,256.25619,-1.0,4.87269,91,41926214
chr10,95363449,95363572,.,1000,.,256.2531,-1.0,4.87269,43,95363492
chr10,113563557,113563708,.,1000,.,256.24342,-1.0,4.87269,86,113563643
chr12,113174512,113174656,.,1000,.,256.2405,-1.0,4.87269,56,113174568
chr4,99405629,99405753,.,1000,.,256.22966,-1.0,4.87269,72,99405701
chr2,135710001,135710154,.,1000,.,256.22244,-1.0,4.87269,80,135710081
chr16,85275724,85275850,.,1000,.,256.19775,-1.0,4.87269,78,85275802
chr9,113591758,113591896,.,1000,.,256.18946,-1.0,4.87269,75,113591833
chr1,110780972,110781101,.,1000,.,256.16099,-1.0,4.87269,87,110781059
chr17,1515772,1515880,.,1000,.,256.14865,-1.0,4.87269,52,1515824
chr1,111769689,111769813,.,1000,.,256.13595,-1.0,4.87269,52,111769741
chr13,49997419,49997568,.,1000,.,256.13068,-1.0,4.87269,67,49997486
chr14,100383819,100383939,.,1000,.,256.11264,-1.0,4.87269,47,100383866
chr3,5057923,5058045,.,1000,.,256.0938,-1.0,4.87269,58,5057981
chr7,90346538,90346647,.,1000,.,256.08824,-1.0,4.87269,50,90346588
chr17,66728045,66728187,.,1000,.,256.08512,-1.0,4.87269,69,66728114
chr11,9758214,9758331,.,1000,.,256.06732,-1.0,4.87269,55,9758269
chr8,124440502,124440626,.,1000,.,256.06686,-1.0,4.87269,68,124440570
chr1,9110902,9111008,.,1000,.,256.0256,-1.0,4.87269,46,9110948
chr1,212291629,212291771,.,1000,.,256.02167,-1.0,4.87269,73,212291702
chr7,141650038,141650171,.,1000,.,256.00977,-1.0,4.87269,56,141650094
chr16,68704425,68704603,.,1000,.,255.96834,-1.0,4.87269,101,68704526
chr1,64137244,64137353,.,1000,.,255.96218,-1.0,4.87269,35,64137279
chr11,116276700,116276847,.,1000,.,255.9577,-1.0,4.87269,77,116276777
chr14,93219255,93219382,.,1000,.,255.95249,-1.0,4.87269,67,93219322
chr1,42146966,42147103,.,1000,.,255.93643,-1.0,4.87269,62,42147028
chr11,120802361,120802505,.,1000,.,255.93391,-1.0,4.87269,75,120802436
chr4,183262541,183262673,.,1000,.,255.93146,-1.0,4.87269,71,183262612
chr3,57397523,57397667,.,1000,.,255.91537,-1.0,4.87269,92,57397615
chr3,58630212,58630359,.,1000,.,255.87188,-1.0,4.87269,90,58630302
chr3,43996377,43996541,.,1000,.,255.84999,-1.0,4.87269,70,43996447
chr17,34146555,34146705,.,1000,.,255.83635,-1.0,4.87269,83,34146638
chr17,7834936,7835055,.,1000,.,255.83084,-1.0,4.87269,70,7835006
chr15,42704524,42704642,.,1000,.,255.81594,-1.0,4.87269,63,42704587
chr8,21915419,21915566,.,1000,.,255.8069,-1.0,4.87269,69,21915488
chr6,41424577,41424710,.,1000,.,255.80567,-1.0,4.87269,93,41424670
chr16,71537813,71537951,.,1000,.,255.79857,-1.0,4.87269,58,71537871
chr19,10942153,10942263,.,1000,.,255.7973,-1.0,4.87269,37,10942190
chr1,10338162,10338293,.,1000,.,255.79018,-1.0,4.87269,75,10338237
chr22,46803472,46803554,.,1000,.,255.75279,-1.0,4.87269,73,46803545
chr8,109325984,109326096,.,1000,.,255.75187,-1.0,4.87269,53,109326037
chr11,75205064,75205192,.,1000,.,255.72884,-1.0,4.87269,56,75205120
chr10,70221635,70221742,.,1000,.,255.70775,-1.0,4.87269,61,70221696
chr8,26655598,26655740,.,1000,.,255.68294,-1.0,4.87269,74,26655672
chr17,35142306,35142443,.,1000,.,255.68266,-1.0,4.87269,56,35142362
chr12,53345329,53345485,.,1000,.,255.68087,-1.0,4.87269,70,53345399
chr9,131762545,131762687,.,1000,.,255.65942,-1.0,4.87269,89,131762634
chr17,30340226,30340354,.,1000,.,255.64106,-1.0,4.87269,76,30340302
chr15,79381127,79381255,.,1000,.,255.6403,-1.0,4.87269,75,79381202
chr4,147708271,147708401,.,1000,.,255.62844,-1.0,4.87269,77,147708348
chr16,16861563,16861703,.,1000,.,255.62277,-1.0,4.87269,92,16861655
chr12,69879481,69879618,.,1000,.,255.59906,-1.0,4.87269,87,69879568
chr1,151934124,151934252,.,1000,.,255.58962,-1.0,4.87269,67,151934191
chr17,77066909,77067050,.,1000,.,255.57879,-1.0,4.87269,59,77066968
chr13,107205426,107205555,.,1000,.,255.57694,-1.0,4.87269,72,107205498
chr2,177149043,177149182,.,1000,.,255.57626,-1.0,4.87269,67,177149110
chr6,26607488,26607631,.,1000,.,255.53408,-1.0,4.87269,70,26607558
chr11,116732832,116732946,.,1000,.,255.52874,-1.0,4.87269,64,116732896
chr1,175146687,175146820,.,1000,.,255.51795,-1.0,4.87269,47,175146734
chr12,120265850,120266005,.,1000,.,255.51543,-1.0,4.87269,68,120265918
chr6,4156002,4156134,.,1000,.,255.51152,-1.0,4.87269,67,4156069
chr12,29552452,29552601,.,1000,.,255.50922,-1.0,4.87269,76,29552528
chr9,136842363,136842503,.,1000,.,255.50296,-1.0,4.87269,94,136842457
chr19,48584443,48584522,.,1000,.,255.48718,-1.0,4.87269,13,48584456
chr2,233054071,233054211,.,1000,.,255.48094,-1.0,4.87269,68,233054139
chr20,35992852,35992987,.,1000,.,255.46025,-1.0,4.87269,58,35992910
chr5,83718346,83718458,.,1000,.,255.45115,-1.0,4.87269,46,83718392
chr1,36703804,36703955,.,1000,.,255.44312,-1.0,4.87269,81,36703885
chr1,202719700,202719830,.,1000,.,255.4375,-1.0,4.87269,83,202719783
chr16,56356523,56356683,.,1000,.,255.43424,-1.0,4.87269,85,56356608
chr21,14864732,14864874,.,1000,.,255.40423,-1.0,4.87269,58,14864790
chr4,2764220,2764360,.,1000,.,255.39447,-1.0,4.87269,55,2764275
chr10,119489840,119489977,.,1000,.,255.39434,-1.0,4.87269,79,119489919
chr17,61412471,61412595,.,1000,.,255.39297,-1.0,4.87269,67,61412538
chr11,27486053,27486174,.,1000,.,255.37662,-1.0,4.87269,54,27486107
chr9,22008704,22008841,.,1000,.,255.37542,-1.0,4.87269,67,22008771
chr12,31653319,31653424,.,1000,.,255.3737,-1.0,4.87269,52,31653371
chrX,56764534,56764678,.,1000,.,255.36822,-1.0,4.87269,62,56764596
chr9,35955086,35955205,.,1000,.,255.36582,-1.0,4.87269,45,35955131
chr15,29139922,29140053,.,1000,.,255.3541,-1.0,4.87269,65,29139987
chr8,122733686,122733820,.,1000,.,255.33012,-1.0,4.87269,63,122733749
chr2,10835412,10835537,.,1000,.,255.32659,-1.0,4.87269,70,10835482
chr5,79556286,79556426,.,1000,.,255.32579,-1.0,4.87269,68,79556354
chr1,100463826,100463976,.,1000,.,255.29399,-1.0,4.87269,71,100463897
chr6,100002019,100002167,.,1000,.,255.28291,-1.0,4.87269,84,100002103
chr1,67149272,67149423,.,1000,.,255.27639,-1.0,4.87269,74,67149346
chr1,54996497,54996642,.,1000,.,255.27488,-1.0,4.87269,74,54996571
chr19,56309694,56309827,.,1000,.,255.26401,-1.0,4.87269,74,56309768
chr11,65626091,65626237,.,1000,.,255.26166,-1.0,4.87269,64,65626155
chr17,60638858,60638990,.,1000,.,255.25305,-1.0,4.87269,75,60638933
chr22,24521878,24522004,.,1000,.,255.24899,-1.0,4.87269,63,24521941
chr13,27830055,27830197,.,1000,.,255.22633,-1.0,4.87269,68,27830123
chr22,22942821,22943037,.,1000,.,255.22376,-1.0,4.87269,108,22942929
chr12,91382151,91382280,.,1000,.,255.21831,-1.0,4.87269,54,91382205
chr10,102132561,102132695,.,1000,.,255.21524,-1.0,4.87269,67,102132628
chr19,41785688,41785831,.,1000,.,255.20718,-1.0,4.87269,81,41785769
chr2,70965034,70965136,.,1000,.,255.18402,-1.0,4.87269,58,70965092
chr20,41173268,41173383,.,1000,.,255.17503,-1.0,4.87269,38,41173306
chr13,23889467,23889591,.,1000,.,255.17389,-1.0,4.87269,60,23889527
chr1,78145171,78145305,.,1000,.,255.15326,-1.0,4.87269,76,78145247
chr1,167267960,167268086,.,1000,.,255.14703,-1.0,4.87269,55,167268015
chr20,38731583,38731743,.,1000,.,255.12199,-1.0,4.87269,82,38731665
chr8,22036891,22037021,.,1000,.,255.12038,-1.0,4.87269,66,22036957
chr21,37009960,37010112,.,1000,.,255.11693,-1.0,4.87269,87,37010047
chr16,29692077,29692185,.,1000,.,255.107,-1.0,4.87269,55,29692132
chr3,10344238,10344392,.,1000,.,255.08266,-1.0,4.87269,82,10344320
chr12,6869518,6869665,.,1000,.,255.05424,-1.0,4.87269,66,6869584
chr1,54945209,54945354,.,1000,.,255.04722,-1.0,4.87269,77,54945286
chr4,40719198,40719271,.,1000,.,255.0419,-1.0,4.87269,25,40719223
chr2,74250222,74250364,.,1000,.,255.04098,-1.0,4.87269,73,74250295
chr12,49778253,49778408,.,1000,.,255.01081,-1.0,4.87269,86,49778339
chr20,53869914,53870043,.,1000,.,255.00962,-1.0,4.87269,59,53869973
chr20,39081276,39081419,.,1000,.,254.98938,-1.0,4.87269,80,39081356
chr2,147082999,147083128,.,1000,.,254.98546,-1.0,4.87269,56,147083055
chr5,4879803,4879939,.,1000,.,254.97974,-1.0,4.87269,84,4879887
chr11,19903639,19903786,.,1000,.,254.9772,-1.0,4.87269,78,19903717
chr15,38690856,38690985,.,1000,.,254.97313,-1.0,4.87269,70,38690926
chr10,101050360,101050532,.,1000,.,254.96928,-1.0,4.87269,78,101050438
chr5,132238369,132238517,.,1000,.,254.95675,-1.0,4.87269,66,132238435
chr1,8849006,8849152,.,1000,.,254.9473,-1.0,4.87269,71,8849077
chr12,56119470,56119619,.,1000,.,254.93605,-1.0,4.87269,66,56119536
chr17,68463088,68463230,.,1000,.,254.93444,-1.0,4.87269,75,68463163
chr8,38768399,38768537,.,1000,.,254.93031,-1.0,4.87269,89,38768488
chr2,97590881,97590990,.,1000,.,254.916,-1.0,4.87269,84,97590965
chr6,16331432,16331550,.,1000,.,254.91401,-1.0,4.87269,75,16331507
chr9,34899682,34899799,.,1000,.,254.88638,-1.0,4.87269,69,34899751
chr4,183261995,183262136,.,1000,.,254.88488,-1.0,4.87269,67,183262062
chr6,161373971,161374118,.,1000,.,254.88182,-1.0,4.87269,88,161374059
chr9,126705368,126705494,.,1000,.,254.87968,-1.0,4.87269,64,126705432
chr17,7913094,7913199,.,1000,.,254.87371,-1.0,4.87269,24,7913118
chr2,72771005,72771127,.,1000,.,254.83365,-1.0,4.87269,55,72771060
chr5,133423905,133424047,.,1000,.,254.81778,-1.0,4.87269,78,133423983
chr8,40034085,40034259,.,1000,.,254.81704,-1.0,4.87269,92,40034177
chr3,129399668,129399787,.,1000,.,254.81451,-1.0,4.87269,79,129399747
chr2,191812254,191812392,.,1000,.,254.80707,-1.0,4.87269,61,191812315
chr15,40217313,40217441,.,1000,.,254.80295,-1.0,4.87269,54,40217367
chr4,40309357,40309483,.,1000,.,254.79421,-1.0,4.87269,62,40309419
chr1,182595808,182595906,.,1000,.,254.79177,-1.0,4.87269,35,182595843
chr17,42312312,42312461,.,1000,.,254.79003,-1.0,4.87269,73,42312385
chr8,94813586,94813739,.,1000,.,254.77651,-1.0,4.87269,75,94813661
chr9,111299447,111299574,.,1000,.,254.77247,-1.0,4.87269,81,111299528
chr8,61563365,61563488,.,1000,.,254.76993,-1.0,4.87269,66,61563431
chr2,30714205,30714302,.,1000,.,254.74923,-1.0,4.87269,57,30714262
chr6,52652157,52652282,.,1000,.,254.74413,-1.0,4.87269,69,52652226
chr12,31272018,31272135,.,1000,.,254.74054,-1.0,4.87269,50,31272068
chr2,27754248,27754373,.,1000,.,254.72685,-1.0,4.87269,70,27754318
chr2,218396016,218396143,.,1000,.,254.71219,-1.0,4.87269,75,218396091
chr17,66567326,66567465,.,1000,.,254.70709,-1.0,4.87269,68,66567394
chr21,32601125,32601267,.,1000,.,254.66902,-1.0,4.87269,72,32601197
chr18,5868319,5868452,.,1000,.,254.6586,-1.0,4.87269,58,5868377
chr5,149382000,149382115,.,1000,.,254.65598,-1.0,4.87269,55,149382055
chr14,32560393,32560516,.,1000,.,254.65551,-1.0,4.87269,68,32560461
chr8,66428901,66429034,.,1000,.,254.65507,-1.0,4.87269,54,66428955
chr3,130759836,130759970,.,1000,.,254.64952,-1.0,4.87269,86,130759922
chr7,151759658,151759798,.,1000,.,254.64545,-1.0,4.87269,66,151759724
chr10,22989005,22989146,.,1000,.,254.64184,-1.0,4.87269,55,22989060
chr5,134184291,134184419,.,1000,.,254.62779,-1.0,4.87269,63,134184354
chr3,58187848,58187974,.,1000,.,254.62178,-1.0,4.87269,53,58187901
chr2,199980158,199980314,.,1000,.,254.6148,-1.0,4.87269,64,199980222
chr2,200901569,200901724,.,1000,.,254.6003,-1.0,4.87269,92,200901661
chr19,33406956,33407093,.,1000,.,254.59718,-1.0,4.87269,63,33407019
chr1,21659188,21659352,.,1000,.,254.59291,-1.0,4.87269,84,21659272
chr6,5471076,5471230,.,1000,.,254.5816,-1.0,4.87269,74,5471150
chr22,35583160,35583294,.,1000,.,254.56487,-1.0,4.87269,82,35583242
chr18,23622359,23622481,.,1000,.,254.56142,-1.0,4.87269,63,23622422
chr12,2583121,2583291,.,1000,.,254.55784,-1.0,4.87269,85,2583206
chr20,1313619,1313740,.,1000,.,254.55215,-1.0,4.87269,53,1313672
chr19,18168270,18168413,.,1000,.,254.55152,-1.0,4.87269,76,18168346
chr16,47144383,47144530,.,1000,.,254.5511,-1.0,4.87269,73,47144456
chr12,120714015,120714153,.,1000,.,254.54964,-1.0,4.87269,69,120714084
chr1,3724513,3724679,.,1000,.,254.5496,-1.0,4.87269,84,3724597
chr5,163408564,163408712,.,1000,.,254.53928,-1.0,4.87269,77,163408641
chr12,54579809,54579922,.,1000,.,254.53901,-1.0,4.87269,82,54579891
chr7,151315186,151315293,.,1000,.,254.53584,-1.0,4.87269,51,151315237
chr6,35737626,35737762,.,1000,.,254.51964,-1.0,4.87269,93,35737719
chr19,9136600,9136751,.,1000,.,254.49935,-1.0,4.87269,70,9136670
chr1,17502443,17502581,.,1000,.,254.49222,-1.0,4.87269,52,17502495
chr12,56189626,56189764,.,1000,.,254.48475,-1.0,4.87269,75,56189701
chr17,58249761,58249902,.,1000,.,254.47585,-1.0,4.87269,77,58249838
chr3,185983634,185983759,.,1000,.,254.4723,-1.0,4.87269,65,185983699
chr21,36112907,36113047,.,1000,.,254.43937,-1.0,4.87269,46,36112953
chr20,37384797,37384924,.,1000,.,254.43771,-1.0,4.87269,68,37384865
chr19,47707410,47707555,.,1000,.,254.42438,-1.0,4.87269,68,47707478
chr4,93791713,93791841,.,1000,.,254.42363,-1.0,4.87269,75,93791788
chr18,32714663,32714789,.,1000,.,254.40686,-1.0,4.87269,72,32714735
chr1,39098774,39098888,.,1000,.,254.40135,-1.0,4.87269,61,39098835
chr3,159805262,159805394,.,1000,.,254.38663,-1.0,4.87269,83,159805345
chr12,47767251,47767381,.,1000,.,254.38266,-1.0,4.87269,71,47767322
chr3,45660131,45660299,.,1000,.,254.37011,-1.0,4.87269,79,45660210
chr6,12894013,12894155,.,1000,.,254.36643,-1.0,4.87269,50,12894063
chr9,83544508,83544638,.,1000,.,254.35776,-1.0,4.87269,73,83544581
chr9,91734502,91734620,.,1000,.,254.34713,-1.0,4.87269,52,91734554
chr1,19715726,19715845,.,1000,.,254.33663,-1.0,4.87269,56,19715782
chr19,45864137,45864297,.,1000,.,254.31313,-1.0,4.87269,75,45864212
chr1,15304872,15304989,.,1000,.,254.3058,-1.0,4.87269,43,15304915
chr7,98433434,98433568,.,1000,.,254.30297,-1.0,4.87269,75,98433509
chr1,26997759,26997889,.,1000,.,254.30183,-1.0,4.87269,58,26997817
chr6,122492043,122492183,.,1000,.,254.29491,-1.0,4.87269,70,122492113
chr6,32245018,32245162,.,1000,.,254.27503,-1.0,4.87269,84,32245102
chr15,80970131,80970282,.,1000,.,254.24679,-1.0,4.87269,90,80970221
chr15,45457663,45457804,.,1000,.,254.20981,-1.0,4.87269,68,45457731
chr16,71499900,71500012,.,1000,.,254.2041,-1.0,4.87269,51,71499951
chr22,31085286,31085410,.,1000,.,254.20027,-1.0,4.87269,73,31085359
chr2,130372591,130372742,.,1000,.,254.19486,-1.0,4.87269,78,130372669
chr2,61993556,61993688,.,1000,.,254.18793,-1.0,4.87269,65,61993621
chr14,89915392,89915522,.,1000,.,254.17238,-1.0,4.87269,74,89915466
chr15,47196085,47196249,.,1000,.,254.16977,-1.0,4.87269,93,47196178
chr7,25851726,25851866,.,1000,.,254.1694,-1.0,4.87269,70,25851796
chr17,78708634,78708733,.,1000,.,254.16555,-1.0,4.87269,68,78708702
chr6,33585733,33585851,.,1000,.,254.15282,-1.0,4.87269,73,33585806
chr2,27703876,27704006,.,1000,.,254.1471,-1.0,4.87269,63,27703939
chr2,38536201,38536318,.,1000,.,254.1303,-1.0,4.87269,63,38536264
chr17,77495028,77495175,.,1000,.,254.11035,-1.0,4.87269,95,77495123
chr17,8383224,8383444,.,1000,.,254.10746,-1.0,4.87269,91,8383315
chr11,33829654,33829777,.,1000,.,254.10141,-1.0,4.87269,66,33829720
chr21,31580896,31581035,.,1000,.,254.09796,-1.0,4.87269,63,31580959
chr5,158175031,158175176,.,1000,.,254.09631,-1.0,4.87269,80,158175111
chr10,96765795,96765896,.,1000,.,254.08865,-1.0,4.87269,41,96765836
chr15,66862959,66863089,.,1000,.,254.07991,-1.0,4.87269,63,66863022
chr6,137094464,137094596,.,1000,.,254.0785,-1.0,4.87269,81,137094545
chr4,41212745,41212856,.,1000,.,254.06162,-1.0,4.87269,52,41212797
chr17,42763543,42763676,.,1000,.,254.06136,-1.0,4.87269,63,42763606
chr11,60970429,60970566,.,1000,.,254.04257,-1.0,4.87269,75,60970504
chr4,74932864,74932988,.,1000,.,254.01798,-1.0,4.87269,87,74932951
chr10,50224465,50224591,.,1000,.,254.01718,-1.0,4.87269,66,50224531
chr4,94406803,94406924,.,1000,.,254.01446,-1.0,4.87269,74,94406877
chr7,95916697,95916838,.,1000,.,254.01066,-1.0,4.87269,60,95916757
chr8,85297494,85297630,.,1000,.,254.00409,-1.0,4.87269,77,85297571
chr21,17925168,17925278,.,1000,.,253.98561,-1.0,4.87269,33,17925201
chr2,42096055,42096170,.,1000,.,253.97856,-1.0,4.87269,47,42096102
chr9,75077294,75077402,.,1000,.,253.97312,-1.0,4.87269,55,75077349
chr9,92134041,92134178,.,1000,.,253.97296,-1.0,4.87269,62,92134103
chr19,51259469,51259612,.,1000,.,253.97131,-1.0,4.87269,71,51259540
chr7,137592386,137592515,.,1000,.,253.9674,-1.0,4.87269,73,137592459
chr17,65231840,65231970,.,1000,.,253.95449,-1.0,4.87269,52,65231892
chr17,82494804,82494946,.,1000,.,253.93663,-1.0,4.87269,58,82494862
chr15,65385701,65385833,.,1000,.,253.91069,-1.0,4.87269,82,65385783
chr15,40589887,40590023,.,1000,.,253.9004,-1.0,4.87269,65,40589952
chr18,11995561,11995663,.,1000,.,253.87491,-1.0,4.87269,41,11995602
chr14,20697860,20697986,.,1000,.,253.8703,-1.0,4.87269,55,20697915
chr5,100430434,100430551,.,1000,.,253.86197,-1.0,4.87269,39,100430473
chr2,160110081,160110197,.,1000,.,253.82032,-1.0,4.87269,63,160110144
chr18,3771442,3771558,.,1000,.,253.82011,-1.0,4.87269,67,3771509
chr20,50460850,50461011,.,1000,.,253.8183,-1.0,4.87269,91,50460941
chr9,131755734,131755861,.,1000,.,253.79498,-1.0,4.87269,51,131755785
chr17,76408665,76408786,.,1000,.,253.78493,-1.0,4.87269,80,76408745
chr17,2382685,2382805,.,1000,.,253.77457,-1.0,4.87269,61,2382746
chr17,75271199,75271387,.,1000,.,253.75676,-1.0,4.87269,87,75271286
chr17,58317530,58317652,.,1000,.,253.75604,-1.0,4.87269,38,58317568
chr5,112420370,112420533,.,1000,.,253.74952,-1.0,4.87269,82,112420452
chr4,139530953,139531097,.,1000,.,253.74448,-1.0,4.87269,69,139531022
chr6,105087727,105087833,.,1000,.,253.73106,-1.0,4.87269,47,105087774
chr2,131413279,131413407,.,1000,.,253.72801,-1.0,4.87269,64,131413343
chr1,46340714,46340819,.,1000,.,253.71322,-1.0,4.87269,43,46340757
chr12,9798140,9798227,.,1000,.,253.71012,-1.0,4.87269,67,9798207
chr11,6443516,6443669,.,1000,.,253.70193,-1.0,4.87269,78,6443594
chr9,125374851,125374958,.,1000,.,253.69814,-1.0,4.87269,48,125374899
chr7,141012217,141012349,.,1000,.,253.68714,-1.0,4.87269,54,141012271
chr12,122860398,122860502,.,1000,.,253.66987,-1.0,4.87269,27,122860425
chr9,34591794,34591945,.,1000,.,253.66844,-1.0,4.87269,76,34591870
chr2,213153808,213153915,.,1000,.,253.66434,-1.0,4.87269,53,213153861
chr19,40139942,40140056,.,1000,.,253.6535,-1.0,4.87269,49,40139991
chr22,37166650,37166765,.,1000,.,253.65088,-1.0,4.87269,55,37166705
chr19,47483865,47483997,.,1000,.,253.65055,-1.0,4.87269,73,47483938
chr11,448371,448488,.,1000,.,253.64395,-1.0,4.87269,62,448433
chr20,43187869,43187965,.,1000,.,253.64209,-1.0,4.87269,62,43187931
chr1,26417130,26417266,.,1000,.,253.6311,-1.0,4.87269,91,26417221
chr2,231558022,231558134,.,1000,.,253.63072,-1.0,4.87269,38,231558060
chr8,6840752,6840870,.,1000,.,253.60924,-1.0,4.87269,63,6840815
chr8,27727370,27727446,.,1000,.,253.60209,-1.0,4.87269,52,27727422
chr8,134886519,134886646,.,1000,.,253.5952,-1.0,4.87269,80,134886599
chr19,47427377,47427512,.,1000,.,253.57699,-1.0,4.87269,73,47427450
chr16,67279381,67279520,.,1000,.,253.56435,-1.0,4.87269,70,67279451
chr6,15491503,15491647,.,1000,.,253.55426,-1.0,4.87269,77,15491580
chr14,77070752,77070886,.,1000,.,253.54932,-1.0,4.87269,95,77070847
chr18,45621067,45621221,.,1000,.,253.52595,-1.0,4.87269,83,45621150
chr3,141875605,141875739,.,1000,.,253.51851,-1.0,4.87269,61,141875666
chr17,7045871,7046011,.,1000,.,253.513,-1.0,4.87269,80,7045951
chr1,150050701,150050848,.,1000,.,253.50743,-1.0,4.87269,74,150050775
chr9,121686980,121687122,.,1000,.,253.5026,-1.0,4.87269,65,121687045
chr17,15502933,15503072,.,1000,.,253.4841,-1.0,4.87269,53,15502986
chr9,122099397,122099525,.,1000,.,253.48243,-1.0,4.87269,66,122099463
chr2,74199114,74199267,.,1000,.,253.45653,-1.0,4.87269,76,74199190
chr22,36757699,36757838,.,1000,.,253.42007,-1.0,4.87269,70,36757769
chrX,102863866,102863998,.,1000,.,253.40297,-1.0,4.87269,57,102863923
chr10,76036461,76036599,.,1000,.,253.39863,-1.0,4.87269,57,76036518
chr22,26679129,26679283,.,1000,.,253.39415,-1.0,4.87269,70,26679199
chr3,116758339,116758449,.,1000,.,253.38087,-1.0,4.87269,55,116758394
chr11,10307912,10308057,.,1000,.,253.37966,-1.0,4.87269,57,10307969
chr14,81464650,81464764,.,1000,.,253.37834,-1.0,4.87269,57,81464707
chr6,33711778,33711916,.,1000,.,253.36646,-1.0,4.87269,76,33711854
chr16,85659877,85660008,.,1000,.,253.34709,-1.0,4.87269,60,85659937
chr12,102769696,102769834,.,1000,.,253.34131,-1.0,4.87269,60,102769756
chr19,12672128,12672283,.,1000,.,253.3148,-1.0,4.87269,81,12672209
chr3,32781569,32781710,.,1000,.,253.2984,-1.0,4.87269,85,32781654
chr19,40806988,40807150,.,1000,.,253.29322,-1.0,4.87269,75,40807063
chr6,37208136,37208256,.,1000,.,253.293,-1.0,4.87269,63,37208199
chr9,84315399,84315535,.,1000,.,253.28554,-1.0,4.87269,73,84315472
chr12,64802322,64802470,.,1000,.,253.28493,-1.0,4.87269,71,64802393
chr5,73591233,73591386,.,1000,.,253.2843,-1.0,4.87269,71,73591304
chr14,96275622,96275771,.,1000,.,253.27394,-1.0,4.87269,82,96275704
chr15,40679162,40679315,.,1000,.,253.25909,-1.0,4.87269,79,40679241
chr15,68253040,68253165,.,1000,.,253.25669,-1.0,4.87269,72,68253112
chr10,77165851,77165997,.,1000,.,253.25254,-1.0,4.87269,71,77165922
chr15,72722178,72722314,.,1000,.,253.23899,-1.0,4.87269,88,72722266
chr4,143774112,143774220,.,1000,.,253.23202,-1.0,4.87269,52,143774164
chr5,151051760,151051907,.,1000,.,253.23136,-1.0,4.87269,75,151051835
chr5,32232545,32232678,.,1000,.,253.22426,-1.0,4.87269,86,32232631
chr19,44800564,44800743,.,1000,.,253.22104,-1.0,4.87269,92,44800656
chr1,99180412,99180525,.,1000,.,253.19683,-1.0,4.87269,41,99180453
chr20,43449083,43449246,.,1000,.,253.17776,-1.0,4.87269,65,43449148
chr9,21455433,21455589,.,1000,.,253.16352,-1.0,4.87269,70,21455503
chr8,11467670,11467823,.,1000,.,253.13492,-1.0,4.87269,93,11467763
chr2,70871617,70871765,.,1000,.,253.13379,-1.0,4.87269,71,70871688
chr9,83334363,83334479,.,1000,.,253.12106,-1.0,4.87269,57,83334420
chr10,110354408,110354531,.,1000,.,253.10939,-1.0,4.87269,80,110354488
chr3,128970354,128970526,.,1000,.,253.10902,-1.0,4.87269,83,128970437
chr1,211680813,211680941,.,1000,.,253.10369,-1.0,4.87269,91,211680904
chr1,9455909,9456019,.,1000,.,253.04668,-1.0,4.87269,51,9455960
chr10,94362927,94363143,.,1000,.,253.04374,-1.0,4.87269,108,94363035
chr22,31561404,31561533,.,1000,.,253.03728,-1.0,4.87269,49,31561453
chr15,66774458,66774608,.,1000,.,253.03633,-1.0,4.87269,71,66774529
chr16,85245747,85245886,.,1000,.,253.02437,-1.0,4.87269,72,85245819
chr12,4855574,4855703,.,1000,.,252.99249,-1.0,4.87269,49,4855623
chr12,103575392,103575526,.,1000,.,252.97606,-1.0,4.87269,61,103575453
chr7,105652479,105652618,.,1000,.,252.96708,-1.0,4.87269,61,105652540
chr19,6022414,6022548,.,1000,.,252.96201,-1.0,4.87269,53,6022467
chr12,12564132,12564259,.,1000,.,252.95936,-1.0,4.87269,77,12564209
chr1,231357951,231358067,.,1000,.,252.95888,-1.0,4.87269,61,231358012
chr1,6554526,6554655,.,1000,.,252.95188,-1.0,4.87269,69,6554595
chr1,110197005,110197167,.,1000,.,252.94701,-1.0,4.87269,85,110197090
chr6,31137526,31137659,.,1000,.,252.93906,-1.0,4.87269,82,31137608
chr12,107131902,107132040,.,1000,.,252.93871,-1.0,4.87269,70,107131972
chr13,42334185,42334312,.,1000,.,252.90747,-1.0,4.87269,66,42334251
chr22,44085845,44085986,.,1000,.,252.89456,-1.0,4.87269,73,44085918
chr1,21964078,21964199,.,1000,.,252.88638,-1.0,4.87269,84,21964162
chr14,22391996,22392109,.,1000,.,252.88168,-1.0,4.87269,38,22392034
chr7,117119625,117119700,.,1000,.,252.87094,-1.0,4.87269,21,117119646
chr5,172293613,172293728,.,1000,.,252.86064,-1.0,4.87269,62,172293675
chr17,66715816,66715948,.,1000,.,252.8532,-1.0,4.87269,74,66715890
chr2,30115805,30115936,.,1000,.,252.84466,-1.0,4.87269,71,30115876
chr14,101707421,101707547,.,1000,.,252.84287,-1.0,4.87269,59,101707480
chr3,10225011,10225162,.,1000,.,252.83557,-1.0,4.87269,85,10225096
chr17,74960781,74960932,.,1000,.,252.82339,-1.0,4.87269,75,74960856
chr2,41782693,41782831,.,1000,.,252.82119,-1.0,4.87269,64,41782757
chr14,20971504,20971638,.,1000,.,252.80689,-1.0,4.87269,82,20971586
chr10,73096778,73096922,.,1000,.,252.79989,-1.0,4.87269,87,73096865
chr12,107912439,107912572,.,1000,.,252.78039,-1.0,4.87269,66,107912505
chr3,183386115,183386269,.,1000,.,252.76095,-1.0,4.87269,73,183386188
chr10,52780220,52780348,.,1000,.,252.75217,-1.0,4.87269,74,52780294
chr5,79858271,79858396,.,1000,.,252.74384,-1.0,4.87269,42,79858313
chr12,108951294,108951399,.,1000,.,252.7242,-1.0,4.87269,24,108951318
chr1,47726383,47726531,.,1000,.,252.70044,-1.0,4.87269,66,47726449
chr10,44864941,44865069,.,1000,.,252.68982,-1.0,4.87269,71,44865012
chr14,76647832,76647953,.,1000,.,252.6798,-1.0,4.87269,61,76647893
chr18,61581941,61582082,.,1000,.,252.67693,-1.0,4.87269,72,61582013
chr18,45974203,45974323,.,1000,.,252.67501,-1.0,4.87269,63,45974266
chr12,103548762,103548870,.,1000,.,252.66324,-1.0,4.87269,46,103548808
chr20,50120936,50121087,.,1000,.,252.65799,-1.0,4.87269,82,50121018
chr17,75633019,75633144,.,1000,.,252.65259,-1.0,4.87269,69,75633088
chr3,124559960,124560098,.,1000,.,252.64967,-1.0,4.87269,65,124560025
chr6,7238906,7239040,.,1000,.,252.64311,-1.0,4.87269,77,7238983
chr6,99330193,99330314,.,1000,.,252.57722,-1.0,4.87269,83,99330276
chr12,109393861,109394005,.,1000,.,252.5764,-1.0,4.87269,75,109393936
chr12,113912822,113912969,.,1000,.,252.55188,-1.0,4.87269,71,113912893
chr17,7177526,7177650,.,1000,.,252.54709,-1.0,4.87269,55,7177581
chr1,19582371,19582503,.,1000,.,252.54247,-1.0,4.87269,59,19582430
chr1,103515038,103515189,.,1000,.,252.54176,-1.0,4.87269,76,103515114
chr20,37195679,37195785,.,1000,.,252.52222,-1.0,4.87269,55,37195734
chr1,32400934,32401090,.,1000,.,252.49182,-1.0,4.87269,73,32401007
chr12,48996874,48997000,.,1000,.,252.4865,-1.0,4.87269,38,48996912
chr20,51372406,51372520,.,1000,.,252.48192,-1.0,4.87269,63,51372469
chr11,59208072,59208195,.,1000,.,252.45663,-1.0,4.87269,46,59208118
chr5,35926601,35926712,.,1000,.,252.45636,-1.0,4.87269,33,35926634
chr1,212995613,212995727,.,1000,.,252.45307,-1.0,4.87269,63,212995676
chr19,1605895,1606044,.,1000,.,252.44395,-1.0,4.87269,76,1605971
chr18,61322389,61322506,.,1000,.,252.44275,-1.0,4.87269,58,61322447
chr12,59113850,59113997,.,1000,.,252.4317,-1.0,4.87269,84,59113934
chr8,26571361,26571447,.,1000,.,252.4213,-1.0,4.87269,44,26571405
chr18,54444441,54444571,.,1000,.,252.41231,-1.0,4.87269,68,54444509
chr1,169586424,169586560,.,1000,.,252.4118,-1.0,4.87269,73,169586497
chr18,27599339,27599468,.,1000,.,252.399,-1.0,4.87269,64,27599403
chr19,734146,734288,.,1000,.,252.39285,-1.0,4.87269,87,734233
chr7,135801206,135801292,.,1000,.,252.37648,-1.0,4.87269,55,135801261
chr1,171313934,171314070,.,1000,.,252.37535,-1.0,4.87269,67,171314001
chr17,67603101,67603242,.,1000,.,252.33991,-1.0,4.87269,86,67603187
chr1,167533922,167534043,.,1000,.,252.33778,-1.0,4.87269,73,167533995
chr12,8544340,8544482,.,1000,.,252.33353,-1.0,4.87269,87,8544427
chr2,157497757,157497858,.,1000,.,252.33271,-1.0,4.87269,48,157497805
chr1,159132403,159132561,.,1000,.,252.33096,-1.0,4.87269,72,159132475
chr7,99313021,99313158,.,1000,.,252.33022,-1.0,4.87269,73,99313094
chr7,135169205,135169343,.,1000,.,252.32681,-1.0,4.87269,73,135169278
chr18,76709915,76710030,.,1000,.,252.31963,-1.0,4.87269,53,76709968
chr1,90721536,90721680,.,1000,.,252.31351,-1.0,4.87269,68,90721604
chr12,27940925,27941051,.,1000,.,252.30286,-1.0,4.87269,61,27940986
chr15,60917072,60917176,.,1000,.,252.28949,-1.0,4.87269,38,60917110
chr12,96516822,96516938,.,1000,.,252.28923,-1.0,4.87269,66,96516888
chr19,4811771,4811928,.,1000,.,252.27668,-1.0,4.87269,85,4811856
chr14,59127264,59127391,.,1000,.,252.27517,-1.0,4.87269,70,59127334
chr11,44095538,44095706,.,1000,.,252.26888,-1.0,4.87269,98,44095636
chr1,201448217,201448338,.,1000,.,252.26245,-1.0,4.87269,59,201448276
chr17,16991498,16991645,.,1000,.,252.26155,-1.0,4.87269,86,16991584
chr10,113521303,113521455,.,1000,.,252.23794,-1.0,4.87269,83,113521386
chr4,122716959,122717119,.,1000,.,252.23749,-1.0,4.87269,75,122717034
chr3,113745233,113745352,.,1000,.,252.22839,-1.0,4.87269,72,113745305
chr10,23158469,23158631,.,1000,.,252.22633,-1.0,4.87269,85,23158554
chr1,145845523,145845659,.,1000,.,252.21394,-1.0,4.87269,72,145845595
chr12,90978306,90978413,.,1000,.,252.17456,-1.0,4.87269,63,90978369
chr10,3043653,3043790,.,1000,.,252.17167,-1.0,4.87269,92,3043745
chr3,50519620,50519721,.,1000,.,252.16843,-1.0,4.87269,55,50519675
chr17,77086620,77086740,.,1000,.,252.15628,-1.0,4.87269,50,77086670
chr9,21111140,21111194,.,1000,.,252.12918,-1.0,4.87269,6,21111146
chr9,35477349,35477456,.,1000,.,252.1256,-1.0,4.87269,83,35477432
chr3,51502156,51502266,.,1000,.,252.12529,-1.0,4.87269,55,51502211
chr20,46132722,46132871,.,1000,.,252.12163,-1.0,4.87269,80,46132802
chr8,47305063,47305194,.,1000,.,252.12095,-1.0,4.87269,82,47305145
chr11,65510877,65510984,.,1000,.,252.10885,-1.0,4.87269,63,65510940
chr18,61901491,61901644,.,1000,.,252.10065,-1.0,4.87269,73,61901564
chr2,152740845,152740993,.,1000,.,252.10038,-1.0,4.87269,87,152740932
chr3,9503329,9503457,.,1000,.,252.07101,-1.0,4.87269,53,9503382
chr6,83057859,83057995,.,1000,.,252.05654,-1.0,4.87269,52,83057911
chr14,22387521,22387647,.,1000,.,252.04906,-1.0,4.87269,76,22387597
chr11,86456226,86456348,.,1000,.,252.00097,-1.0,4.87269,54,86456280
chr11,102666470,102666619,.,1000,.,251.98731,-1.0,4.87269,74,102666544
chrX,53317593,53317713,.,1000,.,251.98396,-1.0,4.87269,59,53317652
chr11,44621248,44621401,.,1000,.,251.96982,-1.0,4.87269,63,44621311
chr6,13229202,13229357,.,1000,.,251.94342,-1.0,4.87269,63,13229265
chr5,135560922,135561044,.,1000,.,251.94331,-1.0,4.87269,57,135560979
chr15,92521659,92521777,.,1000,.,251.93172,-1.0,4.87269,70,92521729
chr7,37284820,37284977,.,1000,.,251.93145,-1.0,4.87269,83,37284903
chr3,53220012,53220135,.,1000,.,251.91159,-1.0,4.87269,62,53220074
chr7,130897062,130897203,.,1000,.,251.90126,-1.0,4.87269,79,130897141
chr5,40755973,40756103,.,1000,.,251.89873,-1.0,4.87269,75,40756048
chr1,23497155,23497316,.,1000,.,251.89259,-1.0,4.87269,84,23497239
chr20,38057666,38057775,.,1000,.,251.88824,-1.0,4.87269,53,38057719
chr22,30287875,30288010,.,1000,.,251.86867,-1.0,4.87269,74,30287949
chr17,66906798,66906926,.,1000,.,251.86319,-1.0,4.87269,76,66906874
chr1,155045024,155045153,.,1000,.,251.85856,-1.0,4.87269,57,155045081
chr11,118659576,118659741,.,1000,.,251.85374,-1.0,4.87269,64,118659640
chr17,77056356,77056504,.,1000,.,251.84335,-1.0,4.87269,77,77056433
chr22,24423780,24423955,.,1000,.,251.84202,-1.0,4.87269,97,24423877
chr7,73667754,73667888,.,1000,.,251.83804,-1.0,4.87269,72,73667826
chr4,55346570,55346685,.,1000,.,251.82218,-1.0,4.87269,53,55346623
chr5,40688258,40688383,.,1000,.,251.8171,-1.0,4.87269,75,40688333
chr5,181159380,181159536,.,1000,.,251.78208,-1.0,4.87269,90,181159470
chr5,43389874,43390009,.,1000,.,251.78023,-1.0,4.87269,84,43389958
chr19,35114705,35114827,.,1000,.,251.77125,-1.0,4.87269,68,35114773
chr6,29738168,29738284,.,1000,.,251.75619,-1.0,4.87269,66,29738234
chr12,54749345,54749452,.,1000,.,251.75305,-1.0,4.87269,41,54749386
chr11,62881321,62881434,.,1000,.,251.73563,-1.0,4.87269,59,62881380
chr22,42621627,42621776,.,1000,.,251.72062,-1.0,4.87269,71,42621698
chr11,1574788,1574917,.,1000,.,251.70081,-1.0,4.87269,67,1574855
chr13,39145055,39145197,.,1000,.,251.69564,-1.0,4.87269,71,39145126
chr13,46321770,46321869,.,1000,.,251.69508,-1.0,4.87269,33,46321803
chr4,7987514,7987629,.,1000,.,251.63841,-1.0,4.87269,58,7987572
chr12,27733183,27733324,.,1000,.,251.61603,-1.0,4.87269,64,27733247
chr17,76681353,76681497,.,1000,.,251.61426,-1.0,4.87269,63,76681416
chr9,93109299,93109421,.,1000,.,251.59775,-1.0,4.87269,56,93109355
chr6,170517140,170517272,.,1000,.,251.59773,-1.0,4.87269,69,170517209
chr11,76721890,76722015,.,1000,.,251.59325,-1.0,4.87269,54,76721944
chr10,96396042,96396189,.,1000,.,251.58925,-1.0,4.87269,87,96396129
chr12,12788902,12789035,.,1000,.,251.58826,-1.0,4.87269,74,12788976
chr10,77719661,77719798,.,1000,.,251.58008,-1.0,4.87269,83,77719744
chr11,66134675,66134795,.,1000,.,251.57921,-1.0,4.87269,55,66134730
chr7,67378316,67378435,.,1000,.,251.55742,-1.0,4.87269,67,67378383
chr11,120685046,120685175,.,1000,.,251.55618,-1.0,4.87269,53,120685099
chr6,27772569,27772685,.,1000,.,251.54735,-1.0,4.87269,52,27772621
chr3,106609864,106609968,.,1000,.,251.5181,-1.0,4.87269,39,106609903
chr1,46446960,46447088,.,1000,.,251.51619,-1.0,4.87269,59,46447019
chr16,84672435,84672561,.,1000,.,251.50158,-1.0,4.87269,63,84672498
chr4,90315212,90315333,.,1000,.,251.49429,-1.0,4.87269,62,90315274
chr15,60520895,60521047,.,1000,.,251.4792,-1.0,4.87269,69,60520964
chr2,28594397,28594528,.,1000,.,251.47058,-1.0,4.87269,79,28594476
chr1,31564177,31564293,.,1000,.,251.46059,-1.0,4.87269,63,31564240
chr13,51125874,51125993,.,1000,.,251.45921,-1.0,4.87269,61,51125935
chr4,10461380,10461539,.,1000,.,251.4466,-1.0,4.87269,73,10461453
chr11,68384087,68384191,.,1000,.,251.44625,-1.0,4.87269,35,68384122
chr3,122754960,122755112,.,1000,.,251.44288,-1.0,4.87269,78,122755038
chr1,19651267,19651370,.,1000,.,251.42768,-1.0,4.87269,72,19651339
chr12,108731613,108731753,.,1000,.,251.42253,-1.0,4.87269,79,108731692
chr2,209423787,209423954,.,1000,.,251.41722,-1.0,4.87269,86,209423873
chr1,62131241,62131360,.,1000,.,251.41544,-1.0,4.87269,60,62131301
chr18,59823749,59823869,.,1000,.,251.3898,-1.0,4.87269,65,59823814
chr2,75628022,75628138,.,1000,.,251.36312,-1.0,4.87269,75,75628097
chr11,119323655,119323799,.,1000,.,251.36249,-1.0,4.87269,82,119323737
chr17,59311086,59311214,.,1000,.,251.35309,-1.0,4.87269,74,59311160
chr5,141475826,141475956,.,1000,.,251.34918,-1.0,4.87269,54,141475880
chr1,15046649,15046785,.,1000,.,251.34454,-1.0,4.87269,58,15046707
chr20,4720841,4720920,.,1000,.,251.34275,-1.0,4.87269,42,4720883
chr11,64553575,64553728,.,1000,.,251.33259,-1.0,4.87269,74,64553649
chr15,40104882,40105037,.,1000,.,251.31721,-1.0,4.87269,79,40104961
chr17,20226853,20226981,.,1000,.,251.30115,-1.0,4.87269,75,20226928
chr6,107675434,107675600,.,1000,.,251.29901,-1.0,4.87269,84,107675518
chr22,30387432,30387579,.,1000,.,251.29373,-1.0,4.87269,82,30387514
chr8,36858994,36859131,.,1000,.,251.26605,-1.0,4.87269,80,36859074
chr12,40107651,40107796,.,1000,.,251.26076,-1.0,4.87269,78,40107729
chr5,180315830,180315939,.,1000,.,251.24425,-1.0,4.87269,49,180315879
chr19,4804035,4804167,.,1000,.,251.238,-1.0,4.87269,56,4804091
chr11,798273,798413,.,1000,.,251.23553,-1.0,4.87269,73,798346
chr6,44268098,44268270,.,1000,.,251.23547,-1.0,4.87269,95,44268193
chr2,43229623,43229780,.,1000,.,251.23314,-1.0,4.87269,80,43229703
chr4,25767998,25768145,.,1000,.,251.22797,-1.0,4.87269,76,25768074
chr17,63479012,63479128,.,1000,.,251.22264,-1.0,4.87269,69,63479081
chr9,96317483,96317615,.,1000,.,251.20903,-1.0,4.87269,62,96317545
chr9,100601257,100601392,.,1000,.,251.19269,-1.0,4.87269,80,100601337
chr10,97869552,97869677,.,1000,.,251.1726,-1.0,4.87269,67,97869619
chr8,123065740,123065854,.,1000,.,251.15604,-1.0,4.87269,59,123065799
chr5,180869102,180869213,.,1000,.,251.1371,-1.0,4.87269,70,180869172
chr11,108648425,108648532,.,1000,.,251.13201,-1.0,4.87269,60,108648485
chr3,40191974,40192124,.,1000,.,251.12792,-1.0,4.87269,82,40192056
chr11,112280669,112280791,.,1000,.,251.11656,-1.0,4.87269,69,112280738
chr22,42968081,42968208,.,1000,.,251.11415,-1.0,4.87269,56,42968137
chr14,95774451,95774590,.,1000,.,251.10289,-1.0,4.87269,69,95774520
chr12,12033445,12033576,.,1000,.,251.08396,-1.0,4.87269,78,12033523
chr10,43455785,43455917,.,1000,.,251.08298,-1.0,4.87269,60,43455845
chr2,127050250,127050394,.,1000,.,251.06663,-1.0,4.87269,72,127050322
chr9,38088077,38088210,.,1000,.,251.04004,-1.0,4.87269,73,38088150
chr7,137656398,137656516,.,1000,.,251.03469,-1.0,4.87269,69,137656467
chr1,23751426,23751557,.,1000,.,251.03296,-1.0,4.87269,53,23751479
chr9,4759417,4759557,.,1000,.,251.0302,-1.0,4.87269,96,4759513
chr6,28837475,28837575,.,1000,.,251.0158,-1.0,4.87269,52,28837527
chr1,44729390,44729490,.,1000,.,251.01538,-1.0,4.87269,53,44729443
chr2,96407445,96407589,.,1000,.,251.01436,-1.0,4.87269,69,96407514
chr11,111777434,111777541,.,1000,.,251.00115,-1.0,4.87269,47,111777481
chr5,172772082,172772237,.,1000,.,250.97743,-1.0,4.87269,56,172772138
chr3,46998659,46998801,.,1000,.,250.96939,-1.0,4.87269,75,46998734
chr6,138115976,138116117,.,1000,.,250.95566,-1.0,4.87269,80,138116056
chr4,73446446,73446585,.,1000,.,250.91548,-1.0,4.87269,78,73446524
chr10,80945390,80945541,.,1000,.,250.91237,-1.0,4.87269,67,80945457
chr20,32674441,32674594,.,1000,.,250.90843,-1.0,4.87269,73,32674514
chr1,26878070,26878234,.,1000,.,250.90609,-1.0,4.87269,78,26878148
chr19,48320135,48320259,.,1000,.,250.89715,-1.0,4.87269,48,48320183
chr2,176097700,176097817,.,1000,.,250.8891,-1.0,4.87269,65,176097765
chr11,119168657,119168759,.,1000,.,250.87959,-1.0,4.87269,48,119168705
chr7,17769966,17770074,.,1000,.,250.87944,-1.0,4.87269,58,17770024
chr9,115014108,115014265,.,1000,.,250.87174,-1.0,4.87269,79,115014187
chr12,99043451,99043574,.,1000,.,250.87095,-1.0,4.87269,47,99043498
chr12,51993200,51993362,.,1000,.,250.87,-1.0,4.87269,82,51993282
chr4,3480612,3480756,.,1000,.,250.86077,-1.0,4.87269,88,3480700
chr9,34634011,34634134,.,1000,.,250.82581,-1.0,4.87269,50,34634061
chr1,6438146,6438281,.,1000,.,250.80731,-1.0,4.87269,54,6438200
chr14,35422508,35422619,.,1000,.,250.7912,-1.0,4.87269,60,35422568
chr13,110915230,110915347,.,1000,.,250.77866,-1.0,4.87269,52,110915282
chr19,14480157,14480295,.,1000,.,250.76795,-1.0,4.87269,75,14480232
chrX,3812140,3812250,.,1000,.,250.75842,-1.0,4.87269,49,3812189
chr19,19490496,19490606,.,1000,.,250.75335,-1.0,4.87269,62,19490558
chr9,96856902,96857045,.,1000,.,250.73735,-1.0,4.87269,82,96856984
chr22,37643454,37643547,.,1000,.,250.73402,-1.0,4.87269,17,37643471
chr3,127544379,127544513,.,1000,.,250.72816,-1.0,4.87269,60,127544439
chr12,111313917,111314036,.,1000,.,250.72694,-1.0,4.87269,45,111313962
chr6,70956031,70956171,.,1000,.,250.72273,-1.0,4.87269,71,70956102
chr3,94249646,94249784,.,1000,.,250.69023,-1.0,4.87269,61,94249707
chr17,17496900,17497060,.,1000,.,250.68653,-1.0,4.87269,76,17496976
chr3,196942441,196942556,.,1000,.,250.66227,-1.0,4.87269,51,196942492
chr19,46513590,46513718,.,1000,.,250.63991,-1.0,4.87269,53,46513643
chr20,46681453,46681599,.,1000,.,250.63155,-1.0,4.87269,84,46681537
chr14,102774991,102775140,.,1000,.,250.61773,-1.0,4.87269,77,102775068
chr10,95445992,95446108,.,1000,.,250.61549,-1.0,4.87269,60,95446052
chr11,110201426,110201569,.,1000,.,250.61238,-1.0,4.87269,78,110201504
chr1,154546547,154546674,.,1000,.,250.59763,-1.0,4.87269,60,154546607
chr1,156678155,156678293,.,1000,.,250.5788,-1.0,4.87269,59,156678214
chr9,91775556,91775695,.,1000,.,250.56506,-1.0,4.87269,70,91775626
chr17,81241772,81241890,.,1000,.,250.5581,-1.0,4.87269,56,81241828
chr1,115138992,115139143,.,1000,.,250.55765,-1.0,4.87269,87,115139079
chr17,47978517,47978610,.,1000,.,250.55701,-1.0,4.87269,15,47978532
chr1,53861009,53861144,.,1000,.,250.54404,-1.0,4.87269,61,53861070
chr12,4107510,4107602,.,1000,.,250.5411,-1.0,4.87269,49,4107559
chr1,101438537,101438638,.,1000,.,250.53608,-1.0,4.87269,46,101438583
chr13,26947060,26947214,.,1000,.,250.52223,-1.0,4.87269,78,26947138
chr4,184264273,184264415,.,1000,.,250.51116,-1.0,4.87269,53,184264326
chr12,109264267,109264383,.,1000,.,250.50177,-1.0,4.87269,52,109264319
chr22,17558536,17558677,.,1000,.,250.48556,-1.0,4.87269,77,17558613
chr19,30683083,30683210,.,1000,.,250.48047,-1.0,4.87269,54,30683137
chr17,47698940,47699080,.,1000,.,250.46588,-1.0,4.87269,57,47698997
chr1,223123826,223123969,.,1000,.,250.45509,-1.0,4.87269,68,223123894
chr17,76816656,76816798,.,1000,.,250.41556,-1.0,4.87269,65,76816721
chr4,181528704,181528847,.,1000,.,250.40519,-1.0,4.87269,67,181528771
chr5,95644425,95644574,.,1000,.,250.40195,-1.0,4.87269,66,95644491
chr1,38835368,38835473,.,1000,.,250.40073,-1.0,4.87269,50,38835418
chr11,36510278,36510446,.,1000,.,250.38945,-1.0,4.87269,85,36510363
chr6,41786533,41786695,.,1000,.,250.38818,-1.0,4.87269,59,41786592
chr9,36995948,36996094,.,1000,.,250.38426,-1.0,4.87269,64,36996012
chr1,26285194,26285331,.,1000,.,250.37336,-1.0,4.87269,62,26285256
chr1,202009658,202009785,.,1000,.,250.37234,-1.0,4.87269,63,202009721
chr15,34210098,34210286,.,1000,.,250.36477,-1.0,4.87269,93,34210191
chr17,75747917,75748059,.,1000,.,250.35085,-1.0,4.87269,67,75747984
chr8,131037018,131037157,.,1000,.,250.33496,-1.0,4.87269,75,131037093
chr1,26275653,26275779,.,1000,.,250.33493,-1.0,4.87269,48,26275701
chr11,16785633,16785766,.,1000,.,250.31674,-1.0,4.87269,60,16785693
chr12,109880467,109880633,.,1000,.,250.30838,-1.0,4.87269,83,109880550
chr8,93961090,93961188,.,1000,.,250.30774,-1.0,4.87269,42,93961132
chr5,159987488,159987617,.,1000,.,250.28081,-1.0,4.87269,59,159987547
chr12,85468748,85468877,.,1000,.,250.27509,-1.0,4.87269,81,85468829
chr16,74309935,74310052,.,1000,.,250.26753,-1.0,4.87269,39,74309974
chr14,106618460,106618676,.,1000,.,250.26619,-1.0,4.87269,108,106618568
chr16,11407579,11407708,.,1000,.,250.2558,-1.0,4.87269,77,11407656
chr11,2930841,2930987,.,1000,.,250.23045,-1.0,4.87269,64,2930905
chr14,59507462,59507583,.,1000,.,250.22835,-1.0,4.87269,62,59507524
chr3,39189904,39190056,.,1000,.,250.22684,-1.0,4.87269,82,39189986
chr11,48307880,48308042,.,1000,.,250.18721,-1.0,4.87269,81,48307961
chr5,172716896,172717027,.,1000,.,250.14862,-1.0,4.87269,75,172716971
chr8,52112499,52112649,.,1000,.,250.14599,-1.0,4.87269,68,52112567
chr14,77094817,77094925,.,1000,.,250.14395,-1.0,4.87269,55,77094872
chr3,154253162,154253287,.,1000,.,250.14179,-1.0,4.87269,72,154253234
chr7,47088930,47089064,.,1000,.,250.14055,-1.0,4.87269,61,47088991
chr21,36927728,36927857,.,1000,.,250.11878,-1.0,4.87269,79,36927807
chr17,36603036,36603194,.,1000,.,250.10003,-1.0,4.87269,77,36603113
chr2,29923251,29923375,.,1000,.,250.09786,-1.0,4.87269,51,29923302
chr9,97399271,97399387,.,1000,.,250.05843,-1.0,4.87269,58,97399329
chr5,72524129,72524236,.,1000,.,250.05742,-1.0,4.87269,35,72524164
chr5,118988124,118988295,.,1000,.,250.05191,-1.0,4.87269,98,118988222
chr3,10758678,10758831,.,1000,.,250.03707,-1.0,4.87269,77,10758755
chr1,26602486,26602602,.,1000,.,250.03019,-1.0,4.87269,56,26602542
chr1,61588788,61588925,.,1000,.,250.0224,-1.0,4.87269,75,61588863
chr5,136424995,136425121,.,1000,.,250.00658,-1.0,4.87269,64,136425059
chr11,72585808,72585926,.,1000,.,250.00544,-1.0,4.87269,51,72585859
chr5,142655806,142655927,.,1000,.,249.99476,-1.0,4.87269,62,142655868
chr11,75140660,75140773,.,1000,.,249.99045,-1.0,4.87269,61,75140721
chrX,71179054,71179182,.,1000,.,249.99036,-1.0,4.87269,73,71179127
chr1,36369118,36369281,.,1000,.,249.97705,-1.0,4.87269,82,36369200
chr10,72340548,72340656,.,1000,.,249.96553,-1.0,4.87269,66,72340614
chr10,63872438,63872579,.,1000,.,249.95642,-1.0,4.87269,70,63872508
chr15,66603708,66603852,.,1000,.,249.93313,-1.0,4.87269,63,66603771
chr4,76067791,76067919,.,1000,.,249.91599,-1.0,4.87269,62,76067853
chr6,68968188,68968315,.,1000,.,249.91584,-1.0,4.87269,71,68968259
chr13,52809404,52809563,.,1000,.,249.8853,-1.0,4.87269,82,52809486
chr10,62038778,62038903,.,1000,.,249.86311,-1.0,4.87269,59,62038837
chr16,67883824,67883976,.,1000,.,249.84954,-1.0,4.87269,77,67883901
chr10,132637928,132638041,.,1000,.,249.84392,-1.0,4.87269,72,132638000
chr12,57633133,57633291,.,1000,.,249.83202,-1.0,4.87269,94,57633227
chr2,201860688,201860804,.,1000,.,249.82793,-1.0,4.87269,50,201860738
chr6,109187926,109188075,.,1000,.,249.82219,-1.0,4.87269,83,109188009
chr1,27556836,27556960,.,1000,.,249.80557,-1.0,4.87269,77,27556913
chr11,57493541,57493671,.,1000,.,249.79893,-1.0,4.87269,71,57493612
chr11,47374025,47374152,.,1000,.,249.79647,-1.0,4.87269,56,47374081
chr8,69946268,69946377,.,1000,.,249.7789,-1.0,4.87269,60,69946328
chr7,31736494,31736642,.,1000,.,249.77457,-1.0,4.87269,82,31736576
chr10,99612347,99612481,.,1000,.,249.76503,-1.0,4.87269,81,99612428
chr5,142880623,142880766,.,1000,.,249.73796,-1.0,4.87269,71,142880694
chr1,246754023,246754178,.,1000,.,249.73757,-1.0,4.87269,76,246754099
chr3,181700552,181700704,.,1000,.,249.7306,-1.0,4.87269,81,181700633
chr1,176881116,176881249,.,1000,.,249.72487,-1.0,4.87269,63,176881179
chr7,130982293,130982412,.,1000,.,249.69574,-1.0,4.87269,49,130982342
chr16,66867913,66868061,.,1000,.,249.68292,-1.0,4.87269,86,66867999
chr13,36420463,36420627,.,1000,.,249.6794,-1.0,4.87269,87,36420550
chr7,134606452,134606586,.,1000,.,249.67874,-1.0,4.87269,64,134606516
chr11,129331939,129332052,.,1000,.,249.66743,-1.0,4.87269,57,129331996
chr17,82021250,82021372,.,1000,.,249.66468,-1.0,4.87269,67,82021317
chr19,4636341,4636466,.,1000,.,249.66332,-1.0,4.87269,73,4636414
chr15,91271687,91271803,.,1000,.,249.66021,-1.0,4.87269,69,91271756
chr16,67428242,67428371,.,1000,.,249.65574,-1.0,4.87269,69,67428311
chr1,110630923,110631022,.,1000,.,249.6245,-1.0,4.87269,23,110630946
chr8,30170338,30170472,.,1000,.,249.60108,-1.0,4.87269,70,30170408
chr6,34249147,34249296,.,1000,.,249.59019,-1.0,4.87269,57,34249204
chr4,74134382,74134504,.,1000,.,249.5799,-1.0,4.87269,58,74134440
chr7,123872374,123872516,.,1000,.,249.57514,-1.0,4.87269,68,123872442
chr11,66045247,66045355,.,1000,.,249.56673,-1.0,4.87269,62,66045309
chr3,113838692,113838828,.,1000,.,249.52979,-1.0,4.87269,69,113838761
chr1,84936342,84936476,.,1000,.,249.50206,-1.0,4.87269,72,84936414
chr5,157312563,157312674,.,1000,.,249.49032,-1.0,4.87269,50,157312613
chr8,123154859,123154936,.,1000,.,249.48902,-1.0,4.87269,64,123154923
chr5,54229290,54229417,.,1000,.,249.4828,-1.0,4.87269,75,54229365
chr1,184222674,184222827,.,1000,.,249.46546,-1.0,4.87269,83,184222757
chr4,15956406,15956519,.,1000,.,249.45393,-1.0,4.87269,19,15956425
chr10,9209311,9209451,.,1000,.,249.45084,-1.0,4.87269,86,9209397
chr4,141307299,141307415,.,1000,.,249.44826,-1.0,4.87269,55,141307354
chr15,76151068,76151174,.,1000,.,249.44339,-1.0,4.87269,78,76151146
chr1,165924805,165924961,.,1000,.,249.42136,-1.0,4.87269,71,165924876
chr19,47296245,47296398,.,1000,.,249.40478,-1.0,4.87269,69,47296314
chr10,102352240,102352378,.,1000,.,249.39559,-1.0,4.87269,46,102352286
chr19,38634704,38634857,.,1000,.,249.3936,-1.0,4.87269,100,38634804
chr16,86520201,86520344,.,1000,.,249.38528,-1.0,4.87269,73,86520274
chr9,15533353,15533504,.,1000,.,249.37661,-1.0,4.87269,89,15533442
chr15,69462814,69462939,.,1000,.,249.36908,-1.0,4.87269,58,69462872
chr14,105489758,105489891,.,1000,.,249.36562,-1.0,4.87269,67,105489825
chr18,27605349,27605479,.,1000,.,249.34783,-1.0,4.87269,62,27605411
chr2,211745429,211745566,.,1000,.,249.33446,-1.0,4.87269,63,211745492
chr5,95781128,95781327,.,1000,.,249.33007,-1.0,4.87269,88,95781216
chr6,89368245,89368377,.,1000,.,249.32897,-1.0,4.87269,52,89368297
chr7,142632631,142632772,.,1000,.,249.30862,-1.0,4.87269,72,142632703
chr1,157505776,157505909,.,1000,.,249.28403,-1.0,4.87269,60,157505836
chr13,24053541,24053679,.,1000,.,249.27809,-1.0,4.87269,78,24053619
chr18,22930226,22930361,.,1000,.,249.26845,-1.0,4.87269,54,22930280
chr2,71545801,71545932,.,1000,.,249.25742,-1.0,4.87269,76,71545877
chr1,36576182,36576325,.,1000,.,249.2512,-1.0,4.87269,71,36576253
chr10,63158241,63158375,.,1000,.,249.245,-1.0,4.87269,74,63158315
chr14,32252226,32252350,.,1000,.,249.24466,-1.0,4.87269,46,32252272
chr11,45371335,45371463,.,1000,.,249.24001,-1.0,4.87269,52,45371387
chr17,60143004,60143138,.,1000,.,249.23976,-1.0,4.87269,47,60143051
chr18,21956182,21956302,.,1000,.,249.23718,-1.0,4.87269,41,21956223
chr9,125558546,125558691,.,1000,.,249.23079,-1.0,4.87269,73,125558619
chr19,18058470,18058617,.,1000,.,249.229,-1.0,4.87269,97,18058567
chr14,99415833,99415947,.,1000,.,249.22762,-1.0,4.87269,57,99415890
chr19,41642021,41642136,.,1000,.,249.22585,-1.0,4.87269,53,41642074
chr8,85290242,85290388,.,1000,.,249.22466,-1.0,4.87269,56,85290298
chr16,47018287,47018382,.,1000,.,249.22311,-1.0,4.87269,47,47018334
chr3,150221365,150221508,.,1000,.,249.21817,-1.0,4.87269,87,150221452
chr17,68200900,68201013,.,1000,.,249.19756,-1.0,4.87269,62,68200962
chr17,4710000,4710110,.,1000,.,249.19467,-1.0,4.87269,55,4710055
chr4,102345510,102345648,.,1000,.,249.19137,-1.0,4.87269,78,102345588
chr21,29372484,29372601,.,1000,.,249.18451,-1.0,4.87269,62,29372546
chr5,58886760,58886888,.,1000,.,249.16402,-1.0,4.87269,59,58886819
chr19,42184457,42184547,.,1000,.,249.14207,-1.0,4.87269,59,42184516
chr11,111565292,111565398,.,1000,.,249.13803,-1.0,4.87269,38,111565330
chr12,117587806,117587941,.,1000,.,249.13496,-1.0,4.87269,68,117587874
chr1,231756912,231757019,.,1000,.,249.13471,-1.0,4.87269,60,231756972
chr1,202600248,202600400,.,1000,.,249.12339,-1.0,4.87269,79,202600327
chr14,51979252,51979364,.,1000,.,249.11902,-1.0,4.87269,21,51979273
chr3,187740952,187741090,.,1000,.,249.11489,-1.0,4.87269,84,187741036
chr7,106736656,106736758,.,1000,.,249.06821,-1.0,4.87269,55,106736711
chr14,91286560,91286716,.,1000,.,249.05101,-1.0,4.87269,76,91286636
chr11,107689742,107689849,.,1000,.,249.05079,-1.0,4.87269,44,107689786
chr13,51286499,51286654,.,1000,.,249.04442,-1.0,4.87269,88,51286587
chr7,25892946,25893085,.,1000,.,249.04065,-1.0,4.87269,63,25893009
chr1,45493239,45493379,.,1000,.,249.03271,-1.0,4.87269,61,45493300
chr1,172745080,172745192,.,1000,.,249.03117,-1.0,4.87269,73,172745153
chr6,166400911,166401042,.,1000,.,249.02541,-1.0,4.87269,79,166400990
chr11,19077073,19077222,.,1000,.,249.02353,-1.0,4.87269,98,19077171
chr11,44066162,44066265,.,1000,.,249.02077,-1.0,4.87269,39,44066201
chr20,34874160,34874269,.,1000,.,249.00787,-1.0,4.87269,57,34874217
chr9,128438742,128438869,.,1000,.,249.00285,-1.0,4.87269,66,128438808
chr1,150166102,150166254,.,1000,.,249.00132,-1.0,4.87269,83,150166185
chr2,102806370,102806527,.,1000,.,248.98721,-1.0,4.87269,77,102806447
chr12,117874948,117875087,.,1000,.,248.98242,-1.0,4.87269,78,117875026
chr18,36809665,36809772,.,1000,.,248.96552,-1.0,4.87269,86,36809751
chr5,114361038,114361191,.,1000,.,248.95828,-1.0,4.87269,74,114361112
chr17,8073731,8073859,.,1000,.,248.94391,-1.0,4.87269,64,8073795
chr4,77095493,77095592,.,1000,.,248.94289,-1.0,4.87269,45,77095538
chr12,94149224,94149372,.,1000,.,248.9403,-1.0,4.87269,81,94149305
chr8,70608410,70608580,.,1000,.,248.9397,-1.0,4.87269,63,70608473
chr1,21255346,21255460,.,1000,.,248.924,-1.0,4.87269,42,21255388
chr11,46352224,46352360,.,1000,.,248.90991,-1.0,4.87269,82,46352306
chr1,16625014,16625149,.,1000,.,248.89925,-1.0,4.87269,81,16625095
chr12,25436439,25436567,.,1000,.,248.89916,-1.0,4.87269,62,25436501
chrX,40573882,40574052,.,1000,.,248.8982,-1.0,4.87269,85,40573967
chr1,233440964,233441115,.,1000,.,248.89568,-1.0,4.87269,75,233441039
chr15,63891118,63891225,.,1000,.,248.88922,-1.0,4.87269,67,63891185
chr20,38633731,38633877,.,1000,.,248.88851,-1.0,4.87269,75,38633806
chr11,27699082,27699199,.,1000,.,248.87838,-1.0,4.87269,49,27699131
chr4,112637391,112637498,.,1000,.,248.87068,-1.0,4.87269,62,112637453
chr11,122203046,122203176,.,1000,.,248.8597,-1.0,4.87269,66,122203112
chr2,25522209,25522348,.,1000,.,248.85798,-1.0,4.87269,74,25522283
chr20,63580905,63581022,.,1000,.,248.85208,-1.0,4.87269,54,63580959
chr8,131804333,131804446,.,1000,.,248.84045,-1.0,4.87269,60,131804393
chr1,6475620,6475766,.,1000,.,248.82787,-1.0,4.87269,60,6475680
chr2,237858447,237858579,.,1000,.,248.81194,-1.0,4.87269,63,237858510
chr15,100627921,100628037,.,1000,.,248.77578,-1.0,4.87269,63,100627984
chr1,116499190,116499291,.,1000,.,248.74771,-1.0,4.87269,49,116499239
chr10,119445485,119445625,.,1000,.,248.7455,-1.0,4.87269,50,119445535
chr6,73733233,73733325,.,1000,.,248.71062,-1.0,4.87269,41,73733274
chr3,138118989,138119137,.,1000,.,248.71055,-1.0,4.87269,91,138119080
chr13,27374756,27374909,.,1000,.,248.70693,-1.0,4.87269,73,27374829
chr3,196685045,196685132,.,1000,.,248.70074,-1.0,4.87269,31,196685076
chr2,231452092,231452208,.,1000,.,248.6809,-1.0,4.87269,79,231452171
chr12,94532947,94533060,.,1000,.,248.67524,-1.0,4.87269,40,94532987
chr1,47192995,47193149,.,1000,.,248.66607,-1.0,4.87269,76,47193071
chr20,3786841,3786991,.,1000,.,248.65842,-1.0,4.87269,78,3786919
chr16,19555256,19555383,.,1000,.,248.64837,-1.0,4.87269,55,19555311
chr1,200803026,200803143,.,1000,.,248.64061,-1.0,4.87269,56,200803082
chr3,12841844,12841947,.,1000,.,248.63534,-1.0,4.87269,40,12841884
chr1,234326729,234326872,.,1000,.,248.62122,-1.0,4.87269,64,234326793
chr22,41543864,41544003,.,1000,.,248.60129,-1.0,4.87269,60,41543924
chr2,102443342,102443472,.,1000,.,248.60019,-1.0,4.87269,86,102443428
chr15,45705766,45705899,.,1000,.,248.58786,-1.0,4.87269,70,45705836
chr1,33613007,33613129,.,1000,.,248.58571,-1.0,4.87269,62,33613069
chr17,4789985,4790118,.,1000,.,248.57152,-1.0,4.87269,92,4790077
chr7,35520343,35520478,.,1000,.,248.54593,-1.0,4.87269,69,35520412
chr11,12964186,12964324,.,1000,.,248.51551,-1.0,4.87269,63,12964249
chr10,11986765,11986855,.,1000,.,248.47181,-1.0,4.87269,25,11986790
chr10,51389452,51389588,.,1000,.,248.46017,-1.0,4.87269,74,51389526
chr19,29730571,29730701,.,1000,.,248.45967,-1.0,4.87269,76,29730647
chr6,41066946,41067083,.,1000,.,248.4575,-1.0,4.87269,76,41067022
chr5,115549261,115549404,.,1000,.,248.44274,-1.0,4.87269,70,115549331
chr4,6546747,6546850,.,1000,.,248.43459,-1.0,4.87269,55,6546802
chr1,205325553,205325686,.,1000,.,248.43302,-1.0,4.87269,71,205325624
chr8,102585303,102585412,.,1000,.,248.43252,-1.0,4.87269,56,102585359
chr12,57756858,57757009,.,1000,.,248.43048,-1.0,4.87269,69,57756927
chr3,160942027,160942143,.,1000,.,248.428,-1.0,4.87269,65,160942092
chr15,41772851,41772972,.,1000,.,248.41468,-1.0,4.87269,67,41772918
chr4,48578499,48578631,.,1000,.,248.40333,-1.0,4.87269,67,48578566
chr1,6205290,6205437,.,1000,.,248.40052,-1.0,4.87269,85,6205375
chr3,184777907,184778004,.,1000,.,248.39905,-1.0,4.87269,43,184777950
chr11,62560682,62560791,.,1000,.,248.37763,-1.0,4.87269,51,62560733
chr13,42595120,42595234,.,1000,.,248.36885,-1.0,4.87269,43,42595163
chr16,85819295,85819414,.,1000,.,248.35626,-1.0,4.87269,62,85819357
chr4,103099895,103100008,.,1000,.,248.35424,-1.0,4.87269,60,103099955
chr12,113312640,113312752,.,1000,.,248.34003,-1.0,4.87269,53,113312693
chr3,171566933,171567082,.,1000,.,248.32592,-1.0,4.87269,83,171567016
chr11,61776592,61776712,.,1000,.,248.3231,-1.0,4.87269,70,61776662
chr9,33081402,33081536,.,1000,.,248.30412,-1.0,4.87269,65,33081467
chr8,51526174,51526293,.,1000,.,248.29393,-1.0,4.87269,53,51526227
chrX,150772275,150772393,.,1000,.,248.27579,-1.0,4.87269,69,150772344
chr1,112809351,112809458,.,1000,.,248.27005,-1.0,4.87269,44,112809395
chr2,26145204,26145337,.,1000,.,248.26704,-1.0,4.87269,73,26145277
chr1,154999201,154999347,.,1000,.,248.2668,-1.0,4.87269,96,154999297
chr5,10284113,10284216,.,1000,.,248.26637,-1.0,4.87269,76,10284189
chr1,110060198,110060354,.,1000,.,248.26052,-1.0,4.87269,78,110060276
chr19,35247888,35248021,.,1000,.,248.252,-1.0,4.87269,43,35247931
chr5,81165618,81165751,.,1000,.,248.25081,-1.0,4.87269,80,81165698
chr3,129934619,129934754,.,1000,.,248.25025,-1.0,4.87269,73,129934692
chr5,671676,671830,.,1000,.,248.24922,-1.0,4.87269,90,671766
chr3,69410492,69410605,.,1000,.,248.24617,-1.0,4.87269,57,69410549
chr10,92435117,92435256,.,1000,.,248.22047,-1.0,4.87269,82,92435199
chr1,28785215,28785350,.,1000,.,248.21213,-1.0,4.87269,61,28785276
chr1,200488804,200488950,.,1000,.,248.20942,-1.0,4.87269,72,200488876
chr9,9942950,9943066,.,1000,.,248.20933,-1.0,4.87269,53,9943003
chr13,28636827,28636994,.,1000,.,248.18837,-1.0,4.87269,77,28636904
chr22,33579599,33579727,.,1000,.,248.17882,-1.0,4.87269,53,33579652
chr8,42153468,42153604,.,1000,.,248.1654,-1.0,4.87269,70,42153538
chr9,68685947,68686032,.,1000,.,248.16165,-1.0,4.87269,35,68685982
chr11,64449631,64449785,.,1000,.,248.13464,-1.0,4.87269,85,64449716
chr17,43394076,43394186,.,1000,.,248.12882,-1.0,4.87269,59,43394135
chrX,131813304,131813446,.,1000,.,248.1283,-1.0,4.87269,76,131813380
chr7,41940867,41940998,.,1000,.,248.1169,-1.0,4.87269,79,41940946
chr6,31441729,31441847,.,1000,.,248.11536,-1.0,4.87269,66,31441795
chr15,92082368,92082528,.,1000,.,248.11501,-1.0,4.87269,83,92082451
chr18,62714922,62715036,.,1000,.,248.11449,-1.0,4.87269,65,62714987
chr20,34069957,34070093,.,1000,.,248.08912,-1.0,4.87269,69,34070026
chr6,45930546,45930681,.,1000,.,248.07829,-1.0,4.87269,61,45930607
chr7,23261973,23262072,.,1000,.,248.07217,-1.0,4.87269,59,23262032
chrX,12814567,12814700,.,1000,.,248.06828,-1.0,4.87269,55,12814622
chr19,41144511,41144671,.,1000,.,248.06223,-1.0,4.87269,92,41144603
chr2,169141893,169142034,.,1000,.,248.0536,-1.0,4.87269,74,169141967
chr19,44657359,44657500,.,1000,.,248.04273,-1.0,4.87269,75,44657434
chr19,16714868,16714953,.,1000,.,248.02822,-1.0,4.87269,31,16714899
chr1,28248591,28248737,.,1000,.,248.02155,-1.0,4.87269,69,28248660
chr9,5590159,5590248,.,1000,.,247.99583,-1.0,4.87269,55,5590214
chr1,151443966,151444092,.,1000,.,247.98923,-1.0,4.87269,63,151444029
chr3,108406726,108406823,.,1000,.,247.98074,-1.0,4.87269,47,108406773
chr12,117367131,117367266,.,1000,.,247.97913,-1.0,4.87269,78,117367209
chr7,26061804,26061925,.,1000,.,247.97183,-1.0,4.87269,66,26061870
chr17,1365542,1365675,.,1000,.,247.96984,-1.0,4.87269,77,1365619
chr13,50801462,50801580,.,1000,.,247.95777,-1.0,4.87269,54,50801516
chr15,84955433,84955576,.,1000,.,247.95518,-1.0,4.87269,87,84955520
chr17,143924,144066,.,1000,.,247.94219,-1.0,4.87269,83,144007
chr20,50588240,50588387,.,1000,.,247.94146,-1.0,4.87269,88,50588328
chr11,11787894,11788007,.,1000,.,247.9327,-1.0,4.87269,65,11787959
chr8,97644190,97644318,.,1000,.,247.92372,-1.0,4.87269,54,97644244
chr10,35218598,35218726,.,1000,.,247.91922,-1.0,4.87269,62,35218660
chr6,153024551,153024660,.,1000,.,247.91732,-1.0,4.87269,55,153024606
chr1,3857297,3857394,.,1000,.,247.91108,-1.0,4.87269,51,3857348
chr2,33475773,33475892,.,1000,.,247.90477,-1.0,4.87269,64,33475837
chr3,50542562,50542680,.,1000,.,247.89227,-1.0,4.87269,68,50542630
chr15,63048053,63048221,.,1000,.,247.87997,-1.0,4.87269,87,63048140
chr8,98471234,98471343,.,1000,.,247.87977,-1.0,4.87269,53,98471287
chr14,96424542,96424641,.,1000,.,247.87899,-1.0,4.87269,49,96424591
chr12,15269073,15269205,.,1000,.,247.87896,-1.0,4.87269,64,15269137
chr16,49350599,49350735,.,1000,.,247.86435,-1.0,4.87269,80,49350679
chr11,8959678,8959820,.,1000,.,247.86203,-1.0,4.87269,87,8959765
chr5,10988014,10988162,.,1000,.,247.86143,-1.0,4.87269,71,10988085
chr21,45554996,45555124,.,1000,.,247.85422,-1.0,4.87269,75,45555071
chr9,5450541,5450606,.,1000,.,247.84906,-1.0,4.87269,60,5450601
chr19,56171996,56172153,.,1000,.,247.8465,-1.0,4.87269,75,56172071
chr2,168346759,168346878,.,1000,.,247.84375,-1.0,4.87269,58,168346817
chr19,33125989,33126125,.,1000,.,247.84167,-1.0,4.87269,70,33126059
chr2,232440644,232440803,.,1000,.,247.83461,-1.0,4.87269,86,232440730
chr9,124415544,124415656,.,1000,.,247.83345,-1.0,4.87269,56,124415600
chr5,174951291,174951415,.,1000,.,247.81692,-1.0,4.87269,66,174951357
chr9,124772115,124772260,.,1000,.,247.79351,-1.0,4.87269,70,124772185
chr7,95477108,95477236,.,1000,.,247.79332,-1.0,4.87269,75,95477183
chr7,73734804,73734911,.,1000,.,247.76408,-1.0,4.87269,87,73734891
chr13,29508230,29508387,.,1000,.,247.76136,-1.0,4.87269,84,29508314
chr4,111283182,111283324,.,1000,.,247.74811,-1.0,4.87269,64,111283246
chr2,99337251,99337359,.,1000,.,247.74762,-1.0,4.87269,12,99337263
chr11,26276963,26277079,.,1000,.,247.72984,-1.0,4.87269,58,26277021
chr19,49443481,49443661,.,1000,.,247.72974,-1.0,4.87269,89,49443570
chr17,20992993,20993112,.,1000,.,247.71809,-1.0,4.87269,70,20993063
chr12,8108940,8109072,.,1000,.,247.69179,-1.0,4.87269,48,8108988
chr9,109440833,109440981,.,1000,.,247.69137,-1.0,4.87269,63,109440896
chr17,43389520,43389637,.,1000,.,247.68234,-1.0,4.87269,54,43389574
chr12,614437,614576,.,1000,.,247.68101,-1.0,4.87269,70,614507
chr1,32335227,32335370,.,1000,.,247.67686,-1.0,4.87269,81,32335308
chr11,16613771,16613878,.,1000,.,247.65894,-1.0,4.87269,53,16613824
chr4,27010479,27010618,.,1000,.,247.65474,-1.0,4.87269,68,27010547
chr12,49967549,49967665,.,1000,.,247.65165,-1.0,4.87269,52,49967601
chr1,204431424,204431559,.,1000,.,247.64664,-1.0,4.87269,73,204431497
chr2,191691073,191691180,.,1000,.,247.6373,-1.0,4.87269,63,191691136
chr7,4798218,4798351,.,1000,.,247.62887,-1.0,4.87269,59,4798277
chrX,152941717,152941841,.,1000,.,247.62566,-1.0,4.87269,51,152941768
chr1,223556948,223557106,.,1000,.,247.59713,-1.0,4.87269,91,223557039
chr6,133916687,133916818,.,1000,.,247.59248,-1.0,4.87269,62,133916749
chr10,67521045,67521195,.,1000,.,247.58889,-1.0,4.87269,81,67521126
chr19,48675483,48675630,.,1000,.,247.58829,-1.0,4.87269,76,48675559
chr14,35407056,35407159,.,1000,.,247.58631,-1.0,4.87269,54,35407110
chr20,41095480,41095636,.,1000,.,247.58364,-1.0,4.87269,91,41095571
chr9,4662173,4662322,.,1000,.,247.5818,-1.0,4.87269,65,4662238
chr19,4139818,4139983,.,1000,.,247.55308,-1.0,4.87269,87,4139905
chr19,584491,584623,.,1000,.,247.54434,-1.0,4.87269,62,584553
chr9,36729059,36729141,.,1000,.,247.5107,-1.0,4.87269,44,36729103
chr15,52780649,52780772,.,1000,.,247.50532,-1.0,4.87269,40,52780689
chr19,16836184,16836325,.,1000,.,247.49195,-1.0,4.87269,72,16836256
chr11,9862254,9862365,.,1000,.,247.48913,-1.0,4.87269,51,9862305
chr9,132411190,132411312,.,1000,.,247.4838,-1.0,4.87269,60,132411250
chr1,22420566,22420702,.,1000,.,247.45255,-1.0,4.87269,64,22420630
chr16,84952331,84952478,.,1000,.,247.43432,-1.0,4.87269,70,84952401
chr12,49945652,49945781,.,1000,.,247.43221,-1.0,4.87269,67,49945719
chr4,3346204,3346327,.,1000,.,247.42331,-1.0,4.87269,52,3346256
chr20,9408213,9408332,.,1000,.,247.42132,-1.0,4.87269,42,9408255
chr12,103496283,103496424,.,1000,.,247.41396,-1.0,4.87269,81,103496364
chr5,149442612,149442764,.,1000,.,247.41071,-1.0,4.87269,85,149442697
chr17,65198865,65199002,.,1000,.,247.40975,-1.0,4.87269,75,65198940
chr20,5100862,5101012,.,1000,.,247.39422,-1.0,4.87269,68,5100930
chr14,20855789,20855914,.,1000,.,247.38507,-1.0,4.87269,74,20855863
chr10,79196983,79197111,.,1000,.,247.38505,-1.0,4.87269,70,79197053
chr17,72557049,72557180,.,1000,.,247.37132,-1.0,4.87269,52,72557101
chr10,101142384,101142496,.,1000,.,247.36908,-1.0,4.87269,45,101142429
chr7,98241475,98241628,.,1000,.,247.35178,-1.0,4.87269,89,98241564
chr2,227884531,227884649,.,1000,.,247.33944,-1.0,4.87269,76,227884607
chr4,99056174,99056263,.,1000,.,247.32823,-1.0,4.87269,55,99056229
chrX,16695201,16695353,.,1000,.,247.30632,-1.0,4.87269,83,16695284
chr18,35407987,35408111,.,1000,.,247.29588,-1.0,4.87269,83,35408070
chr14,59055556,59055677,.,1000,.,247.28873,-1.0,4.87269,63,59055619
chr15,49235737,49235845,.,1000,.,247.28767,-1.0,4.87269,36,49235773
chr17,69607254,69607394,.,1000,.,247.2857,-1.0,4.87269,78,69607332
chr11,132402182,132402304,.,1000,.,247.28345,-1.0,4.87269,65,132402247
chr17,19447175,19447334,.,1000,.,247.27556,-1.0,4.87269,79,19447254
chr1,32872719,32872838,.,1000,.,247.27453,-1.0,4.87269,95,32872814
chrX,15687214,15687329,.,1000,.,247.26955,-1.0,4.87269,53,15687267
chr7,139075184,139075315,.,1000,.,247.26121,-1.0,4.87269,57,139075241
chr6,83884593,83884726,.,1000,.,247.25182,-1.0,4.87269,64,83884657
chr12,55619737,55619886,.,1000,.,247.24677,-1.0,4.87269,65,55619802
chr9,119556172,119556300,.,1000,.,247.24275,-1.0,4.87269,76,119556248
chr5,66307775,66307906,.,1000,.,247.23669,-1.0,4.87269,70,66307845
chr7,322188,322335,.,1000,.,247.23319,-1.0,4.87269,83,322271
chr18,48676900,48677043,.,1000,.,247.22398,-1.0,4.87269,52,48676952
chr15,66851288,66851453,.,1000,.,247.21979,-1.0,4.87269,80,66851368
chr2,231104255,231104360,.,1000,.,247.20351,-1.0,4.87269,59,231104314
chr1,222634554,222634650,.,1000,.,247.18649,-1.0,4.87269,47,222634601
chr1,26363944,26364063,.,1000,.,247.18529,-1.0,4.87269,51,26363995
chr6,142112590,142112720,.,1000,.,247.16399,-1.0,4.87269,54,142112644
chr12,8046105,8046259,.,1000,.,247.1594,-1.0,4.87269,71,8046176
chr5,160199441,160199567,.,1000,.,247.15535,-1.0,4.87269,72,160199513
chr11,45965051,45965150,.,1000,.,247.14155,-1.0,4.87269,18,45965069
chr11,60899492,60899612,.,1000,.,247.13874,-1.0,4.87269,53,60899545
chr21,34745613,34745749,.,1000,.,247.12178,-1.0,4.87269,59,34745672
chr8,2024149,2024287,.,1000,.,247.11043,-1.0,4.87269,74,2024223
chr11,59754086,59754206,.,1000,.,247.09728,-1.0,4.87269,47,59754133
chr7,49791196,49791326,.,1000,.,247.08962,-1.0,4.87269,77,49791273
chr11,18106076,18106194,.,1000,.,247.07596,-1.0,4.87269,91,18106167
chr20,49928796,49928908,.,1000,.,247.06967,-1.0,4.87269,49,49928845
chr19,54676350,54676488,.,1000,.,247.06889,-1.0,4.87269,69,54676419
chr17,3863807,3863938,.,1000,.,247.06763,-1.0,4.87269,62,3863869
chr12,53066052,53066159,.,1000,.,247.06642,-1.0,4.87269,61,53066113
chr11,111423131,111423239,.,1000,.,247.05604,-1.0,4.87269,37,111423168
chr1,53485562,53485716,.,1000,.,247.04034,-1.0,4.87269,73,53485635
chr8,86703468,86703600,.,1000,.,247.02047,-1.0,4.87269,70,86703538
chr2,237475496,237475644,.,1000,.,247.01118,-1.0,4.87269,94,237475590
chr22,30920427,30920566,.,1000,.,246.99967,-1.0,4.87269,76,30920503
chr19,13597760,13597890,.,1000,.,246.99322,-1.0,4.87269,66,13597826
chr1,201709602,201709726,.,1000,.,246.9834,-1.0,4.87269,58,201709660
chr14,64764887,64765030,.,1000,.,246.97169,-1.0,4.87269,63,64764950
chr1,150532668,150532820,.,1000,.,246.96962,-1.0,4.87269,72,150532740
chr7,121547638,121547753,.,1000,.,246.96387,-1.0,4.87269,68,121547706
chr1,209248778,209248902,.,1000,.,246.96242,-1.0,4.87269,70,209248848
chr4,102449896,102450021,.,1000,.,246.9624,-1.0,4.87269,53,102449949
chr6,119742310,119742427,.,1000,.,246.93958,-1.0,4.87269,63,119742373
chr17,39730531,39730689,.,1000,.,246.90453,-1.0,4.87269,75,39730606
chr11,32809355,32809438,.,1000,.,246.89383,-1.0,4.87269,61,32809416
chr9,129737684,129737804,.,1000,.,246.87151,-1.0,4.87269,61,129737745
chr20,16761374,16761503,.,1000,.,246.86105,-1.0,4.87269,53,16761427
chr18,58493955,58494068,.,1000,.,246.86103,-1.0,4.87269,36,58493991
chr19,12965044,12965176,.,1000,.,246.84708,-1.0,4.87269,53,12965097
chr4,37977863,37977991,.,1000,.,246.84393,-1.0,4.87269,70,37977933
chr17,32659435,32659555,.,1000,.,246.84039,-1.0,4.87269,56,32659491
chr14,106564173,106564328,.,1000,.,246.83879,-1.0,4.87269,74,106564247
chr9,109401565,109401723,.,1000,.,246.83477,-1.0,4.87269,81,109401646
chr11,47412271,47412406,.,1000,.,246.8334,-1.0,4.87269,67,47412338
chr15,93030773,93030920,.,1000,.,246.8036,-1.0,4.87269,58,93030831
chr6,43454632,43454755,.,1000,.,246.79755,-1.0,4.87269,56,43454688
chr3,168165778,168165905,.,1000,.,246.78828,-1.0,4.87269,58,168165836
chr8,9829577,9829679,.,1000,.,246.78489,-1.0,4.87269,43,9829620
chr9,93003830,93003947,.,1000,.,246.78226,-1.0,4.87269,67,93003897
chr17,81601621,81601776,.,1000,.,246.74302,-1.0,4.87269,80,81601701
chr14,59576799,59576926,.,1000,.,246.74123,-1.0,4.87269,59,59576858
chr11,18243890,18244001,.,1000,.,246.73294,-1.0,4.87269,50,18243940
chr13,33723970,33724089,.,1000,.,246.72977,-1.0,4.87269,49,33724019
chr2,218186391,218186528,.,1000,.,246.71893,-1.0,4.87269,77,218186468
chr6,64012351,64012509,.,1000,.,246.70779,-1.0,4.87269,80,64012431
chr4,1351948,1352100,.,1000,.,246.70671,-1.0,4.87269,103,1352051
chr7,99040489,99040629,.,1000,.,246.70322,-1.0,4.87269,74,99040563
chr3,157865459,157865597,.,1000,.,246.70239,-1.0,4.87269,72,157865531
chr14,55089673,55089815,.,1000,.,246.69937,-1.0,4.87269,66,55089739
chr9,32572398,32572528,.,1000,.,246.69745,-1.0,4.87269,70,32572468
chr5,126600786,126600965,.,1000,.,246.69615,-1.0,4.87269,80,126600866
chr18,74196495,74196636,.,1000,.,246.68788,-1.0,4.87269,70,74196565
chr2,95389266,95389409,.,1000,.,246.67938,-1.0,4.87269,73,95389339
chr12,52164022,52164165,.,1000,.,246.66924,-1.0,4.87269,80,52164102
chr17,4004723,4004858,.,1000,.,246.66081,-1.0,4.87269,76,4004799
chr12,77925623,77925812,.,1000,.,246.6536,-1.0,4.87269,119,77925742
chr1,172002886,172003008,.,1000,.,246.65143,-1.0,4.87269,52,172002938
chr4,121900507,121900654,.,1000,.,246.64518,-1.0,4.87269,74,121900581
chr20,19206029,19206166,.,1000,.,246.6409,-1.0,4.87269,87,19206116
chr19,16182849,16182976,.,1000,.,246.63849,-1.0,4.87269,58,16182907
chr6,44234260,44234394,.,1000,.,246.63733,-1.0,4.87269,60,44234320
chr5,138180323,138180434,.,1000,.,246.62905,-1.0,4.87269,59,138180382
chr1,39701980,39702112,.,1000,.,246.61027,-1.0,4.87269,55,39702035
chr2,227129921,227130040,.,1000,.,246.6061,-1.0,4.87269,64,227129985
chr1,205524416,205524546,.,1000,.,246.577,-1.0,4.87269,60,205524476
chr3,27134294,27134443,.,1000,.,246.56522,-1.0,4.87269,76,27134370
chr19,1929409,1929551,.,1000,.,246.56128,-1.0,4.87269,68,1929477
chrX,46408927,46409081,.,1000,.,246.55736,-1.0,4.87269,75,46409002
chr18,63979503,63979607,.,1000,.,246.53673,-1.0,4.87269,56,63979559
chr1,160607234,160607363,.,1000,.,246.52018,-1.0,4.87269,54,160607288
chr15,69394729,69394864,.,1000,.,246.51435,-1.0,4.87269,63,69394792
chr18,63318116,63318371,.,1000,.,246.48907,-1.0,4.87269,138,63318254
chr5,167723388,167723510,.,1000,.,246.47638,-1.0,4.87269,61,167723449
chr4,102625705,102625819,.,1000,.,246.47059,-1.0,4.87269,66,102625771
chr15,91247710,91247836,.,1000,.,246.45971,-1.0,4.87269,72,91247782
chr19,6632145,6632297,.,1000,.,246.4321,-1.0,4.87269,63,6632208
chr18,46281296,46281420,.,1000,.,246.43076,-1.0,4.87269,44,46281340
chr16,30032344,30032488,.,1000,.,246.42598,-1.0,4.87269,75,30032419
chr11,11849330,11849459,.,1000,.,246.42372,-1.0,4.87269,86,11849416
chr4,98995287,98995440,.,1000,.,246.41539,-1.0,4.87269,65,98995352
chr3,20340451,20340573,.,1000,.,246.40819,-1.0,4.87269,60,20340511
chr19,11923754,11923869,.,1000,.,246.40776,-1.0,4.87269,63,11923817
chr15,66497813,66497946,.,1000,.,246.40617,-1.0,4.87269,65,66497878
chr5,115098207,115098332,.,1000,.,246.39914,-1.0,4.87269,76,115098283
chr3,108915164,108915273,.,1000,.,246.39272,-1.0,4.87269,55,108915219
chr16,10981870,10981978,.,1000,.,246.38585,-1.0,4.87269,54,10981924
chr1,87953865,87953993,.,1000,.,246.37022,-1.0,4.87269,68,87953933
chr2,72973744,72973876,.,1000,.,246.35826,-1.0,4.87269,53,72973797
chr4,184745862,184746013,.,1000,.,246.35788,-1.0,4.87269,83,184745945
chr10,2928364,2928482,.,1000,.,246.3573,-1.0,4.87269,79,2928443
chr12,72017194,72017312,.,1000,.,246.35599,-1.0,4.87269,66,72017260
chr12,49347721,49347838,.,1000,.,246.34062,-1.0,4.87269,60,49347781
chr20,20860297,20860435,.,1000,.,246.33619,-1.0,4.87269,87,20860384
chr22,42780198,42780320,.,1000,.,246.32105,-1.0,4.87269,66,42780264
chr3,124565056,124565190,.,1000,.,246.30097,-1.0,4.87269,72,124565128
chr5,36739769,36739885,.,1000,.,246.2855,-1.0,4.87269,76,36739845
chr1,44786189,44786352,.,1000,.,246.28296,-1.0,4.87269,89,44786278
chr1,150464446,150464603,.,1000,.,246.27781,-1.0,4.87269,86,150464532
chrX,109891035,109891143,.,1000,.,246.26735,-1.0,4.87269,58,109891093
chr8,10590208,10590350,.,1000,.,246.25966,-1.0,4.87269,89,10590297
chr14,32254979,32255123,.,1000,.,246.24783,-1.0,4.87269,60,32255039
chr9,137067837,137067968,.,1000,.,246.24743,-1.0,4.87269,76,137067913
chr9,128191541,128191645,.,1000,.,246.24033,-1.0,4.87269,75,128191616
chr17,39864237,39864402,.,1000,.,246.23843,-1.0,4.87269,87,39864324
chr1,181038546,181038662,.,1000,.,246.23113,-1.0,4.87269,64,181038610
chr5,135191478,135191602,.,1000,.,246.21764,-1.0,4.87269,61,135191539
chr17,56819776,56819889,.,1000,.,246.21183,-1.0,4.87269,68,56819844
chr7,1176241,1176383,.,1000,.,246.20928,-1.0,4.87269,51,1176292
chr20,33299246,33299374,.,1000,.,246.20298,-1.0,4.87269,60,33299306
chrX,47523479,47523651,.,1000,.,246.20198,-1.0,4.87269,93,47523572
chr18,9073741,9073839,.,1000,.,246.19989,-1.0,4.87269,44,9073785
chr1,20522421,20522557,.,1000,.,246.18918,-1.0,4.87269,88,20522509
chr5,188724,188837,.,1000,.,246.18572,-1.0,4.87269,44,188768
chr14,106308867,106309319,.,1000,.,246.18131,-1.0,4.87269,215,106309082
chr4,36399895,36399972,.,1000,.,246.16052,-1.0,4.87269,60,36399955
chr8,143401284,143401420,.,1000,.,246.13462,-1.0,4.87269,52,143401336
chr15,73240986,73241123,.,1000,.,246.12187,-1.0,4.87269,75,73241061
chr17,42578522,42578643,.,1000,.,246.11396,-1.0,4.87269,79,42578601
chr12,121499993,121500116,.,1000,.,246.11249,-1.0,4.87269,78,121500071
chr11,109939317,109939447,.,1000,.,246.09827,-1.0,4.87269,66,109939383
chr17,80008513,80008633,.,1000,.,246.08758,-1.0,4.87269,69,80008582
chr1,220690210,220690362,.,1000,.,246.08136,-1.0,4.87269,74,220690284
chr3,105369882,105370003,.,1000,.,246.05697,-1.0,4.87269,73,105369955
chr17,65294298,65294419,.,1000,.,246.05438,-1.0,4.87269,60,65294358
chr1,155091529,155091672,.,1000,.,246.05185,-1.0,4.87269,85,155091614
chr4,25440048,25440194,.,1000,.,246.04171,-1.0,4.87269,60,25440108
chrX,136694919,136695036,.,1000,.,246.03928,-1.0,4.87269,79,136694998
chr11,42524768,42524907,.,1000,.,246.03196,-1.0,4.87269,56,42524824
chr19,3545209,3545335,.,1000,.,246.02077,-1.0,4.87269,54,3545263
chr10,24643004,24643121,.,1000,.,246.02042,-1.0,4.87269,70,24643074
chr6,46090245,46090358,.,1000,.,246.01808,-1.0,4.87269,56,46090301
chr14,24058415,24058524,.,1000,.,245.99968,-1.0,4.87269,44,24058459
chr6,152338648,152338784,.,1000,.,245.975,-1.0,4.87269,82,152338730
chr18,42298874,42298985,.,1000,.,245.96986,-1.0,4.87269,56,42298930
chr11,9614175,9614299,.,1000,.,245.96938,-1.0,4.87269,71,9614246
chr7,73607105,73607254,.,1000,.,245.96842,-1.0,4.87269,74,73607179
chr17,29807892,29808016,.,1000,.,245.96801,-1.0,4.87269,59,29807951
chr8,20231885,20232022,.,1000,.,245.96122,-1.0,4.87269,53,20231938
chr11,8328860,8329008,.,1000,.,245.93524,-1.0,4.87269,95,8328955
chr15,68559727,68559845,.,1000,.,245.87501,-1.0,4.87269,49,68559776
chr6,137271733,137271838,.,1000,.,245.87255,-1.0,4.87269,36,137271769
chr10,114471476,114471609,.,1000,.,245.86732,-1.0,4.87269,78,114471554
chr17,42843478,42843611,.,1000,.,245.8659,-1.0,4.87269,74,42843552
chr1,40032438,40032521,.,1000,.,245.8587,-1.0,4.87269,31,40032469
chr13,26930387,26930519,.,1000,.,245.85047,-1.0,4.87269,60,26930447
chr12,6960847,6960971,.,1000,.,245.83812,-1.0,4.87269,59,6960906
chr20,19903246,19903374,.,1000,.,245.82682,-1.0,4.87269,65,19903311
chr2,106582671,106582811,.,1000,.,245.82466,-1.0,4.87269,66,106582737
chr14,55354728,55354876,.,1000,.,245.82055,-1.0,4.87269,78,55354806
chr1,41432839,41432958,.,1000,.,245.81174,-1.0,4.87269,70,41432909
chr10,97463714,97463861,.,1000,.,245.81173,-1.0,4.87269,78,97463792
chr9,104743570,104743644,.,1000,.,245.79895,-1.0,4.87269,20,104743590
chr3,45593248,45593385,.,1000,.,245.79867,-1.0,4.87269,69,45593317
chr2,181715171,181715283,.,1000,.,245.79304,-1.0,4.87269,55,181715226
chr2,149597680,149597744,.,1000,.,245.77509,-1.0,4.87269,57,149597737
chr4,38062135,38062248,.,1000,.,245.77077,-1.0,4.87269,64,38062199
chr5,177455435,177455575,.,1000,.,245.74894,-1.0,4.87269,74,177455509
chr20,20017194,20017305,.,1000,.,245.73515,-1.0,4.87269,34,20017228
chr9,32579850,32580000,.,1000,.,245.73346,-1.0,4.87269,62,32579912
chr20,64039058,64039229,.,1000,.,245.72758,-1.0,4.87269,90,64039148
chr10,89426372,89426512,.,1000,.,245.722,-1.0,4.87269,63,89426435
chr15,38699789,38699911,.,1000,.,245.71437,-1.0,4.87269,51,38699840
chr1,51535120,51535246,.,1000,.,245.70873,-1.0,4.87269,70,51535190
chr15,90157977,90158088,.,1000,.,245.7037,-1.0,4.87269,40,90158017
chr11,72831583,72831718,.,1000,.,245.62786,-1.0,4.87269,58,72831641
chr5,174793825,174793954,.,1000,.,245.6021,-1.0,4.87269,64,174793889
chr7,37201706,37201813,.,1000,.,245.59329,-1.0,4.87269,61,37201767
chr13,45309561,45309676,.,1000,.,245.56965,-1.0,4.87269,59,45309620
chr3,115814902,115815033,.,1000,.,245.55695,-1.0,4.87269,74,115814976
chr1,151735175,151735311,.,1000,.,245.55317,-1.0,4.87269,57,151735232
chr7,67371919,67372045,.,1000,.,245.55251,-1.0,4.87269,59,67371978
chr19,13589355,13589504,.,1000,.,245.54879,-1.0,4.87269,56,13589411
chr17,3827293,3827416,.,1000,.,245.53874,-1.0,4.87269,53,3827346
chr10,58299627,58299760,.,1000,.,245.52926,-1.0,4.87269,59,58299686
chr22,33018362,33018520,.,1000,.,245.52444,-1.0,4.87269,77,33018439
chr5,179796206,179796336,.,1000,.,245.52104,-1.0,4.87269,81,179796287
chr5,156935002,156935122,.,1000,.,245.51575,-1.0,4.87269,57,156935059
chr5,174312091,174312217,.,1000,.,245.51155,-1.0,4.87269,73,174312164
chr20,63179374,63179535,.,1000,.,245.50473,-1.0,4.87269,83,63179457
chr6,27312805,27312918,.,1000,.,245.48628,-1.0,4.87269,56,27312861
chr6,37538237,37538353,.,1000,.,245.48611,-1.0,4.87269,71,37538308
chr13,99269734,99269839,.,1000,.,245.48217,-1.0,4.87269,86,99269820
chr14,30270758,30270974,.,1000,.,245.48083,-1.0,4.87269,108,30270866
chr3,33131724,33131875,.,1000,.,245.46242,-1.0,4.87269,71,33131795
chr19,12676448,12676582,.,1000,.,245.45491,-1.0,4.87269,61,12676509
chr1,207499642,207499775,.,1000,.,245.45433,-1.0,4.87269,53,207499695
chr16,22077835,22077988,.,1000,.,245.44528,-1.0,4.87269,71,22077906
chr1,152441003,152441107,.,1000,.,245.42272,-1.0,4.87269,53,152441056
chr2,70919948,70920083,.,1000,.,245.41307,-1.0,4.87269,61,70920009
chr11,123511364,123511498,.,1000,.,245.41039,-1.0,4.87269,47,123511411
chr22,17171535,17171715,.,1000,.,245.40696,-1.0,4.87269,83,17171618
chr12,92650078,92650191,.,1000,.,245.40062,-1.0,4.87269,58,92650136
chr16,21708653,21708776,.,1000,.,245.39723,-1.0,4.87269,54,21708707
chr1,177946085,177946198,.,1000,.,245.39301,-1.0,4.87269,62,177946147
chr19,55632497,55632620,.,1000,.,245.38769,-1.0,4.87269,63,55632560
chr6,38012722,38012849,.,1000,.,245.38107,-1.0,4.87269,74,38012796
chr4,165131372,165131508,.,1000,.,245.37069,-1.0,4.87269,57,165131429
chr2,15577241,15577324,.,1000,.,245.36572,-1.0,4.87269,33,15577274
chr13,106083737,106083907,.,1000,.,245.36532,-1.0,4.87269,83,106083820
chr4,26028860,26028991,.,1000,.,245.35837,-1.0,4.87269,50,26028910
chr20,14337673,14337798,.,1000,.,245.33426,-1.0,4.87269,87,14337760
chr6,160456077,160456192,.,1000,.,245.32804,-1.0,4.87269,74,160456151
chr4,80184194,80184340,.,1000,.,245.32424,-1.0,4.87269,67,80184261
chr5,142151971,142152120,.,1000,.,245.29802,-1.0,4.87269,78,142152049
chr3,129383407,129383519,.,1000,.,245.29765,-1.0,4.87269,59,129383466
chr10,49594665,49594772,.,1000,.,245.2951,-1.0,4.87269,52,49594717
chr21,36504345,36504470,.,1000,.,245.28779,-1.0,4.87269,75,36504420
chr17,3683063,3683229,.,1000,.,245.28482,-1.0,4.87269,92,3683155
chr2,38508465,38508564,.,1000,.,245.26585,-1.0,4.87269,65,38508530
chr8,108918532,108918650,.,1000,.,245.26409,-1.0,4.87269,57,108918589
chr2,237673172,237673277,.,1000,.,245.23444,-1.0,4.87269,56,237673228
chr12,43882695,43882815,.,1000,.,245.22564,-1.0,4.87269,65,43882760
chr1,162613783,162613912,.,1000,.,245.21825,-1.0,4.87269,77,162613860
chr1,113042743,113042887,.,1000,.,245.21686,-1.0,4.87269,73,113042816
chr17,981145,981299,.,1000,.,245.19479,-1.0,4.87269,75,981220
chrX,9885278,9885412,.,1000,.,245.16775,-1.0,4.87269,66,9885344
chr16,84622895,84623032,.,1000,.,245.15514,-1.0,4.87269,64,84622959
chr12,54439748,54439900,.,1000,.,245.13571,-1.0,4.87269,63,54439811
chr7,33185815,33185958,.,1000,.,245.12917,-1.0,4.87269,80,33185895
chr17,13024567,13024728,.,1000,.,245.09324,-1.0,4.87269,72,13024639
chr11,6315948,6316082,.,1000,.,245.08789,-1.0,4.87269,63,6316011
chr6,116287809,116287944,.,1000,.,245.08416,-1.0,4.87269,54,116287863
chr2,231530458,231530570,.,1000,.,245.07578,-1.0,4.87269,43,231530501
chr7,76201777,76201911,.,1000,.,245.06996,-1.0,4.87269,55,76201832
chr4,40149980,40150080,.,1000,.,245.06836,-1.0,4.87269,83,40150063
chr6,32868317,32868444,.,1000,.,245.06765,-1.0,4.87269,73,32868390
chr5,99032605,99032738,.,1000,.,245.06313,-1.0,4.87269,60,99032665
chr13,76473695,76473805,.,1000,.,245.05736,-1.0,4.87269,42,76473737
chr17,2053673,2053814,.,1000,.,245.05405,-1.0,4.87269,57,2053730
chr16,89948657,89948793,.,1000,.,245.05159,-1.0,4.87269,62,89948719
chrX,149286995,149287132,.,1000,.,245.04007,-1.0,4.87269,47,149287042
chr19,49226148,49226273,.,1000,.,244.99971,-1.0,4.87269,64,49226212
chr13,45281200,45281297,.,1000,.,244.99863,-1.0,4.87269,44,45281244
chr10,60964281,60964410,.,1000,.,244.99692,-1.0,4.87269,68,60964349
chr20,62808391,62808535,.,1000,.,244.99267,-1.0,4.87269,64,62808455
chr9,92716623,92716760,.,1000,.,244.98609,-1.0,4.87269,58,92716681
chr4,118281039,118281173,.,1000,.,244.97677,-1.0,4.87269,72,118281111
chr2,231674949,231675073,.,1000,.,244.97615,-1.0,4.87269,61,231675010
chr3,88203678,88203813,.,1000,.,244.97456,-1.0,4.87269,54,88203732
chr22,37044152,37044305,.,1000,.,244.94377,-1.0,4.87269,72,37044224
chr19,30666431,30666576,.,1000,.,244.93677,-1.0,4.87269,55,30666486
chrX,53071661,53071804,.,1000,.,244.93169,-1.0,4.87269,48,53071709
chr2,202573954,202574098,.,1000,.,244.93038,-1.0,4.87269,71,202574025
chr4,159175647,159175759,.,1000,.,244.90957,-1.0,4.87269,66,159175713
chr3,172750489,172750607,.,1000,.,244.90917,-1.0,4.87269,57,172750546
chr17,5587583,5587684,.,1000,.,244.90758,-1.0,4.87269,33,5587616
chr5,128213373,128213507,.,1000,.,244.89139,-1.0,4.87269,75,128213448
chr1,7982417,7982560,.,1000,.,244.88879,-1.0,4.87269,56,7982473
chr17,10226962,10227126,.,1000,.,244.86547,-1.0,4.87269,85,10227047
chr2,74919884,74920003,.,1000,.,244.85972,-1.0,4.87269,47,74919931
chr8,72005303,72005427,.,1000,.,244.85206,-1.0,4.87269,52,72005355
chr16,2153654,2153766,.,1000,.,244.84263,-1.0,4.87269,52,2153706
chr3,138417628,138417772,.,1000,.,244.83336,-1.0,4.87269,72,138417700
chr18,33232153,33232288,.,1000,.,244.82363,-1.0,4.87269,67,33232220
chr2,75404070,75404191,.,1000,.,244.82359,-1.0,4.87269,70,75404140
chr20,38221217,38221324,.,1000,.,244.8175,-1.0,4.87269,54,38221271
chr8,8750845,8750932,.,1000,.,244.8049,-1.0,4.87269,40,8750885
chr1,237864379,237864529,.,1000,.,244.80417,-1.0,4.87269,69,237864448
chr4,4995231,4995365,.,1000,.,244.80243,-1.0,4.87269,62,4995293
chr2,69559818,69559921,.,1000,.,244.7996,-1.0,4.87269,57,69559875
chr7,90427892,90428012,.,1000,.,244.79796,-1.0,4.87269,70,90427962
chr12,107885197,107885343,.,1000,.,244.78916,-1.0,4.87269,73,107885270
chr6,33700584,33700692,.,1000,.,244.78347,-1.0,4.87269,53,33700637
chr17,29370216,29370379,.,1000,.,244.78302,-1.0,4.87269,84,29370300
chr13,20182392,20182506,.,1000,.,244.7729,-1.0,4.87269,49,20182441
chr12,46661508,46661640,.,1000,.,244.77281,-1.0,4.87269,63,46661571
chr22,25447984,25448093,.,1000,.,244.75676,-1.0,4.87269,5,25447989
chr14,103518676,103518795,.,1000,.,244.73446,-1.0,4.87269,60,103518736
chr18,80157856,80157978,.,1000,.,244.73259,-1.0,4.87269,72,80157928
chr14,58166511,58166657,.,1000,.,244.73206,-1.0,4.87269,73,58166584
chr2,99490483,99490625,.,1000,.,244.72218,-1.0,4.87269,88,99490571
chr22,44820717,44820861,.,1000,.,244.7172,-1.0,4.87269,81,44820798
chr4,152500954,152501081,.,1000,.,244.71546,-1.0,4.87269,60,152501014
chr1,1291970,1292093,.,1000,.,244.70522,-1.0,4.87269,61,1292031
chrX,119730020,119730170,.,1000,.,244.70301,-1.0,4.87269,76,119730096
chr15,35444722,35444837,.,1000,.,244.67327,-1.0,4.87269,58,35444780
chr17,75412702,75412819,.,1000,.,244.66021,-1.0,4.87269,84,75412786
chr13,98673134,98673287,.,1000,.,244.64705,-1.0,4.87269,72,98673206
chr19,1826231,1826353,.,1000,.,244.64526,-1.0,4.87269,70,1826301
chr4,109422525,109422617,.,1000,.,244.64142,-1.0,4.87269,55,109422580
chr5,103808594,103808734,.,1000,.,244.62277,-1.0,4.87269,66,103808660
chr10,68156514,68156623,.,1000,.,244.62164,-1.0,4.87269,56,68156570
chr1,28602952,28603108,.,1000,.,244.61663,-1.0,4.87269,80,28603032
chr1,18820871,18821020,.,1000,.,244.60067,-1.0,4.87269,73,18820944
chr1,43946556,43946636,.,1000,.,244.58822,-1.0,4.87269,3,43946559
chr19,4872711,4872869,.,1000,.,244.5648,-1.0,4.87269,75,4872786
chr3,101803294,101803416,.,1000,.,244.56139,-1.0,4.87269,67,101803361
chr17,55296054,55296182,.,1000,.,244.54151,-1.0,4.87269,71,55296125
chr7,50468122,50468277,.,1000,.,244.53453,-1.0,4.87269,81,50468203
chr7,101542915,101543055,.,1000,.,244.51341,-1.0,4.87269,79,101542994
chr19,46265356,46265500,.,1000,.,244.50902,-1.0,4.87269,69,46265425
chr14,33839714,33839882,.,1000,.,244.49816,-1.0,4.87269,72,33839786
chr5,157253600,157253727,.,1000,.,244.49795,-1.0,4.87269,67,157253667
chr9,15211575,15211686,.,1000,.,244.4867,-1.0,4.87269,73,15211648
chr5,80672295,80672419,.,1000,.,244.47395,-1.0,4.87269,57,80672352
chr22,36277756,36277875,.,1000,.,244.46551,-1.0,4.87269,81,36277837
chr20,10553487,10553611,.,1000,.,244.46197,-1.0,4.87269,61,10553548
chr2,112048927,112049066,.,1000,.,244.45435,-1.0,4.87269,52,112048979
chr3,18758244,18758350,.,1000,.,244.45188,-1.0,4.87269,55,18758299
chr17,43576778,43576886,.,1000,.,244.43696,-1.0,4.87269,32,43576810
chr5,72611247,72611380,.,1000,.,244.40761,-1.0,4.87269,64,72611311
chr7,28922757,28922889,.,1000,.,244.39358,-1.0,4.87269,62,28922819
chr12,89529875,89530008,.,1000,.,244.39296,-1.0,4.87269,62,89529937
chr16,75471909,75472021,.,1000,.,244.37496,-1.0,4.87269,54,75471963
chr21,31604740,31604868,.,1000,.,244.37296,-1.0,4.87269,60,31604800
chr1,206664299,206664405,.,1000,.,244.37193,-1.0,4.87269,72,206664371
chr12,55724741,55724874,.,1000,.,244.37096,-1.0,4.87269,55,55724796
chr1,147172649,147172748,.,1000,.,244.36629,-1.0,4.87269,58,147172707
chr10,69237691,69237799,.,1000,.,244.35065,-1.0,4.87269,66,69237757
chr20,62301930,62302076,.,1000,.,244.34565,-1.0,4.87269,63,62301993
chr4,163548599,163548727,.,1000,.,244.34056,-1.0,4.87269,75,163548674
chr20,61896395,61896523,.,1000,.,244.30861,-1.0,4.87269,52,61896447
chr17,6473251,6473376,.,1000,.,244.30766,-1.0,4.87269,72,6473323
chr4,99808397,99808505,.,1000,.,244.30341,-1.0,4.87269,54,99808451
chr1,11664148,11664273,.,1000,.,244.28518,-1.0,4.87269,40,11664188
chr6,107848359,107848492,.,1000,.,244.26775,-1.0,4.87269,60,107848419
chr12,7092544,7092691,.,1000,.,244.2644,-1.0,4.87269,79,7092623
chr13,95189466,95189612,.,1000,.,244.22407,-1.0,4.87269,61,95189527
chr2,218292533,218292670,.,1000,.,244.21528,-1.0,4.87269,73,218292606
chr19,3986286,3986402,.,1000,.,244.20354,-1.0,4.87269,64,3986350
chr3,149512433,149512532,.,1000,.,244.19873,-1.0,4.87269,43,149512476
chr16,82230167,82230284,.,1000,.,244.19681,-1.0,4.87269,56,82230223
chr18,21179739,21179879,.,1000,.,244.19082,-1.0,4.87269,67,21179806
chr8,65645058,65645230,.,1000,.,244.18332,-1.0,4.87269,94,65645152
chr15,61835609,61835736,.,1000,.,244.17741,-1.0,4.87269,77,61835686
chrX,107777285,107777444,.,1000,.,244.17198,-1.0,4.87269,73,107777358
chr2,96951267,96951428,.,1000,.,244.16746,-1.0,4.87269,78,96951345
chr19,16417836,16417962,.,1000,.,244.15776,-1.0,4.87269,54,16417890
chr16,28218229,28218382,.,1000,.,244.15666,-1.0,4.87269,71,28218300
chr6,142566927,142567051,.,1000,.,244.15333,-1.0,4.87269,66,142566993
chr21,34603146,34603277,.,1000,.,244.1503,-1.0,4.87269,76,34603222
chr12,71747114,71747220,.,1000,.,244.13473,-1.0,4.87269,51,71747165
chr15,51650057,51650160,.,1000,.,244.11306,-1.0,4.87269,53,51650110
chr17,40362721,40362836,.,1000,.,244.11258,-1.0,4.87269,33,40362754
chr4,81351776,81351923,.,1000,.,244.10779,-1.0,4.87269,72,81351848
chr3,45040821,45040957,.,1000,.,244.10022,-1.0,4.87269,67,45040888
chr1,151071144,151071305,.,1000,.,244.0943,-1.0,4.87269,78,151071222
chr9,127586590,127586677,.,1000,.,244.08153,-1.0,4.87269,63,127586653
chr7,4610958,4611106,.,1000,.,244.079,-1.0,4.87269,67,4611025
chr11,45103228,45103353,.,1000,.,244.05467,-1.0,4.87269,62,45103290
chr8,9338390,9338539,.,1000,.,244.05359,-1.0,4.87269,81,9338471
chr3,48273751,48273890,.,1000,.,244.05031,-1.0,4.87269,50,48273801
chr20,3711012,3711158,.,1000,.,244.0343,-1.0,4.87269,69,3711081
chr3,122560792,122560917,.,1000,.,244.03346,-1.0,4.87269,48,122560840
chr8,65834681,65834803,.,1000,.,244.00511,-1.0,4.87269,66,65834747
chr3,38521524,38521655,.,1000,.,243.99857,-1.0,4.87269,50,38521574
chr14,96741509,96741624,.,1000,.,243.99663,-1.0,4.87269,74,96741583
chr12,77011068,77011150,.,1000,.,243.99235,-1.0,4.87269,64,77011132
chr17,76005701,76005830,.,1000,.,243.98488,-1.0,4.87269,62,76005763
chr2,170873333,170873450,.,1000,.,243.96831,-1.0,4.87269,60,170873393
chr17,81253418,81253571,.,1000,.,243.95141,-1.0,4.87269,89,81253507
chr8,139405856,139405980,.,1000,.,243.94819,-1.0,4.87269,87,139405943
chr10,86966661,86966802,.,1000,.,243.93646,-1.0,4.87269,73,86966734
chrX,120790181,120790299,.,1000,.,243.92004,-1.0,4.87269,36,120790217
chr18,50268553,50268666,.,1000,.,243.91826,-1.0,4.87269,62,50268615
chr11,115869945,115870058,.,1000,.,243.9059,-1.0,4.87269,30,115869975
chr11,2197313,2197454,.,1000,.,243.88834,-1.0,4.87269,78,2197391
chr6,152897932,152898063,.,1000,.,243.88598,-1.0,4.87269,61,152897993
chr17,8118854,8118985,.,1000,.,243.88141,-1.0,4.87269,55,8118909
chr3,5136758,5136901,.,1000,.,243.88041,-1.0,4.87269,90,5136848
chr5,75236847,75236982,.,1000,.,243.87718,-1.0,4.87269,72,75236919
chr13,75695924,75696046,.,1000,.,243.86924,-1.0,4.87269,71,75695995
chr4,82268718,82268848,.,1000,.,243.86501,-1.0,4.87269,57,82268775
chr12,6554203,6554321,.,1000,.,243.86241,-1.0,4.87269,52,6554255
chr9,97710742,97710854,.,1000,.,243.84201,-1.0,4.87269,57,97710799
chr1,24849813,24849935,.,1000,.,243.83987,-1.0,4.87269,66,24849879
chr8,47739037,47739129,.,1000,.,243.82676,-1.0,4.87269,37,47739074
chr3,123642513,123642680,.,1000,.,243.81898,-1.0,4.87269,70,123642583
chr19,46728877,46729015,.,1000,.,243.8133,-1.0,4.87269,52,46728929
chr1,70685423,70685547,.,1000,.,243.80839,-1.0,4.87269,55,70685478
chrX,16892928,16893058,.,1000,.,243.80606,-1.0,4.87269,65,16892993
chr3,14468180,14468300,.,1000,.,243.80369,-1.0,4.87269,73,14468253
chr4,165493423,165493563,.,1000,.,243.79534,-1.0,4.87269,74,165493497
chr5,64784543,64784654,.,1000,.,243.79458,-1.0,4.87269,60,64784603
chrX,131841500,131841627,.,1000,.,243.78978,-1.0,4.87269,55,131841555
chr2,238263617,238263722,.,1000,.,243.77225,-1.0,4.87269,34,238263651
chr4,70505278,70505406,.,1000,.,243.77157,-1.0,4.87269,63,70505341
chr6,73181159,73181295,.,1000,.,243.73823,-1.0,4.87269,55,73181214
chr2,223970395,223970554,.,1000,.,243.72449,-1.0,4.87269,77,223970472
chr15,77966900,77967026,.,1000,.,243.71964,-1.0,4.87269,72,77966972
chr7,98401287,98401405,.,1000,.,243.71802,-1.0,4.87269,56,98401343
chr9,40992091,40992307,.,1000,.,243.70324,-1.0,4.87269,108,40992199
chr8,125644674,125644798,.,1000,.,243.67558,-1.0,4.87269,55,125644729
chr4,184168546,184168672,.,1000,.,243.6501,-1.0,4.87269,58,184168604
chr15,40891972,40892124,.,1000,.,243.63261,-1.0,4.87269,57,40892029
chr17,45152100,45152258,.,1000,.,243.61711,-1.0,4.87269,84,45152184
chr3,101809322,101809444,.,1000,.,243.60948,-1.0,4.87269,59,101809381
chr2,113204018,113204153,.,1000,.,243.597,-1.0,4.87269,74,113204092
chr1,52141973,52142113,.,1000,.,243.59411,-1.0,4.87269,73,52142046
chr14,23929880,23930028,.,1000,.,243.5932,-1.0,4.87269,76,23929956
chr7,25093452,25093588,.,1000,.,243.5751,-1.0,4.87269,62,25093514
chr21,25421832,25421975,.,1000,.,243.57458,-1.0,4.87269,79,25421911
chr6,6494843,6494987,.,1000,.,243.55932,-1.0,4.87269,64,6494907
chr3,42247607,42247735,.,1000,.,243.55628,-1.0,4.87269,67,42247674
chr1,152185707,152185814,.,1000,.,243.546,-1.0,4.87269,57,152185764
chr1,10507555,10507666,.,1000,.,243.53705,-1.0,4.87269,48,10507603
chr1,24070940,24071073,.,1000,.,243.53253,-1.0,4.87269,80,24071020
chr13,31909984,31910200,.,1000,.,243.52469,-1.0,4.87269,108,31910092
chr17,42679899,42679984,.,1000,.,243.51817,-1.0,4.87269,37,42679936
chr5,141968904,141969030,.,1000,.,243.49684,-1.0,4.87269,91,141968995
chr19,38962240,38962357,.,1000,.,243.47861,-1.0,4.87269,66,38962306
chr2,76599915,76600022,.,1000,.,243.47703,-1.0,4.87269,37,76599952
chr1,66446526,66446632,.,1000,.,243.45843,-1.0,4.87269,79,66446605
chr15,74768985,74769100,.,1000,.,243.45396,-1.0,4.87269,54,74769039
chr2,73824070,73824185,.,1000,.,243.43175,-1.0,4.87269,59,73824129
chr17,10646525,10646654,.,1000,.,243.43169,-1.0,4.87269,76,10646601
chr1,248826658,248826768,.,1000,.,243.4295,-1.0,4.87269,42,248826700
chr6,97497891,97497949,.,1000,.,243.429,-1.0,4.87269,26,97497917
chr17,45235787,45235916,.,1000,.,243.42462,-1.0,4.87269,61,45235848
chr12,107918314,107918447,.,1000,.,243.41487,-1.0,4.87269,66,107918380
chr16,24010582,24010713,.,1000,.,243.39854,-1.0,4.87269,77,24010659
chr17,4882119,4882244,.,1000,.,243.38513,-1.0,4.87269,54,4882173
chr2,97740629,97740742,.,1000,.,243.37538,-1.0,4.87269,56,97740685
chr1,151836554,151836674,.,1000,.,243.35007,-1.0,4.87269,76,151836630
chr7,138008944,138009077,.,1000,.,243.33777,-1.0,4.87269,73,138009017
chr2,118881648,118881782,.,1000,.,243.32912,-1.0,4.87269,77,118881725
chr10,52884370,52884453,.,1000,.,243.32806,-1.0,4.87269,70,52884440
chr17,68399145,68399279,.,1000,.,243.32586,-1.0,4.87269,83,68399228
chr17,44331457,44331571,.,1000,.,243.32442,-1.0,4.87269,46,44331503
chr2,69714782,69714895,.,1000,.,243.31701,-1.0,4.87269,57,69714839
chr5,37413076,37413257,.,1000,.,243.31496,-1.0,4.87269,86,37413162
chr17,79742031,79742192,.,1000,.,243.30377,-1.0,4.87269,72,79742103
chr2,8685845,8686023,.,1000,.,243.30221,-1.0,4.87269,88,8685933
chr20,47725458,47725586,.,1000,.,243.29657,-1.0,4.87269,82,47725540
chr13,51797846,51797982,.,1000,.,243.29636,-1.0,4.87269,74,51797920
chr1,119809091,119809225,.,1000,.,243.28708,-1.0,4.87269,61,119809152
chr1,160006456,160006540,.,1000,.,243.27364,-1.0,4.87269,60,160006516
chr3,14203578,14203657,.,1000,.,243.25313,-1.0,4.87269,54,14203632
chr4,78951979,78952107,.,1000,.,243.25263,-1.0,4.87269,91,78952070
chr1,30782447,30782562,.,1000,.,243.24244,-1.0,4.87269,59,30782506
chr12,106224233,106224360,.,1000,.,243.22597,-1.0,4.87269,59,106224292
chr22,30286910,30287075,.,1000,.,243.21932,-1.0,4.87269,90,30287000
chr8,144326656,144326872,.,1000,.,243.20428,-1.0,4.87269,108,144326764
chr9,69672961,69673112,.,1000,.,243.19695,-1.0,4.87269,78,69673039
chr11,72447083,72447208,.,1000,.,243.17753,-1.0,4.87269,54,72447137
chr2,75677430,75677565,.,1000,.,243.16438,-1.0,4.87269,71,75677501
chr11,119729406,119729559,.,1000,.,243.14608,-1.0,4.87269,74,119729480
chr20,11274195,11274327,.,1000,.,243.11873,-1.0,4.87269,59,11274254
chr17,59329709,59329833,.,1000,.,243.11306,-1.0,4.87269,35,59329744
chr18,79528907,79529015,.,1000,.,243.10556,-1.0,4.87269,65,79528972
chr9,70602550,70602703,.,1000,.,243.09328,-1.0,4.87269,93,70602643
chr8,12840780,12840918,.,1000,.,243.08297,-1.0,4.87269,66,12840846
chr3,47324396,47324532,.,1000,.,243.08065,-1.0,4.87269,60,47324456
chr14,61860405,61860546,.,1000,.,243.06464,-1.0,4.87269,80,61860485
chr9,97615615,97615737,.,1000,.,243.05496,-1.0,4.87269,66,97615681
chr14,64511206,64511334,.,1000,.,243.0372,-1.0,4.87269,56,64511262
chr11,128031656,128031781,.,1000,.,243.0353,-1.0,4.87269,76,128031732
chr5,77144662,77144788,.,1000,.,243.01261,-1.0,4.87269,62,77144724
chr15,66386688,66386788,.,1000,.,243.00612,-1.0,4.87269,27,66386715
chr16,81623517,81623636,.,1000,.,242.98949,-1.0,4.87269,42,81623559
chr3,123489520,123489662,.,1000,.,242.98655,-1.0,4.87269,72,123489592
chr13,51896401,51896532,.,1000,.,242.98267,-1.0,4.87269,58,51896459
chr14,50342854,50342969,.,1000,.,242.96917,-1.0,4.87269,71,50342925
chr14,64636780,64636941,.,1000,.,242.96423,-1.0,4.87269,85,64636865
chr12,54958198,54958341,.,1000,.,242.96379,-1.0,4.87269,58,54958256
chr9,35736211,35736343,.,1000,.,242.9608,-1.0,4.87269,59,35736270
chr3,33372980,33373089,.,1000,.,242.9581,-1.0,4.87269,56,33373036
chr2,20963102,20963234,.,1000,.,242.95528,-1.0,4.87269,53,20963155
chr10,30414122,30414216,.,1000,.,242.95074,-1.0,4.87269,63,30414185
chr1,224644679,224644808,.,1000,.,242.94327,-1.0,4.87269,58,224644737
chr1,55140671,55140784,.,1000,.,242.93791,-1.0,4.87269,57,55140728
chr19,4204712,4204850,.,1000,.,242.93581,-1.0,4.87269,72,4204784
chr12,6617837,6617972,.,1000,.,242.9281,-1.0,4.87269,61,6617898
chr6,32854050,32854200,.,1000,.,242.92021,-1.0,4.87269,88,32854138
chr14,65222475,65222586,.,1000,.,242.91544,-1.0,4.87269,54,65222529
chr20,6142532,6142633,.,1000,.,242.89406,-1.0,4.87269,55,6142587
chr4,77385493,77385627,.,1000,.,242.89069,-1.0,4.87269,66,77385559
chr8,99358673,99358808,.,1000,.,242.87915,-1.0,4.87269,58,99358731
chr4,182806466,182806612,.,1000,.,242.87737,-1.0,4.87269,64,182806530
chr6,75935026,75935154,.,1000,.,242.87736,-1.0,4.87269,73,75935099
chr1,202135308,202135444,.,1000,.,242.87519,-1.0,4.87269,62,202135370
chr7,141738089,141738275,.,1000,.,242.86248,-1.0,4.87269,105,141738194
chr21,38352722,38352883,.,1000,.,242.85655,-1.0,4.87269,87,38352809
chr1,27284779,27284929,.,1000,.,242.85022,-1.0,4.87269,87,27284866
chr11,77127232,77127398,.,1000,.,242.84282,-1.0,4.87269,66,77127298
chr4,47686394,47686491,.,1000,.,242.84076,-1.0,4.87269,81,47686475
chr1,65075506,65075622,.,1000,.,242.83683,-1.0,4.87269,56,65075562
chr17,18248362,18248499,.,1000,.,242.8298,-1.0,4.87269,60,18248422
chr3,89099122,89099244,.,1000,.,242.82904,-1.0,4.87269,54,89099176
chr7,31443495,31443610,.,1000,.,242.82274,-1.0,4.87269,55,31443550
chr14,78566668,78566808,.,1000,.,242.82104,-1.0,4.87269,64,78566732
chrX,19904882,19905028,.,1000,.,242.80337,-1.0,4.87269,83,19904965
chr16,4309849,4309973,.,1000,.,242.80162,-1.0,4.87269,61,4309910
chr1,239976490,239976634,.,1000,.,242.78807,-1.0,4.87269,54,239976544
chr1,165718000,165718135,.,1000,.,242.783,-1.0,4.87269,86,165718086
chr7,26291739,26291892,.,1000,.,242.78023,-1.0,4.87269,72,26291811
chr1,43934844,43935018,.,1000,.,242.77912,-1.0,4.87269,97,43934941
chr1,223531888,223531988,.,1000,.,242.77724,-1.0,4.87269,32,223531920
chr3,63818686,63818807,.,1000,.,242.76922,-1.0,4.87269,48,63818734
chrX,15471133,15471245,.,1000,.,242.74663,-1.0,4.87269,54,15471187
chr5,138503901,138504024,.,1000,.,242.74392,-1.0,4.87269,35,138503936
chr12,100234845,100234939,.,1000,.,242.7287,-1.0,4.87269,50,100234895
chrX,69286090,69286215,.,1000,.,242.71453,-1.0,4.87269,82,69286172
chrX,37745503,37745600,.,1000,.,242.7077,-1.0,4.87269,46,37745549
chr2,207473285,207473359,.,1000,.,242.67683,-1.0,4.87269,48,207473333
chr2,202831654,202831801,.,1000,.,242.66809,-1.0,4.87269,74,202831728
chr6,108835373,108835489,.,1000,.,242.6411,-1.0,4.87269,56,108835429
chr2,176455051,176455179,.,1000,.,242.63888,-1.0,4.87269,58,176455109
chr6,41936435,41936557,.,1000,.,242.62494,-1.0,4.87269,55,41936490
chr11,122781548,122781651,.,1000,.,242.62229,-1.0,4.87269,53,122781601
chr14,99946995,99947121,.,1000,.,242.60942,-1.0,4.87269,74,99947069
chr3,58217285,58217427,.,1000,.,242.60514,-1.0,4.87269,86,58217371
chr11,122505880,122505991,.,1000,.,242.59478,-1.0,4.87269,59,122505939
chrX,68733023,68733151,.,1000,.,242.5943,-1.0,4.87269,69,68733092
chr18,72653165,72653254,.,1000,.,242.59421,-1.0,4.87269,14,72653179
chr3,113577990,113578114,.,1000,.,242.58388,-1.0,4.87269,58,113578048
chr8,133886207,133886331,.,1000,.,242.58135,-1.0,4.87269,73,133886280
chr2,75312086,75312159,.,1000,.,242.57722,-1.0,4.87269,60,75312146
chr1,89358406,89358535,.,1000,.,242.57159,-1.0,4.87269,76,89358482
chr1,37811174,37811292,.,1000,.,242.56913,-1.0,4.87269,74,37811248
chr17,60971902,60971994,.,1000,.,242.56275,-1.0,4.87269,65,60971967
chr17,35947222,35947316,.,1000,.,242.55962,-1.0,4.87269,83,35947305
chr5,128905665,128905783,.,1000,.,242.55149,-1.0,4.87269,45,128905710
chr12,131132521,131132686,.,1000,.,242.54046,-1.0,4.87269,80,131132601
chr5,134289654,134289787,.,1000,.,242.53958,-1.0,4.87269,70,134289724
chr1,61453497,61453641,.,1000,.,242.51388,-1.0,4.87269,75,61453572
chr16,84084894,84085006,.,1000,.,242.49984,-1.0,4.87269,76,84084970
chr9,97983224,97983371,.,1000,.,242.4955,-1.0,4.87269,77,97983301
chr22,45096390,45096524,.,1000,.,242.49543,-1.0,4.87269,65,45096455
chr12,64549702,64549810,.,1000,.,242.48258,-1.0,4.87269,56,64549758
chr6,87139382,87139488,.,1000,.,242.4628,-1.0,4.87269,56,87139438
chr18,76349208,76349342,.,1000,.,242.45776,-1.0,4.87269,58,76349266
chr3,27712166,27712333,.,1000,.,242.45631,-1.0,4.87269,79,27712245
chr16,107126,107291,.,1000,.,242.43391,-1.0,4.87269,88,107214
chr19,48291363,48291505,.,1000,.,242.43246,-1.0,4.87269,65,48291428
chr2,111887838,111887967,.,1000,.,242.42652,-1.0,4.87269,75,111887913
chr10,79562238,79562394,.,1000,.,242.42588,-1.0,4.87269,67,79562305
chr4,54233389,54233544,.,1000,.,242.42341,-1.0,4.87269,76,54233465
chr18,9516573,9516705,.,1000,.,242.39846,-1.0,4.87269,67,9516640
chr1,168439938,168440041,.,1000,.,242.39274,-1.0,4.87269,10,168439948
chr21,33445372,33445512,.,1000,.,242.36693,-1.0,4.87269,75,33445447
chr8,122780151,122780367,.,1000,.,242.36427,-1.0,4.87269,108,122780259
chr3,197187112,197187223,.,1000,.,242.35914,-1.0,4.87269,54,197187166
chr16,17579402,17579551,.,1000,.,242.34698,-1.0,4.87269,64,17579466
chr8,8669825,8669942,.,1000,.,242.34602,-1.0,4.87269,78,8669903
chr15,65189271,65189410,.,1000,.,242.33139,-1.0,4.87269,57,65189328
chr9,118522174,118522322,.,1000,.,242.32132,-1.0,4.87269,84,118522258
chr12,102883324,102883448,.,1000,.,242.31266,-1.0,4.87269,62,102883386
chr14,81453307,81453431,.,1000,.,242.30794,-1.0,4.87269,66,81453373
chr17,27349193,27349316,.,1000,.,242.29681,-1.0,4.87269,53,27349246
chr17,42101669,42101788,.,1000,.,242.2615,-1.0,4.87269,55,42101724
chr1,18884267,18884372,.,1000,.,242.25905,-1.0,4.87269,46,18884313
chr9,137029471,137029602,.,1000,.,242.25587,-1.0,4.87269,62,137029533
chr3,39101227,39101348,.,1000,.,242.25283,-1.0,4.87269,64,39101291
chr2,241610284,241610425,.,1000,.,242.22809,-1.0,4.87269,85,241610369
chr14,66495602,66495725,.,1000,.,242.22679,-1.0,4.87269,71,66495673
chr4,64539381,64539497,.,1000,.,242.21948,-1.0,4.87269,63,64539444
chr5,132385532,132385633,.,1000,.,242.21808,-1.0,4.87269,30,132385562
chr8,139341011,139341118,.,1000,.,242.21248,-1.0,4.87269,49,139341060
chr8,80091694,80091838,.,1000,.,242.1949,-1.0,4.87269,86,80091780
chr7,74026928,74027080,.,1000,.,242.1934,-1.0,4.87269,65,74026993
chr1,213374404,213374570,.,1000,.,242.18442,-1.0,4.87269,83,213374487
chr7,131654782,131654959,.,1000,.,242.18137,-1.0,4.87269,86,131654868
chr12,49288450,49288572,.,1000,.,242.17404,-1.0,4.87269,56,49288506
chr11,1882530,1882679,.,1000,.,242.1735,-1.0,4.87269,83,1882613
chr16,27155128,27155286,.,1000,.,242.16261,-1.0,4.87269,73,27155201
chr4,47122815,47122925,.,1000,.,242.16125,-1.0,4.87269,64,47122879
chrX,47831931,47832055,.,1000,.,242.14091,-1.0,4.87269,53,47831984
chr20,64083565,64083719,.,1000,.,242.13355,-1.0,4.87269,86,64083651
chr6,44221642,44221780,.,1000,.,242.1182,-1.0,4.87269,61,44221703
chr14,34672680,34672800,.,1000,.,242.11679,-1.0,4.87269,78,34672758
chr15,43769736,43769873,.,1000,.,242.10536,-1.0,4.87269,64,43769800
chr9,114082620,114082709,.,1000,.,242.10012,-1.0,4.87269,48,114082668
chr18,35756619,35756772,.,1000,.,242.09929,-1.0,4.87269,86,35756705
chr14,56579437,56579577,.,1000,.,242.08516,-1.0,4.87269,67,56579504
chr13,42110699,42110832,.,1000,.,242.07828,-1.0,4.87269,50,42110749
chr1,17494348,17494487,.,1000,.,242.05969,-1.0,4.87269,90,17494438
chr12,56258351,56258502,.,1000,.,242.0523,-1.0,4.87269,82,56258433
chr5,97142786,97142928,.,1000,.,242.01958,-1.0,4.87269,62,97142848
chrX,130192381,130192513,.,1000,.,242.00887,-1.0,4.87269,75,130192456
chr1,20101017,20101163,.,1000,.,242.00637,-1.0,4.87269,81,20101098
chr9,119969235,119969385,.,1000,.,241.99852,-1.0,4.87269,70,119969305
chr14,92681176,92681284,.,1000,.,241.99439,-1.0,4.87269,71,92681247
chr10,128078624,128078751,.,1000,.,241.99399,-1.0,4.87269,44,128078668
chr6,16286172,16286338,.,1000,.,241.99329,-1.0,4.87269,84,16286256
chrX,40651773,40651891,.,1000,.,241.98416,-1.0,4.87269,53,40651826
chr11,88552550,88552677,.,1000,.,241.95418,-1.0,4.87269,62,88552612
chr1,77683551,77683632,.,1000,.,241.94987,-1.0,4.87269,7,77683558
chr6,25223607,25223741,.,1000,.,241.9373,-1.0,4.87269,47,25223654
chr1,40144118,40144235,.,1000,.,241.92468,-1.0,4.87269,63,40144181
chr2,54522858,54522946,.,1000,.,241.9113,-1.0,4.87269,28,54522886
chr7,22726489,22726603,.,1000,.,241.90693,-1.0,4.87269,76,22726565
chr22,23862239,23862357,.,1000,.,241.88799,-1.0,4.87269,48,23862287
chr12,8950056,8950181,.,1000,.,241.88349,-1.0,4.87269,46,8950102
chr2,121080284,121080399,.,1000,.,241.87911,-1.0,4.87269,66,121080350
chr10,44311128,44311268,.,1000,.,241.87637,-1.0,4.87269,46,44311174
chr9,4762688,4762801,.,1000,.,241.87358,-1.0,4.87269,34,4762722
chr11,57249851,57249982,.,1000,.,241.85869,-1.0,4.87269,65,57249916
chr3,64533730,64533858,.,1000,.,241.85512,-1.0,4.87269,73,64533803
chr17,55348886,55349028,.,1000,.,241.84792,-1.0,4.87269,73,55348959
chr11,66022545,66022702,.,1000,.,241.82504,-1.0,4.87269,77,66022622
chr4,87150933,87151032,.,1000,.,241.82059,-1.0,4.87269,51,87150984
chr8,9369082,9369249,.,1000,.,241.81437,-1.0,4.87269,91,9369173
chr12,76037220,76037366,.,1000,.,241.80601,-1.0,4.87269,68,76037288
chr17,16536977,16537100,.,1000,.,241.80503,-1.0,4.87269,63,16537040
chr10,69958413,69958539,.,1000,.,241.80137,-1.0,4.87269,55,69958468
chr6,148464866,148464987,.,1000,.,241.79133,-1.0,4.87269,65,148464931
chr9,134099301,134099422,.,1000,.,241.78912,-1.0,4.87269,63,134099364
chr1,65687794,65687865,.,1000,.,241.7826,-1.0,4.87269,65,65687859
chr15,52208478,52208616,.,1000,.,241.78195,-1.0,4.87269,73,52208551
chrX,12894252,12894344,.,1000,.,241.77928,-1.0,4.87269,21,12894273
chr13,39616232,39616340,.,1000,.,241.7553,-1.0,4.87269,54,39616286
chr1,206933472,206933578,.,1000,.,241.75307,-1.0,4.87269,51,206933523
chr22,30262972,30263097,.,1000,.,241.7475,-1.0,4.87269,56,30263028
chr11,72793748,72793951,.,1000,.,241.74426,-1.0,4.87269,62,72793810
chrX,12701770,12701916,.,1000,.,241.7433,-1.0,4.87269,79,12701849
chr3,50121674,50121811,.,1000,.,241.73025,-1.0,4.87269,52,50121726
chrX,136925286,136925405,.,1000,.,241.72649,-1.0,4.87269,56,136925342
chr1,161227480,161227609,.,1000,.,241.72261,-1.0,4.87269,50,161227530
chr12,64698153,64698290,.,1000,.,241.71226,-1.0,4.87269,57,64698210
chr8,65761958,65762098,.,1000,.,241.70803,-1.0,4.87269,67,65762025
chr9,82961662,82961776,.,1000,.,241.7029,-1.0,4.87269,48,82961710
chr8,6830209,6830360,.,1000,.,241.68066,-1.0,4.87269,76,6830285
chr2,68909952,68910060,.,1000,.,241.67446,-1.0,4.87269,40,68909992
chr5,177309795,177309931,.,1000,.,241.67333,-1.0,4.87269,71,177309866
chr11,1515612,1515743,.,1000,.,241.64748,-1.0,4.87269,72,1515684
chr2,85889076,85889243,.,1000,.,241.64637,-1.0,4.87269,98,85889174
chr11,75706385,75706503,.,1000,.,241.64422,-1.0,4.87269,57,75706442
chr13,52127850,52127990,.,1000,.,241.61567,-1.0,4.87269,87,52127937
chr22,20981855,20981983,.,1000,.,241.61463,-1.0,4.87269,42,20981897
chr2,158754121,158754273,.,1000,.,241.60906,-1.0,4.87269,81,158754202
chr12,68223279,68223393,.,1000,.,241.58345,-1.0,4.87269,41,68223320
chr17,40533417,40533528,.,1000,.,241.58162,-1.0,4.87269,67,40533484
chr6,169831744,169831888,.,1000,.,241.57101,-1.0,4.87269,80,169831824
chr1,108125661,108125778,.,1000,.,241.56005,-1.0,4.87269,56,108125717
chr4,151117463,151117589,.,1000,.,241.55297,-1.0,4.87269,81,151117544
chr8,117330241,117330384,.,1000,.,241.53522,-1.0,4.87269,75,117330316
chr15,99704510,99704625,.,1000,.,241.52013,-1.0,4.87269,64,99704574
chrX,71129274,71129424,.,1000,.,241.51658,-1.0,4.87269,85,71129359
chr2,186641852,186641985,.,1000,.,241.51136,-1.0,4.87269,71,186641923
chr17,32937030,32937173,.,1000,.,241.50624,-1.0,4.87269,77,32937107
chr3,187738932,187739044,.,1000,.,241.49382,-1.0,4.87269,67,187738999
chr6,127420578,127420704,.,1000,.,241.48498,-1.0,4.87269,71,127420649
chr10,35126821,35126938,.,1000,.,241.48453,-1.0,4.87269,62,35126883
chr12,92785275,92785351,.,1000,.,241.47018,-1.0,4.87269,15,92785290
chr7,120792134,120792233,.,1000,.,241.469,-1.0,4.87269,63,120792197
chr5,150458932,150459068,.,1000,.,241.46044,-1.0,4.87269,77,150459009
chr11,102341897,102341996,.,1000,.,241.44165,-1.0,4.87269,43,102341940
chr8,37153312,37153468,.,1000,.,241.42204,-1.0,4.87269,83,37153395
chr20,9617172,9617311,.,1000,.,241.41913,-1.0,4.87269,61,9617233
chr6,136793069,136793175,.,1000,.,241.40604,-1.0,4.87269,87,136793156
chr11,67266244,67266390,.,1000,.,241.37923,-1.0,4.87269,95,67266339
chr10,45672598,45672756,.,1000,.,241.37725,-1.0,4.87269,61,45672659
chr11,62340298,62340467,.,1000,.,241.37388,-1.0,4.87269,86,62340384
chr1,35726959,35727109,.,1000,.,241.36231,-1.0,4.87269,71,35727030
chr8,89725910,89726013,.,1000,.,241.36195,-1.0,4.87269,77,89725987
chr7,149624767,149624869,.,1000,.,241.36108,-1.0,4.87269,57,149624824
chr7,132580849,132580980,.,1000,.,241.33319,-1.0,4.87269,69,132580918
chr5,174935996,174936139,.,1000,.,241.332,-1.0,4.87269,83,174936079
chrX,140733867,140734018,.,1000,.,241.31637,-1.0,4.87269,79,140733946
chr11,57483120,57483283,.,1000,.,241.30942,-1.0,4.87269,94,57483214
chr6,18596351,18596480,.,1000,.,241.25471,-1.0,4.87269,68,18596419
chr12,120583503,120583626,.,1000,.,241.25439,-1.0,4.87269,70,120583573
chrX,84729851,84729967,.,1000,.,241.25333,-1.0,4.87269,58,84729909
chr6,47097469,47097597,.,1000,.,241.24291,-1.0,4.87269,67,47097536
chr4,181143403,181143497,.,1000,.,241.23639,-1.0,4.87269,37,181143440
chr16,87278732,87278868,.,1000,.,241.23579,-1.0,4.87269,63,87278795
chr6,36423220,36423355,.,1000,.,241.20853,-1.0,4.87269,80,36423300
chr16,68261659,68261771,.,1000,.,241.20704,-1.0,4.87269,83,68261742
chr4,166165960,166166094,.,1000,.,241.20472,-1.0,4.87269,55,166166015
chr22,21938669,21938773,.,1000,.,241.20206,-1.0,4.87269,44,21938713
chr1,23691622,23691724,.,1000,.,241.20157,-1.0,4.87269,64,23691686
chr22,41577011,41577159,.,1000,.,241.20022,-1.0,4.87269,74,41577085
chr4,121192541,121192640,.,1000,.,241.18089,-1.0,4.87269,71,121192612
chr12,751372,751488,.,1000,.,241.15723,-1.0,4.87269,60,751432
chr3,194344031,194344161,.,1000,.,241.15087,-1.0,4.87269,77,194344108
chr5,151126261,151126373,.,1000,.,241.14776,-1.0,4.87269,60,151126321
chr11,19557798,19557925,.,1000,.,241.12975,-1.0,4.87269,68,19557866
chr13,29708027,29708172,.,1000,.,241.11322,-1.0,4.87269,68,29708095
chr6,150080756,150080891,.,1000,.,241.10908,-1.0,4.87269,75,150080831
chr1,226333533,226333658,.,1000,.,241.09882,-1.0,4.87269,68,226333601
chr18,36017799,36017904,.,1000,.,241.0878,-1.0,4.87269,51,36017850
chr1,84945046,84945207,.,1000,.,241.08753,-1.0,4.87269,83,84945129
chr2,64488130,64488253,.,1000,.,241.0799,-1.0,4.87269,38,64488168
chr10,104350310,104350422,.,1000,.,241.07475,-1.0,4.87269,48,104350358
chr1,226912719,226912868,.,1000,.,241.07111,-1.0,4.87269,67,226912786
chr12,52880035,52880174,.,1000,.,241.06653,-1.0,4.87269,78,52880113
chr4,186201955,186202114,.,1000,.,241.06642,-1.0,4.87269,89,186202044
chr15,89472919,89473023,.,1000,.,241.05633,-1.0,4.87269,45,89472964
chr11,72025214,72025342,.,1000,.,241.04485,-1.0,4.87269,65,72025279
chr19,47247524,47247625,.,1000,.,241.04331,-1.0,4.87269,58,47247582
chr6,56851895,56852012,.,1000,.,241.02906,-1.0,4.87269,77,56851972
chr17,74199717,74199873,.,1000,.,241.00891,-1.0,4.87269,85,74199802
chr15,28975788,28975946,.,1000,.,240.98598,-1.0,4.87269,91,28975879
chr16,66478811,66478937,.,1000,.,240.98557,-1.0,4.87269,77,66478888
chr2,37891071,37891186,.,1000,.,240.97306,-1.0,4.87269,48,37891119
chr2,24084412,24084554,.,1000,.,240.96423,-1.0,4.87269,61,24084473
chr2,205948214,205948335,.,1000,.,240.9588,-1.0,4.87269,51,205948265
chr9,38363145,38363285,.,1000,.,240.9484,-1.0,4.87269,69,38363214
chr7,98421125,98421232,.,1000,.,240.94477,-1.0,4.87269,54,98421179
chr17,64306982,64307131,.,1000,.,240.9396,-1.0,4.87269,80,64307062
chr20,25179296,25179426,.,1000,.,240.93205,-1.0,4.87269,55,25179351
chr1,211476330,211476460,.,1000,.,240.92286,-1.0,4.87269,80,211476410
chr12,121624727,121624864,.,1000,.,240.91281,-1.0,4.87269,56,121624783
chr17,4909213,4909319,.,1000,.,240.91158,-1.0,4.87269,57,4909270
chr5,137660455,137660589,.,1000,.,240.91135,-1.0,4.87269,65,137660520
chr20,59598764,59598889,.,1000,.,240.89738,-1.0,4.87269,69,59598833
chr6,157873870,157873995,.,1000,.,240.87901,-1.0,4.87269,52,157873922
chr6,29702635,29702758,.,1000,.,240.86671,-1.0,4.87269,51,29702686
chr6,85323558,85323683,.,1000,.,240.84144,-1.0,4.87269,62,85323620
chr4,39695804,39695931,.,1000,.,240.82533,-1.0,4.87269,60,39695864
chr22,49767432,49767546,.,1000,.,240.81738,-1.0,4.87269,54,49767486
chr19,55467917,55468052,.,1000,.,240.80921,-1.0,4.87269,47,55467964
chr15,92918054,92918182,.,1000,.,240.80374,-1.0,4.87269,64,92918118
chr20,35463819,35463945,.,1000,.,240.7982,-1.0,4.87269,78,35463897
chr14,64540365,64540581,.,1000,.,240.79117,-1.0,4.87269,108,64540473
chrX,110450218,110450322,.,1000,.,240.7772,-1.0,4.87269,53,110450271
chr18,51668272,51668374,.,1000,.,240.72671,-1.0,4.87269,28,51668300
chr12,16939901,16940083,.,1000,.,240.72414,-1.0,4.87269,109,16940010
chr7,51161160,51161284,.,1000,.,240.68956,-1.0,4.87269,53,51161213
chr18,37538003,37538146,.,1000,.,240.68929,-1.0,4.87269,61,37538064
chr6,30597463,30597575,.,1000,.,240.68776,-1.0,4.87269,54,30597517
chr1,86380407,86380516,.,1000,.,240.68384,-1.0,4.87269,53,86380460
chr10,123559477,123559571,.,1000,.,240.67045,-1.0,4.87269,49,123559526
chrX,12901591,12901688,.,1000,.,240.67019,-1.0,4.87269,83,12901674
chr12,120302166,120302291,.,1000,.,240.66773,-1.0,4.87269,52,120302218
chr10,121975210,121975338,.,1000,.,240.65643,-1.0,4.87269,63,121975273
chr11,121194846,121194980,.,1000,.,240.64609,-1.0,4.87269,64,121194910
chr4,54234379,54234495,.,1000,.,240.64168,-1.0,4.87269,60,54234439
chr8,144509765,144509904,.,1000,.,240.63788,-1.0,4.87269,92,144509857
chr9,136339310,136339425,.,1000,.,240.63242,-1.0,4.87269,67,136339377
chr6,155327635,155327738,.,1000,.,240.62416,-1.0,4.87269,56,155327691
chr3,109082134,109082266,.,1000,.,240.62319,-1.0,4.87269,71,109082205
chr17,57114156,57114311,.,1000,.,240.56717,-1.0,4.87269,85,57114241
chr1,5509989,5510122,.,1000,.,240.56679,-1.0,4.87269,73,5510062
chr5,91101920,91102055,.,1000,.,240.56561,-1.0,4.87269,51,91101971
chr9,20941224,20941333,.,1000,.,240.54909,-1.0,4.87269,37,20941261
chr7,786524,786625,.,1000,.,240.53667,-1.0,4.87269,63,786587
chr2,20411575,20411657,.,1000,.,240.53462,-1.0,4.87269,32,20411607
chr1,67760376,67760501,.,1000,.,240.51961,-1.0,4.87269,78,67760454
chr6,141562941,141563089,.,1000,.,240.51866,-1.0,4.87269,74,141563015
chr5,177403821,177403912,.,1000,.,240.50929,-1.0,4.87269,76,177403897
chr13,62512285,62512402,.,1000,.,240.50546,-1.0,4.87269,69,62512354
chr1,63692056,63692188,.,1000,.,240.48865,-1.0,4.87269,51,63692107
chr19,48107464,48107592,.,1000,.,240.48646,-1.0,4.87269,52,48107516
chr10,97731872,97731996,.,1000,.,240.47153,-1.0,4.87269,81,97731953
chr7,128387813,128387935,.,1000,.,240.46845,-1.0,4.87269,61,128387874
chr8,30227745,30227871,.,1000,.,240.45788,-1.0,4.87269,60,30227805
chr19,1848773,1848901,.,1000,.,240.4524,-1.0,4.87269,61,1848834
chr17,13003219,13003342,.,1000,.,240.44707,-1.0,4.87269,70,13003289
chr20,4956318,4956447,.,1000,.,240.44691,-1.0,4.87269,71,4956389
chr22,46758914,46759049,.,1000,.,240.44659,-1.0,4.87269,71,46758985
chr11,3609776,3609915,.,1000,.,240.44187,-1.0,4.87269,80,3609856
chr4,54319014,54319169,.,1000,.,240.43163,-1.0,4.87269,78,54319092
chrX,46759364,46759502,.,1000,.,240.42959,-1.0,4.87269,90,46759454
chr17,35089388,35089538,.,1000,.,240.41674,-1.0,4.87269,90,35089478
chr2,47272474,47272604,.,1000,.,240.40421,-1.0,4.87269,74,47272548
chr22,17171916,17172032,.,1000,.,240.39939,-1.0,4.87269,57,17171973
chr17,72986252,72986347,.,1000,.,240.38036,-1.0,4.87269,43,72986295
chrX,55057777,55057916,.,1000,.,240.38008,-1.0,4.87269,66,55057843
chr7,50205436,50205586,.,1000,.,240.37502,-1.0,4.87269,87,50205523
chr17,43878671,43878786,.,1000,.,240.36494,-1.0,4.87269,50,43878721
chr2,61917996,61918119,.,1000,.,240.34527,-1.0,4.87269,48,61918044
chr13,94362537,94362630,.,1000,.,240.33897,-1.0,4.87269,52,94362589
chr8,106591894,106592022,.,1000,.,240.33188,-1.0,4.87269,70,106591964
chr2,151238967,151239110,.,1000,.,240.3302,-1.0,4.87269,65,151239032
chr14,77655096,77655227,.,1000,.,240.3274,-1.0,4.87269,69,77655165
chr12,153300,153428,.,1000,.,240.32436,-1.0,4.87269,54,153354
chr1,206479622,206479730,.,1000,.,240.31423,-1.0,4.87269,60,206479682
chr7,121995086,121995221,.,1000,.,240.31222,-1.0,4.87269,71,121995157
chr14,92686997,92687129,.,1000,.,240.28362,-1.0,4.87269,65,92687062
chr4,86498686,86498801,.,1000,.,240.28129,-1.0,4.87269,70,86498756
chr6,32692169,32692302,.,1000,.,240.25383,-1.0,4.87269,44,32692213
chr13,99176700,99176813,.,1000,.,240.237,-1.0,4.87269,54,99176754
chr1,15815648,15815771,.,1000,.,240.23453,-1.0,4.87269,55,15815703
chr6,31551460,31551587,.,1000,.,240.21673,-1.0,4.87269,70,31551530
chr16,362253,362410,.,1000,.,240.21379,-1.0,4.87269,68,362321
chr20,45095914,45096041,.,1000,.,240.21059,-1.0,4.87269,68,45095982
chr2,118202830,118202971,.,1000,.,240.20881,-1.0,4.87269,73,118202903
chr2,237060889,237061024,.,1000,.,240.19179,-1.0,4.87269,74,237060963
chr9,36407168,36407283,.,1000,.,240.18727,-1.0,4.87269,51,36407219
chr5,95664258,95664388,.,1000,.,240.1837,-1.0,4.87269,62,95664320
chr17,28416932,28417046,.,1000,.,240.16285,-1.0,4.87269,64,28416996
chr2,18520641,18520779,.,1000,.,240.13687,-1.0,4.87269,58,18520699
chr5,97162106,97162239,.,1000,.,240.12377,-1.0,4.87269,53,97162159
chr12,56047222,56047342,.,1000,.,240.12338,-1.0,4.87269,70,56047292
chr15,63487396,63487515,.,1000,.,240.11406,-1.0,4.87269,82,63487478
chr2,230008304,230008408,.,1000,.,240.11251,-1.0,4.87269,53,230008357
chr8,143281715,143281843,.,1000,.,240.08067,-1.0,4.87269,53,143281768
chr1,33298801,33298927,.,1000,.,240.05799,-1.0,4.87269,57,33298858
chr1,219661199,219661292,.,1000,.,240.04436,-1.0,4.87269,52,219661251
chr1,223244960,223245109,.,1000,.,240.03255,-1.0,4.87269,74,223245034
chr1,206734638,206734797,.,1000,.,240.03117,-1.0,4.87269,84,206734722
chr7,71733399,71733530,.,1000,.,240.01588,-1.0,4.87269,64,71733463
chr18,48664381,48664500,.,1000,.,240.00368,-1.0,4.87269,61,48664442
chr10,96830640,96830777,.,1000,.,239.98443,-1.0,4.87269,91,96830731
chr6,160750341,160750442,.,1000,.,239.98437,-1.0,4.87269,32,160750373
chr6,40308811,40308950,.,1000,.,239.9837,-1.0,4.87269,83,40308894
chr10,53601398,53601509,.,1000,.,239.96477,-1.0,4.87269,64,53601462
chr7,16982746,16982870,.,1000,.,239.96258,-1.0,4.87269,75,16982821
chr8,24229470,24229615,.,1000,.,239.95291,-1.0,4.87269,64,24229534
chr3,30693654,30693777,.,1000,.,239.94727,-1.0,4.87269,58,30693712
chr7,32846737,32846855,.,1000,.,239.85127,-1.0,4.87269,57,32846794
chr3,179322807,179322958,.,1000,.,239.83221,-1.0,4.87269,93,179322900
chr7,123367655,123367787,.,1000,.,239.82985,-1.0,4.87269,52,123367707
chr11,66386297,66386407,.,1000,.,239.77525,-1.0,4.87269,50,66386347
chr1,157489482,157489627,.,1000,.,239.77086,-1.0,4.87269,65,157489547
chr12,45543969,45544066,.,1000,.,239.72063,-1.0,4.87269,24,45543993
chr5,58460862,58460945,.,1000,.,239.71216,-1.0,4.87269,65,58460927
chr8,39892147,39892262,.,1000,.,239.69946,-1.0,4.87269,48,39892195
chr6,107114351,107114500,.,1000,.,239.69758,-1.0,4.87269,64,107114415
chr21,37221257,37221332,.,1000,.,239.68061,-1.0,4.87269,45,37221302
chr3,112734832,112734968,.,1000,.,239.67397,-1.0,4.87269,81,112734913
chr2,45643803,45643913,.,1000,.,239.67024,-1.0,4.87269,27,45643830
chr17,9292277,9292441,.,1000,.,239.63862,-1.0,4.87269,86,9292363
chr18,74493775,74493876,.,1000,.,239.62629,-1.0,4.87269,42,74493817
chr12,27384155,27384254,.,1000,.,239.58982,-1.0,4.87269,31,27384186
chr10,63084023,63084130,.,1000,.,239.58809,-1.0,4.87269,65,63084088
chr12,79555657,79555795,.,1000,.,239.56213,-1.0,4.87269,64,79555721
chr2,152635820,152635920,.,1000,.,239.55503,-1.0,4.87269,40,152635860
chr20,2743190,2743327,.,1000,.,239.55065,-1.0,4.87269,80,2743270
chr22,32529049,32529190,.,1000,.,239.54358,-1.0,4.87269,62,32529111
chr11,43283060,43283203,.,1000,.,239.5378,-1.0,4.87269,66,43283126
chr11,12331429,12331555,.,1000,.,239.53641,-1.0,4.87269,59,12331488
chr9,125189778,125189994,.,1000,.,239.52307,-1.0,4.87269,108,125189886
chr4,10015313,10015453,.,1000,.,239.52223,-1.0,4.87269,63,10015376
chr3,25897167,25897285,.,1000,.,239.51548,-1.0,4.87269,59,25897226
chr1,94061557,94061688,.,1000,.,239.48945,-1.0,4.87269,48,94061605
chr1,236868978,236869110,.,1000,.,239.48382,-1.0,4.87269,80,236869058
chr7,142535150,142535285,.,1000,.,239.48226,-1.0,4.87269,70,142535220
chr3,354480,354595,.,1000,.,239.48178,-1.0,4.87269,69,354549
chr16,30535800,30535921,.,1000,.,239.47258,-1.0,4.87269,67,30535867
chr8,98163823,98163956,.,1000,.,239.46851,-1.0,4.87269,73,98163896
chr16,89574738,89574876,.,1000,.,239.46659,-1.0,4.87269,57,89574795
chr2,18387826,18387946,.,1000,.,239.46645,-1.0,4.87269,50,18387876
chr19,40420743,40420873,.,1000,.,239.46298,-1.0,4.87269,67,40420810
chr14,93906844,93907006,.,1000,.,239.45711,-1.0,4.87269,85,93906929
chr15,90143264,90143387,.,1000,.,239.44086,-1.0,4.87269,66,90143330
chr11,16820389,16820526,.,1000,.,239.43924,-1.0,4.87269,66,16820455
chr19,7568494,7568642,.,1000,.,239.43552,-1.0,4.87269,64,7568558
chr16,69112795,69112934,.,1000,.,239.43473,-1.0,4.87269,55,69112850
chr8,56010686,56010828,.,1000,.,239.43126,-1.0,4.87269,93,56010779
chr7,36670965,36671106,.,1000,.,239.4294,-1.0,4.87269,55,36671020
chr11,44286382,44286598,.,1000,.,239.39583,-1.0,4.87269,108,44286490
chr15,51776299,51776433,.,1000,.,239.37362,-1.0,4.87269,68,51776367
chr10,97914858,97914969,.,1000,.,239.37225,-1.0,4.87269,76,97914934
chr6,37381641,37381697,.,1000,.,239.36799,-1.0,4.87269,31,37381672
chr3,45761253,45761367,.,1000,.,239.36274,-1.0,4.87269,66,45761319
chr1,6486599,6486697,.,1000,.,239.35454,-1.0,4.87269,39,6486638
chr4,107737144,107737229,.,1000,.,239.33261,-1.0,4.87269,45,107737189
chr10,59906538,59906698,.,1000,.,239.33205,-1.0,4.87269,83,59906621
chr6,6584838,6584952,.,1000,.,239.32933,-1.0,4.87269,38,6584876
chr9,3732745,3732863,.,1000,.,239.32442,-1.0,4.87269,45,3732790
chr9,109244655,109244786,.,1000,.,239.31813,-1.0,4.87269,58,109244713
chr22,18024571,18024688,.,1000,.,239.31503,-1.0,4.87269,48,18024619
chr6,40912492,40912605,.,1000,.,239.31445,-1.0,4.87269,50,40912542
chr2,204325500,204325628,.,1000,.,239.30806,-1.0,4.87269,79,204325579
chr3,142994117,142994228,.,1000,.,239.30008,-1.0,4.87269,46,142994163
chr1,52921735,52921870,.,1000,.,239.28857,-1.0,4.87269,62,52921797
chr10,133307807,133307952,.,1000,.,239.27763,-1.0,4.87269,77,133307884
chr13,59391742,59391898,.,1000,.,239.27075,-1.0,4.87269,73,59391815
chr1,151251853,151251957,.,1000,.,239.26345,-1.0,4.87269,46,151251899
chr1,91166230,91166356,.,1000,.,239.26211,-1.0,4.87269,75,91166305
chr7,151018268,151018409,.,1000,.,239.26065,-1.0,4.87269,53,151018321
chrX,17046632,17046761,.,1000,.,239.25406,-1.0,4.87269,69,17046701
chr7,95527540,95527679,.,1000,.,239.22975,-1.0,4.87269,74,95527614
chr2,42086573,42086672,.,1000,.,239.22558,-1.0,4.87269,73,42086646
chr12,120971885,120971994,.,1000,.,239.21879,-1.0,4.87269,52,120971937
chr13,33228680,33228804,.,1000,.,239.20578,-1.0,4.87269,72,33228752
chr5,135566295,135566439,.,1000,.,239.19412,-1.0,4.87269,61,135566356
chr11,121112687,121112799,.,1000,.,239.18879,-1.0,4.87269,55,121112742
chr20,46349082,46349241,.,1000,.,239.17668,-1.0,4.87269,83,46349165
chr11,65588799,65588953,.,1000,.,239.16499,-1.0,4.87269,81,65588880
chr5,149367583,149367726,.,1000,.,239.14376,-1.0,4.87269,62,149367645
chr11,33808366,33808455,.,1000,.,239.13759,-1.0,4.87269,43,33808409
chr19,3822028,3822105,.,1000,.,239.13734,-1.0,4.87269,51,3822079
chr16,57418975,57419109,.,1000,.,239.13484,-1.0,4.87269,64,57419039
chr22,47213681,47213810,.,1000,.,239.13264,-1.0,4.87269,74,47213755
chr7,36987247,36987329,.,1000,.,239.12995,-1.0,4.87269,57,36987304
chr12,51421399,51421533,.,1000,.,239.12831,-1.0,4.87269,61,51421460
chr10,123582217,123582433,.,1000,.,239.11435,-1.0,4.87269,108,123582325
chr16,11641467,11641633,.,1000,.,239.10574,-1.0,4.87269,86,11641553
chr17,75764660,75764814,.,1000,.,239.09037,-1.0,4.87269,73,75764733
chr5,18466222,18466355,.,1000,.,239.08587,-1.0,4.87269,67,18466289
chr10,73529469,73529596,.,1000,.,239.08543,-1.0,4.87269,69,73529538
chrX,43557964,43558064,.,1000,.,239.08432,-1.0,4.87269,53,43558017
chr2,637104,637233,.,1000,.,239.06775,-1.0,4.87269,56,637160
chr14,23559604,23559723,.,1000,.,239.0493,-1.0,4.87269,49,23559653
chr12,66107526,66107648,.,1000,.,239.04518,-1.0,4.87269,58,66107584
chr6,127465012,127465114,.,1000,.,239.03557,-1.0,4.87269,47,127465059
chr7,140518023,140518160,.,1000,.,239.03254,-1.0,4.87269,72,140518095
chr2,109546241,109546349,.,1000,.,239.02484,-1.0,4.87269,45,109546286
chr7,122093059,122093180,.,1000,.,239.00689,-1.0,4.87269,75,122093134
chr20,45044207,45044298,.,1000,.,238.98271,-1.0,4.87269,42,45044249
chr8,128322791,128322929,.,1000,.,238.97577,-1.0,4.87269,53,128322844
chr20,43538200,43538310,.,1000,.,238.97553,-1.0,4.87269,66,43538266
chr4,154559510,154559645,.,1000,.,238.96936,-1.0,4.87269,76,154559586
chr11,13335372,13335499,.,1000,.,238.95255,-1.0,4.87269,70,13335442
chr9,27529780,27529916,.,1000,.,238.95171,-1.0,4.87269,76,27529856
chr12,56594210,56594380,.,1000,.,238.95014,-1.0,4.87269,80,56594290
chr5,127313986,127314106,.,1000,.,238.94451,-1.0,4.87269,67,127314053
chr11,94325810,94325939,.,1000,.,238.93035,-1.0,4.87269,60,94325870
chr18,59308605,59308747,.,1000,.,238.91774,-1.0,4.87269,57,59308662
chr12,32365585,32365699,.,1000,.,238.91363,-1.0,4.87269,66,32365651
chr15,45037206,45037323,.,1000,.,238.90191,-1.0,4.87269,66,45037272
chr22,26360527,26360652,.,1000,.,238.90056,-1.0,4.87269,63,26360590
chr1,150922556,150922772,.,1000,.,238.89622,-1.0,4.87269,108,150922664
chr4,110315595,110315737,.,1000,.,238.87471,-1.0,4.87269,57,110315652
chr6,79814006,79814119,.,1000,.,238.86931,-1.0,4.87269,52,79814058
chr10,102422793,102422905,.,1000,.,238.86931,-1.0,4.87269,63,102422856
chr10,110547306,110547409,.,1000,.,238.86913,-1.0,4.87269,50,110547356
chr21,29849826,29849953,.,1000,.,238.86707,-1.0,4.87269,67,29849893
chr14,90235466,90235604,.,1000,.,238.85611,-1.0,4.87269,65,90235531
chr1,206608242,206608354,.,1000,.,238.85589,-1.0,4.87269,47,206608289
chr15,45167497,45167620,.,1000,.,238.85537,-1.0,4.87269,49,45167546
chr14,24436823,24436948,.,1000,.,238.85066,-1.0,4.87269,72,24436895
chr12,48936507,48936646,.,1000,.,238.84318,-1.0,4.87269,70,48936577
chr5,133553040,133553173,.,1000,.,238.83896,-1.0,4.87269,65,133553105
chr15,64067658,64067775,.,1000,.,238.8348,-1.0,4.87269,59,64067717
chr9,132972725,132972841,.,1000,.,238.8275,-1.0,4.87269,49,132972774
chr12,53099559,53099670,.,1000,.,238.81938,-1.0,4.87269,54,53099613
chr2,23351632,23351771,.,1000,.,238.81763,-1.0,4.87269,75,23351707
chr10,104353688,104353791,.,1000,.,238.80398,-1.0,4.87269,38,104353726
chr7,37198972,37199093,.,1000,.,238.80169,-1.0,4.87269,76,37199048
chr11,65078293,65078394,.,1000,.,238.78348,-1.0,4.87269,58,65078351
chr1,74689954,74690043,.,1000,.,238.78022,-1.0,4.87269,48,74690002
chr7,29921543,29921667,.,1000,.,238.77326,-1.0,4.87269,75,29921618
chr13,78121618,78121737,.,1000,.,238.75928,-1.0,4.87269,64,78121682
chr8,8670650,8670787,.,1000,.,238.75741,-1.0,4.87269,100,8670750
chr1,71050144,71050259,.,1000,.,238.75334,-1.0,4.87269,52,71050196
chr3,44323496,44323615,.,1000,.,238.74533,-1.0,4.87269,49,44323545
chr5,157995023,157995161,.,1000,.,238.74154,-1.0,4.87269,68,157995091
chr1,220218775,220218888,.,1000,.,238.72571,-1.0,4.87269,65,220218840
chr1,93062325,93062467,.,1000,.,238.71884,-1.0,4.87269,63,93062388
chr4,155442412,155442528,.,1000,.,238.7125,-1.0,4.87269,64,155442476
chr7,22001536,22001676,.,1000,.,238.70172,-1.0,4.87269,53,22001589
chr7,39746297,39746443,.,1000,.,238.70165,-1.0,4.87269,64,39746361
chr16,85759956,85760095,.,1000,.,238.6809,-1.0,4.87269,62,85760018
chr15,40344683,40344814,.,1000,.,238.6782,-1.0,4.87269,49,40344732
chr19,50537826,50537958,.,1000,.,238.66064,-1.0,4.87269,82,50537908
chr9,116661195,116661320,.,1000,.,238.65994,-1.0,4.87269,62,116661257
chr11,57800756,57800972,.,1000,.,238.63156,-1.0,4.87269,108,57800864
chr11,107563737,107563882,.,1000,.,238.63032,-1.0,4.87269,88,107563825
chr13,111067887,111068007,.,1000,.,238.62956,-1.0,4.87269,61,111067948
chr14,44846364,44846464,.,1000,.,238.62521,-1.0,4.87269,57,44846421
chr11,11266177,11266281,.,1000,.,238.61036,-1.0,4.87269,23,11266200
chr15,98442490,98442638,.,1000,.,238.58312,-1.0,4.87269,85,98442575
chr17,6436105,6436230,.,1000,.,238.56,-1.0,4.87269,62,6436167
chr15,63945369,63945516,.,1000,.,238.5486,-1.0,4.87269,81,63945450
chr7,2865137,2865248,.,1000,.,238.5386,-1.0,4.87269,64,2865201
chr20,25065860,25065967,.,1000,.,238.53562,-1.0,4.87269,67,25065927
chr10,110306298,110306430,.,1000,.,238.52279,-1.0,4.87269,58,110306356
chr1,76331118,76331247,.,1000,.,238.51822,-1.0,4.87269,71,76331189
chr8,106856644,106856759,.,1000,.,238.51379,-1.0,4.87269,56,106856700
chr17,47802543,47802626,.,1000,.,238.49478,-1.0,4.87269,36,47802579
chr4,54322944,54323080,.,1000,.,238.49196,-1.0,4.87269,78,54323022
chr8,100527045,100527160,.,1000,.,238.46132,-1.0,4.87269,69,100527114
chr6,118893994,118894123,.,1000,.,238.45908,-1.0,4.87269,78,118894072
chr4,105471728,105471824,.,1000,.,238.44482,-1.0,4.87269,44,105471772
chr19,40305457,40305554,.,1000,.,238.44375,-1.0,4.87269,61,40305518
chr10,119306752,119306872,.,1000,.,238.43422,-1.0,4.87269,70,119306822
chr1,211259030,211259192,.,1000,.,238.39665,-1.0,4.87269,75,211259105
chr12,48988185,48988318,.,1000,.,238.39133,-1.0,4.87269,79,48988264
chr2,88160020,88160147,.,1000,.,238.37534,-1.0,4.87269,62,88160082
chr6,89940568,89940694,.,1000,.,238.36739,-1.0,4.87269,73,89940641
chr4,13656598,13656733,.,1000,.,238.33586,-1.0,4.87269,68,13656666
chr5,113679044,113679186,.,1000,.,238.30334,-1.0,4.87269,72,113679116
chr2,237968608,237968715,.,1000,.,238.30203,-1.0,4.87269,44,237968652
chr2,112958959,112959083,.,1000,.,238.30169,-1.0,4.87269,56,112959015
chr16,10971596,10971719,.,1000,.,238.29905,-1.0,4.87269,57,10971653
chr9,94065560,94065666,.,1000,.,238.28622,-1.0,4.87269,68,94065628
chr17,74961719,74961853,.,1000,.,238.28368,-1.0,4.87269,55,74961774
chr4,111943820,111943979,.,1000,.,238.27503,-1.0,4.87269,85,111943905
chr3,56989000,56989150,.,1000,.,238.27273,-1.0,4.87269,70,56989070
chr4,69881288,69881433,.,1000,.,238.26301,-1.0,4.87269,86,69881374
chrX,131816844,131816973,.,1000,.,238.24524,-1.0,4.87269,49,131816893
chr20,7286054,7286184,.,1000,.,238.23847,-1.0,4.87269,52,7286106
chr3,179811745,179811852,.,1000,.,238.23791,-1.0,4.87269,56,179811801
chr2,208072429,208072552,.,1000,.,238.22845,-1.0,4.87269,46,208072475
chr17,39164707,39164829,.,1000,.,238.21788,-1.0,4.87269,73,39164780
chr14,67584194,67584278,.,1000,.,238.2086,-1.0,4.87269,29,67584223
chr22,50327046,50327188,.,1000,.,238.1772,-1.0,4.87269,62,50327108
chr2,166539490,166539613,.,1000,.,238.16057,-1.0,4.87269,58,166539548
chr9,36023560,36023648,.,1000,.,238.14335,-1.0,4.87269,57,36023617
chr12,42372333,42372438,.,1000,.,238.13684,-1.0,4.87269,44,42372377
chr15,31977931,31978070,.,1000,.,238.12134,-1.0,4.87269,73,31978004
chr5,164013198,164013351,.,1000,.,238.10219,-1.0,4.87269,70,164013268
chr10,100342492,100342610,.,1000,.,238.10069,-1.0,4.87269,57,100342549
chr1,24898214,24898345,.,1000,.,238.09824,-1.0,4.87269,86,24898300
chr20,47677918,47678134,.,1000,.,238.09418,-1.0,4.87269,108,47678026
chr14,105203078,105203224,.,1000,.,238.08717,-1.0,4.87269,71,105203149
chr19,41597690,41597794,.,1000,.,238.08498,-1.0,4.87269,68,41597758
chr1,79497299,79497428,.,1000,.,238.06367,-1.0,4.87269,61,79497360
chr9,1460262,1460373,.,1000,.,238.05767,-1.0,4.87269,70,1460332
chr17,51322528,51322649,.,1000,.,238.04914,-1.0,4.87269,63,51322591
chr14,81170694,81170782,.,1000,.,238.03866,-1.0,4.87269,75,81170769
chr19,35549304,35549455,.,1000,.,238.01972,-1.0,4.87269,68,35549372
chrX,20067290,20067440,.,1000,.,238.00345,-1.0,4.87269,79,20067369
chr1,176375087,176375228,.,1000,.,237.99893,-1.0,4.87269,80,176375167
chr11,72471416,72471555,.,1000,.,237.98657,-1.0,4.87269,63,72471479
chr1,35774793,35774924,.,1000,.,237.95797,-1.0,4.87269,56,35774849
chr16,84622270,84622375,.,1000,.,237.95409,-1.0,4.87269,52,84622322
chrX,9709115,9709263,.,1000,.,237.94821,-1.0,4.87269,57,9709172
chr6,34460019,34460133,.,1000,.,237.9446,-1.0,4.87269,65,34460084
chr6,7615570,7615707,.,1000,.,237.94073,-1.0,4.87269,86,7615656
chr17,65137214,65137353,.,1000,.,237.93122,-1.0,4.87269,60,65137274
chr3,4290410,4290547,.,1000,.,237.91739,-1.0,4.87269,66,4290476
chr19,42244822,42245038,.,1000,.,237.90211,-1.0,4.87269,108,42244930
chr14,64823360,64823470,.,1000,.,237.89927,-1.0,4.87269,37,64823397
chr3,48507759,48507874,.,1000,.,237.8905,-1.0,4.87269,42,48507801
chr18,11519196,11519329,.,1000,.,237.88599,-1.0,4.87269,76,11519272
chr10,120948981,120949121,.,1000,.,237.8637,-1.0,4.87269,70,120949051
chr5,32093312,32093457,.,1000,.,237.8615,-1.0,4.87269,84,32093396
chr4,185183740,185183868,.,1000,.,237.83502,-1.0,4.87269,76,185183816
chr14,80954869,80954980,.,1000,.,237.82652,-1.0,4.87269,54,80954923
chr13,27359330,27359466,.,1000,.,237.80639,-1.0,4.87269,69,27359399
chr15,81106591,81106700,.,1000,.,237.78829,-1.0,4.87269,75,81106666
chr12,110431462,110431601,.,1000,.,237.76522,-1.0,4.87269,77,110431539
chr7,95511820,95511945,.,1000,.,237.76295,-1.0,4.87269,59,95511879
chr12,56193090,56193178,.,1000,.,237.75339,-1.0,4.87269,53,56193143
chr6,113306671,113306778,.,1000,.,237.73734,-1.0,4.87269,62,113306733
chr3,119681461,119681529,.,1000,.,237.72416,-1.0,4.87269,24,119681485
chr15,68550612,68550741,.,1000,.,237.71811,-1.0,4.87269,62,68550674
chr10,96293424,96293536,.,1000,.,237.71508,-1.0,4.87269,47,96293471
chr15,78618522,78618636,.,1000,.,237.71094,-1.0,4.87269,59,78618581
chr18,55415387,55415531,.,1000,.,237.70242,-1.0,4.87269,86,55415473
chr6,33589779,33589895,.,1000,.,237.67705,-1.0,4.87269,51,33589830
chr9,34664430,34664545,.,1000,.,237.67045,-1.0,4.87269,52,34664482
chr7,88243362,88243510,.,1000,.,237.65383,-1.0,4.87269,78,88243440
chr12,66861276,66861421,.,1000,.,237.65313,-1.0,4.87269,75,66861351
chr6,148948008,148948135,.,1000,.,237.61788,-1.0,4.87269,64,148948072
chr8,52496275,52496424,.,1000,.,237.59741,-1.0,4.87269,75,52496350
chr12,94875679,94875895,.,1000,.,237.5938,-1.0,4.87269,108,94875787
chr14,21103660,21103772,.,1000,.,237.58024,-1.0,4.87269,62,21103722
chr14,71322814,71322892,.,1000,.,237.56496,-1.0,4.87269,26,71322840
chr4,89024211,89024322,.,1000,.,237.54668,-1.0,4.87269,50,89024261
chr11,120952927,120953082,.,1000,.,237.52464,-1.0,4.87269,76,120953003
chr1,27046010,27046162,.,1000,.,237.50982,-1.0,4.87269,73,27046083
chr10,106705687,106705808,.,1000,.,237.50364,-1.0,4.87269,65,106705752
chr9,69422338,69422454,.,1000,.,237.49098,-1.0,4.87269,35,69422373
chr17,9965738,9965895,.,1000,.,237.47334,-1.0,4.87269,64,9965802
chr10,93080395,93080515,.,1000,.,237.47172,-1.0,4.87269,58,93080453
chr22,31977304,31977415,.,1000,.,237.45603,-1.0,4.87269,56,31977360
chr7,141654610,141654732,.,1000,.,237.38456,-1.0,4.87269,46,141654656
chr3,56702617,56702719,.,1000,.,237.37479,-1.0,4.87269,67,56702684
chr10,80046977,80047080,.,1000,.,237.372,-1.0,4.87269,87,80047064
chr12,87995720,87995853,.,1000,.,237.36463,-1.0,4.87269,70,87995790
chr5,168679561,168679690,.,1000,.,237.36415,-1.0,4.87269,76,168679637
chr6,34986895,34987010,.,1000,.,237.35798,-1.0,4.87269,44,34986939
chr3,52851503,52851629,.,1000,.,237.3488,-1.0,4.87269,70,52851573
chr3,5426459,5426575,.,1000,.,237.33843,-1.0,4.87269,78,5426537
chr22,37260970,37261094,.,1000,.,237.33564,-1.0,4.87269,77,37261047
chr19,18520356,18520504,.,1000,.,237.30129,-1.0,4.87269,60,18520416
chr1,33095106,33095240,.,1000,.,237.29718,-1.0,4.87269,74,33095180
chr6,15441386,15441529,.,1000,.,237.29391,-1.0,4.87269,64,15441450
chr1,201530868,201531008,.,1000,.,237.29201,-1.0,4.87269,63,201530931
chr1,207869172,207869287,.,1000,.,237.28371,-1.0,4.87269,57,207869229
chr8,79684731,79684849,.,1000,.,237.26746,-1.0,4.87269,56,79684787
chr3,98602240,98602324,.,1000,.,237.26458,-1.0,4.87269,28,98602268
chr3,184544090,184544226,.,1000,.,237.26107,-1.0,4.87269,76,184544166
chr12,112992915,112993050,.,1000,.,237.2364,-1.0,4.87269,83,112992998
chr8,117304238,117304377,.,1000,.,237.23094,-1.0,4.87269,75,117304313
chr18,48476016,48476133,.,1000,.,237.22301,-1.0,4.87269,56,48476072
chr6,137641638,137641754,.,1000,.,237.21762,-1.0,4.87269,55,137641693
chr3,196978786,196978921,.,1000,.,237.21458,-1.0,4.87269,49,196978835
chr16,19167736,19167891,.,1000,.,237.21442,-1.0,4.87269,66,19167802
chr14,64983840,64983950,.,1000,.,237.21106,-1.0,4.87269,58,64983898
chr11,102733394,102733512,.,1000,.,237.20245,-1.0,4.87269,56,102733450
chr17,60720889,60721000,.,1000,.,237.17869,-1.0,4.87269,56,60720945
chr2,9139835,9139983,.,1000,.,237.16779,-1.0,4.87269,69,9139904
chr7,101507909,101508059,.,1000,.,237.15838,-1.0,4.87269,68,101507977
chr9,108761908,108762036,.,1000,.,237.1501,-1.0,4.87269,73,108761981
chr17,32139038,32139137,.,1000,.,237.14478,-1.0,4.87269,23,32139061
chr13,110222343,110222474,.,1000,.,237.11957,-1.0,4.87269,57,110222400
chr10,3192972,3193101,.,1000,.,237.10664,-1.0,4.87269,60,3193032
chr4,121307938,121308043,.,1000,.,237.09617,-1.0,4.87269,40,121307978
chr16,89706064,89706186,.,1000,.,237.09065,-1.0,4.87269,49,89706113
chr22,26665597,26665702,.,1000,.,237.08012,-1.0,4.87269,65,26665662
chr1,15994660,15994788,.,1000,.,237.07627,-1.0,4.87269,63,15994723
chr17,68759992,68760129,.,1000,.,237.07546,-1.0,4.87269,67,68760059
chr1,165601729,165601862,.,1000,.,237.05396,-1.0,4.87269,75,165601804
chr2,63189064,63189187,.,1000,.,237.05007,-1.0,4.87269,65,63189129
chrX,115643073,115643199,.,1000,.,237.04246,-1.0,4.87269,52,115643125
chr9,93963081,93963212,.,1000,.,237.04138,-1.0,4.87269,62,93963143
chr2,238970616,238970731,.,1000,.,237.02921,-1.0,4.87269,58,238970674
chr11,74739884,74740000,.,1000,.,237.01812,-1.0,4.87269,77,74739961
chr7,148575714,148575854,.,1000,.,236.99728,-1.0,4.87269,70,148575784
chr7,134141402,134141515,.,1000,.,236.99379,-1.0,4.87269,55,134141457
chr1,161738887,161739009,.,1000,.,236.98793,-1.0,4.87269,50,161738937
chr8,25170259,25170378,.,1000,.,236.97695,-1.0,4.87269,61,25170320
chr6,138509509,138509658,.,1000,.,236.96742,-1.0,4.87269,69,138509578
chr1,204398655,204398755,.,1000,.,236.94258,-1.0,4.87269,71,204398726
chr20,23937439,23937573,.,1000,.,236.92974,-1.0,4.87269,70,23937509
chr4,54228143,54228312,.,1000,.,236.90904,-1.0,4.87269,95,54228238
chr11,60618856,60618952,.,1000,.,236.90404,-1.0,4.87269,42,60618898
chr18,12237318,12237449,.,1000,.,236.90317,-1.0,4.87269,65,12237383
chr18,58781656,58781786,.,1000,.,236.89414,-1.0,4.87269,71,58781727
chr12,52372669,52372800,.,1000,.,236.8838,-1.0,4.87269,59,52372728
chr14,51780201,51780330,.,1000,.,236.85915,-1.0,4.87269,77,51780278
chr19,49672438,49672561,.,1000,.,236.85171,-1.0,4.87269,74,49672512
chr2,42975183,42975306,.,1000,.,236.84441,-1.0,4.87269,54,42975237
chr4,93764782,93764886,.,1000,.,236.84303,-1.0,4.87269,38,93764820
chr11,48172973,48173088,.,1000,.,236.83647,-1.0,4.87269,51,48173024
chr7,29408889,29409004,.,1000,.,236.82282,-1.0,4.87269,64,29408953
chr1,151534806,151534930,.,1000,.,236.80717,-1.0,4.87269,63,151534869
chr5,109691112,109691271,.,1000,.,236.78963,-1.0,4.87269,84,109691196
chrX,131763800,131763883,.,1000,.,236.77871,-1.0,4.87269,70,131763870
chr5,159156879,159157001,.,1000,.,236.77786,-1.0,4.87269,69,159156948
chr15,82198140,82198257,.,1000,.,236.76858,-1.0,4.87269,62,82198202
chr4,129362822,129362945,.,1000,.,236.75678,-1.0,4.87269,58,129362880
chr17,19992863,19992993,.,1000,.,236.74184,-1.0,4.87269,77,19992940
chr1,186986009,186986123,.,1000,.,236.73391,-1.0,4.87269,75,186986084
chr8,48925717,48925863,.,1000,.,236.73091,-1.0,4.87269,56,48925773
chr5,139690149,139690317,.,1000,.,236.72872,-1.0,4.87269,86,139690235
chr11,61446294,61446417,.,1000,.,236.72287,-1.0,4.87269,58,61446352
chr15,44578586,44578689,.,1000,.,236.71356,-1.0,4.87269,61,44578647
chr5,142748682,142748842,.,1000,.,236.7093,-1.0,4.87269,81,142748763
chr5,76175193,76175314,.,1000,.,236.7075,-1.0,4.87269,62,76175255
chr1,50348830,50348936,.,1000,.,236.66861,-1.0,4.87269,53,50348883
chr11,102288106,102288186,.,1000,.,236.65021,-1.0,4.87269,30,102288136
chr4,140851177,140851271,.,1000,.,236.64237,-1.0,4.87269,44,140851221
chr12,52213595,52213751,.,1000,.,236.61967,-1.0,4.87269,83,52213678
chr3,96813229,96813379,.,1000,.,236.57562,-1.0,4.87269,84,96813313
chr22,31231282,31231394,.,1000,.,236.57471,-1.0,4.87269,63,31231345
chr11,74449467,74449572,.,1000,.,236.56688,-1.0,4.87269,48,74449515
chr11,65180960,65181085,.,1000,.,236.5647,-1.0,4.87269,68,65181028
chr4,41661574,41661712,.,1000,.,236.55383,-1.0,4.87269,77,41661651
chr6,33172768,33172912,.,1000,.,236.55321,-1.0,4.87269,57,33172825
chr3,58568695,58568814,.,1000,.,236.52618,-1.0,4.87269,62,58568757
chr22,26645405,26645511,.,1000,.,236.51447,-1.0,4.87269,59,26645464
chr20,45293871,45294012,.,1000,.,236.51296,-1.0,4.87269,64,45293935
chr11,102941110,102941215,.,1000,.,236.49083,-1.0,4.87269,60,102941170
chr22,46013503,46013617,.,1000,.,236.4803,-1.0,4.87269,54,46013557
chr9,137445395,137445531,.,1000,.,236.47693,-1.0,4.87269,54,137445449
chrX,68827882,68828022,.,1000,.,236.46939,-1.0,4.87269,72,68827954
chr1,27198057,27198152,.,1000,.,236.45685,-1.0,4.87269,50,27198107
chr4,152846811,152846959,.,1000,.,236.45386,-1.0,4.87269,81,152846892
chr17,75238788,75238906,.,1000,.,236.4498,-1.0,4.87269,57,75238845
chr11,7987034,7987135,.,1000,.,236.44764,-1.0,4.87269,36,7987070
chr12,6063283,6063364,.,1000,.,236.43035,-1.0,4.87269,37,6063320
chr15,85858900,85859007,.,1000,.,236.4277,-1.0,4.87269,74,85858974
chr14,100072816,100072932,.,1000,.,236.42222,-1.0,4.87269,48,100072864
chr3,158672682,158672834,.,1000,.,236.41514,-1.0,4.87269,77,158672759
chr1,38026747,38026869,.,1000,.,236.41008,-1.0,4.87269,57,38026804
chr2,33583358,33583483,.,1000,.,236.39221,-1.0,4.87269,76,33583434
chr2,98569304,98569455,.,1000,.,236.39086,-1.0,4.87269,86,98569390
chr13,51815243,51815372,.,1000,.,236.38471,-1.0,4.87269,45,51815288
chr13,32650831,32651047,.,1000,.,236.37795,-1.0,4.87269,108,32650939
chr11,59284665,59284776,.,1000,.,236.3731,-1.0,4.87269,49,59284714
chr9,114507828,114507963,.,1000,.,236.36857,-1.0,4.87269,73,114507901
chr11,72482364,72482487,.,1000,.,236.35771,-1.0,4.87269,65,72482429
chr5,134140604,134140731,.,1000,.,236.34769,-1.0,4.87269,63,134140667
chr2,11478043,11478189,.,1000,.,236.34386,-1.0,4.87269,66,11478109
chr15,94164337,94164473,.,1000,.,236.33589,-1.0,4.87269,76,94164413
chr20,53217211,53217334,.,1000,.,236.3314,-1.0,4.87269,57,53217268
chr11,119381601,119381685,.,1000,.,236.32913,-1.0,4.87269,81,119381682
chr7,35975997,35976109,.,1000,.,236.3195,-1.0,4.87269,61,35976058
chr4,18593674,18593782,.,1000,.,236.31786,-1.0,4.87269,62,18593736
chr3,42547569,42547669,.,1000,.,236.31151,-1.0,4.87269,51,42547620
chr15,98421714,98421884,.,1000,.,236.30582,-1.0,4.87269,78,98421792
chr5,131589639,131589764,.,1000,.,236.30078,-1.0,4.87269,74,131589713
chr9,132507785,132507867,.,1000,.,236.27826,-1.0,4.87269,46,132507831
chr18,76922259,76922365,.,1000,.,236.26287,-1.0,4.87269,35,76922294
chr11,8263904,8264044,.,1000,.,236.25652,-1.0,4.87269,86,8263990
chr1,1001945,1002038,.,1000,.,236.2433,-1.0,4.87269,68,1002013
chr6,137867104,137867207,.,1000,.,236.2415,-1.0,4.87269,65,137867169
chr1,159198098,159198232,.,1000,.,236.2279,-1.0,4.87269,75,159198173
chr5,159133265,159133395,.,1000,.,236.22659,-1.0,4.87269,74,159133339
chr9,114681654,114681767,.,1000,.,236.22193,-1.0,4.87269,33,114681687
chr19,47032327,47032462,.,1000,.,236.21936,-1.0,4.87269,69,47032396
chr5,160022000,160022086,.,1000,.,236.16232,-1.0,4.87269,20,160022020
chr3,19543377,19543499,.,1000,.,236.14575,-1.0,4.87269,60,19543437
chr19,41595435,41595508,.,1000,.,236.13457,-1.0,4.87269,54,41595489
chr9,99000573,99000682,.,1000,.,236.12746,-1.0,4.87269,69,99000642
chr5,41856780,41856876,.,1000,.,236.11157,-1.0,4.87269,54,41856834
chr4,105141035,105141175,.,1000,.,236.08683,-1.0,4.87269,51,105141086
chr15,32662760,32662881,.,1000,.,236.07429,-1.0,4.87269,40,32662800
chr2,209334556,209334683,.,1000,.,236.07342,-1.0,4.87269,66,209334622
chr20,46014225,46014388,.,1000,.,236.04738,-1.0,4.87269,72,46014297
chr3,170037862,170037998,.,1000,.,236.01074,-1.0,4.87269,62,170037924
chr6,3849256,3849384,.,1000,.,235.9951,-1.0,4.87269,64,3849320
chr14,75307038,75307162,.,1000,.,235.98336,-1.0,4.87269,63,75307101
chr10,50275812,50275918,.,1000,.,235.97627,-1.0,4.87269,54,50275866
chr11,73625805,73625924,.,1000,.,235.96653,-1.0,4.87269,65,73625870
chr6,99746415,99746529,.,1000,.,235.96201,-1.0,4.87269,71,99746486
chr10,93554906,93555032,.,1000,.,235.94525,-1.0,4.87269,54,93554960
chr1,16032987,16033100,.,1000,.,235.94499,-1.0,4.87269,31,16033018
chr11,5380866,5380986,.,1000,.,235.94372,-1.0,4.87269,67,5380933
chr6,110682460,110682596,.,1000,.,235.92844,-1.0,4.87269,75,110682535
chr10,124540234,124540399,.,1000,.,235.92692,-1.0,4.87269,86,124540320
chr12,53251648,53251722,.,1000,.,235.9088,-1.0,4.87269,63,53251711
chr2,218648641,218648742,.,1000,.,235.90582,-1.0,4.87269,30,218648671
chr17,45832258,45832380,.,1000,.,235.88466,-1.0,4.87269,57,45832315
chr2,201364082,201364192,.,1000,.,235.86372,-1.0,4.87269,43,201364125
chr12,132523953,132524071,.,1000,.,235.85926,-1.0,4.87269,66,132524019
chr12,6278824,6278954,.,1000,.,235.85279,-1.0,4.87269,56,6278880
chr14,74217760,74217887,.,1000,.,235.84359,-1.0,4.87269,65,74217825
chr10,97792101,97792207,.,1000,.,235.84156,-1.0,4.87269,61,97792162
chr14,75088681,75088828,.,1000,.,235.84137,-1.0,4.87269,68,75088749
chr3,179015638,179015745,.,1000,.,235.81315,-1.0,4.87269,51,179015689
chr5,140372989,140373115,.,1000,.,235.80022,-1.0,4.87269,73,140373062
chr10,80260786,80260914,.,1000,.,235.7975,-1.0,4.87269,54,80260840
chr18,11553456,11553572,.,1000,.,235.79595,-1.0,4.87269,63,11553519
chr5,180606073,180606198,.,1000,.,235.78131,-1.0,4.87269,69,180606142
chr2,69565463,69565584,.,1000,.,235.77723,-1.0,4.87269,54,69565517
chr8,116788493,116788616,.,1000,.,235.76734,-1.0,4.87269,56,116788549
chr13,80979154,80979294,.,1000,.,235.73618,-1.0,4.87269,78,80979232
chr5,79025081,79025222,.,1000,.,235.73163,-1.0,4.87269,78,79025159
chr1,174998564,174998780,.,1000,.,235.72622,-1.0,4.87269,108,174998672
chr10,127854112,127854243,.,1000,.,235.70127,-1.0,4.87269,61,127854173
chr2,204145387,204145494,.,1000,.,235.68655,-1.0,4.87269,29,204145416
chr13,24728087,24728269,.,1000,.,235.67715,-1.0,4.87269,100,24728187
chr20,63183442,63183566,.,1000,.,235.67089,-1.0,4.87269,78,63183520
chr1,205488228,205488365,.,1000,.,235.67083,-1.0,4.87269,65,205488293
chr18,11938010,11938129,.,1000,.,235.66697,-1.0,4.87269,54,11938064
chr3,100254298,100254450,.,1000,.,235.64753,-1.0,4.87269,74,100254372
chr12,123983984,123984114,.,1000,.,235.64723,-1.0,4.87269,51,123984035
chr11,3824835,3824968,.,1000,.,235.63374,-1.0,4.87269,74,3824909
chr10,48363677,48363780,.,1000,.,235.62477,-1.0,4.87269,42,48363719
chr3,151146119,151146278,.,1000,.,235.59915,-1.0,4.87269,87,151146206
chr12,104201325,104201443,.,1000,.,235.58534,-1.0,4.87269,57,104201382
chr11,122863841,122863976,.,1000,.,235.58078,-1.0,4.87269,67,122863908
chr14,106879336,106879452,.,1000,.,235.57603,-1.0,4.87269,64,106879400
chr8,69832443,69832617,.,1000,.,235.55857,-1.0,4.87269,87,69832530
chr19,45126119,45126335,.,1000,.,235.54734,-1.0,4.87269,108,45126227
chr11,76919956,76920127,.,1000,.,235.53083,-1.0,4.87269,87,76920043
chr18,10851869,10851985,.,1000,.,235.50339,-1.0,4.87269,74,10851943
chr5,131382496,131382605,.,1000,.,235.49105,-1.0,4.87269,67,131382563
chr11,64688517,64688664,.,1000,.,235.47292,-1.0,4.87269,54,64688571
chr19,11963989,11964109,.,1000,.,235.47053,-1.0,4.87269,65,11964054
chr17,67293823,67293957,.,1000,.,235.45542,-1.0,4.87269,74,67293897
chr1,99707677,99707816,.,1000,.,235.45237,-1.0,4.87269,67,99707744
chr12,93569671,93569811,.,1000,.,235.4477,-1.0,4.87269,77,93569748
chr2,130873816,130873972,.,1000,.,235.44406,-1.0,4.87269,77,130873893
chr5,56900956,56901075,.,1000,.,235.43813,-1.0,4.87269,65,56901021
chr19,45248771,45248893,.,1000,.,235.43624,-1.0,4.87269,70,45248841
chr9,110153058,110153175,.,1000,.,235.4345,-1.0,4.87269,47,110153105
chr19,32570353,32570484,.,1000,.,235.43416,-1.0,4.87269,73,32570426
chr12,3275532,3275670,.,1000,.,235.41746,-1.0,4.87269,95,3275627
chr1,35298699,35298794,.,1000,.,235.41539,-1.0,4.87269,39,35298738
chr7,71736090,71736223,.,1000,.,235.40477,-1.0,4.87269,50,71736140
chr7,104231540,104231653,.,1000,.,235.37282,-1.0,4.87269,69,104231609
chr11,11966958,11967106,.,1000,.,235.35309,-1.0,4.87269,68,11967026
chr18,80171335,80171455,.,1000,.,235.34963,-1.0,4.87269,67,80171402
chr11,125429237,125429352,.,1000,.,235.33326,-1.0,4.87269,59,125429296
chr8,38714443,38714563,.,1000,.,235.33257,-1.0,4.87269,44,38714487
chr1,44731387,44731501,.,1000,.,235.33082,-1.0,4.87269,73,44731460
chr18,3594385,3594518,.,1000,.,235.32274,-1.0,4.87269,54,3594439
chr7,149497715,149497891,.,1000,.,235.32176,-1.0,4.87269,90,149497805
chr8,33681596,33681710,.,1000,.,235.31987,-1.0,4.87269,59,33681655
chr5,141412878,141412995,.,1000,.,235.3171,-1.0,4.87269,59,141412937
chr1,229514803,229514935,.,1000,.,235.30199,-1.0,4.87269,62,229514865
chr2,227107218,227107355,.,1000,.,235.29264,-1.0,4.87269,76,227107294
chr1,16621149,16621269,.,1000,.,235.25972,-1.0,4.87269,55,16621204
chrX,15761709,15761841,.,1000,.,235.25241,-1.0,4.87269,64,15761773
chr6,88982798,88982896,.,1000,.,235.23219,-1.0,4.87269,45,88982843
chr17,42721139,42721270,.,1000,.,235.21909,-1.0,4.87269,66,42721205
chr13,102800255,102800408,.,1000,.,235.20081,-1.0,4.87269,80,102800335
chr5,41843629,41843758,.,1000,.,235.1965,-1.0,4.87269,71,41843700
chrX,23908029,23908206,.,1000,.,235.15551,-1.0,4.87269,99,23908128
chr10,99392553,99392694,.,1000,.,235.14313,-1.0,4.87269,86,99392639
chr1,27663269,27663406,.,1000,.,235.14157,-1.0,4.87269,89,27663358
chr1,207797462,207797594,.,1000,.,235.1342,-1.0,4.87269,62,207797524
chr12,52870607,52870741,.,1000,.,235.12696,-1.0,4.87269,59,52870666
chr5,36305841,36305968,.,1000,.,235.12695,-1.0,4.87269,81,36305922
chr3,44236050,44236196,.,1000,.,235.11206,-1.0,4.87269,80,44236130
chr22,37681693,37681758,.,1000,.,235.11051,-1.0,4.87269,63,37681756
chr1,165369395,165369524,.,1000,.,235.10371,-1.0,4.87269,42,165369437
chr1,94481590,94481703,.,1000,.,235.09797,-1.0,4.87269,61,94481651
chrX,43958588,43958743,.,1000,.,235.09585,-1.0,4.87269,76,43958664
chr7,116138367,116138446,.,1000,.,235.09226,-1.0,4.87269,19,116138386
chr11,26649908,26650026,.,1000,.,235.08096,-1.0,4.87269,68,26649976
chr7,99994282,99994423,.,1000,.,235.0662,-1.0,4.87269,65,99994347
chr17,73998753,73998884,.,1000,.,235.06358,-1.0,4.87269,55,73998808
chr15,63752223,63752347,.,1000,.,235.04286,-1.0,4.87269,56,63752279
chr18,8478776,8478924,.,1000,.,235.03973,-1.0,4.87269,83,8478859
chr20,1437443,1437553,.,1000,.,235.03523,-1.0,4.87269,44,1437487
chr2,43131653,43131776,.,1000,.,235.03018,-1.0,4.87269,78,43131731
chr4,83252932,83253053,.,1000,.,235.02283,-1.0,4.87269,62,83252994
chr12,52879593,52879743,.,1000,.,235.01079,-1.0,4.87269,71,52879664
chr18,63439379,63439483,.,1000,.,234.98781,-1.0,4.87269,57,63439436
chr9,127785086,127785223,.,1000,.,234.97853,-1.0,4.87269,44,127785130
chr3,188954729,188954855,.,1000,.,234.9468,-1.0,4.87269,72,188954801
chr2,11582815,11582939,.,1000,.,234.94342,-1.0,4.87269,78,11582893
chr12,125331025,125331168,.,1000,.,234.93654,-1.0,4.87269,68,125331093
chr13,46551610,46551719,.,1000,.,234.90739,-1.0,4.87269,49,46551659
chr5,135457569,135457710,.,1000,.,234.90643,-1.0,4.87269,77,135457646
chr17,69569166,69569279,.,1000,.,234.89052,-1.0,4.87269,44,69569210
chr11,127074257,127074369,.,1000,.,234.88341,-1.0,4.87269,57,127074314
chr5,41925195,41925310,.,1000,.,234.8762,-1.0,4.87269,50,41925245
chr21,43975605,43975745,.,1000,.,234.87206,-1.0,4.87269,58,43975663
chr21,39518439,39518556,.,1000,.,234.83104,-1.0,4.87269,51,39518490
chr8,66421887,66421989,.,1000,.,234.82619,-1.0,4.87269,57,66421944
chr17,5706968,5707119,.,1000,.,234.81829,-1.0,4.87269,73,5707041
chr1,204129158,204129280,.,1000,.,234.80523,-1.0,4.87269,57,204129215
chr1,178189945,178190072,.,1000,.,234.7954,-1.0,4.87269,67,178190012
chr4,101169364,101169471,.,1000,.,234.78824,-1.0,4.87269,53,101169417
chr9,126499296,126499444,.,1000,.,234.77228,-1.0,4.87269,64,126499360
chr20,53578851,53578993,.,1000,.,234.77007,-1.0,4.87269,79,53578930
chr6,112780673,112780730,.,1000,.,234.76973,-1.0,4.87269,7,112780680
chr6,35449551,35449628,.,1000,.,234.74051,-1.0,4.87269,37,35449588
chr18,46658381,46658529,.,1000,.,234.73806,-1.0,4.87269,83,46658464
chr4,164731993,164732091,.,1000,.,234.73364,-1.0,4.87269,45,164732038
chr6,112163446,112163581,.,1000,.,234.72668,-1.0,4.87269,80,112163526
chr11,74702491,74702634,.,1000,.,234.71056,-1.0,4.87269,71,74702562
chr20,19692716,19692875,.,1000,.,234.70915,-1.0,4.87269,80,19692796
chr11,1453703,1453877,.,1000,.,234.70685,-1.0,4.87269,94,1453797
chr22,41533339,41533457,.,1000,.,234.70236,-1.0,4.87269,65,41533404
chr11,2892171,2892336,.,1000,.,234.69696,-1.0,4.87269,87,2892258
chr14,20691172,20691265,.,1000,.,234.68823,-1.0,4.87269,42,20691214
chr14,93034513,93034609,.,1000,.,234.67123,-1.0,4.87269,51,93034564
chr2,171598886,171598993,.,1000,.,234.67084,-1.0,4.87269,39,171598925
chr20,35269404,35269531,.,1000,.,234.6688,-1.0,4.87269,53,35269457
chr21,38170338,38170470,.,1000,.,234.66724,-1.0,4.87269,60,38170398
chr11,66479040,66479188,.,1000,.,234.66556,-1.0,4.87269,78,66479118
chr3,138915509,138915656,.,1000,.,234.65954,-1.0,4.87269,66,138915575
chr18,62425824,62425936,.,1000,.,234.63103,-1.0,4.87269,58,62425882
chr20,50085577,50085715,.,1000,.,234.62538,-1.0,4.87269,64,50085641
chr8,130129684,130129807,.,1000,.,234.61163,-1.0,4.87269,67,130129751
chr3,68876278,68876374,.,1000,.,234.59702,-1.0,4.87269,31,68876309
chr22,35623407,35623524,.,1000,.,234.59627,-1.0,4.87269,58,35623465
chr13,47774264,47774390,.,1000,.,234.57226,-1.0,4.87269,69,47774333
chr13,97855635,97855753,.,1000,.,234.5673,-1.0,4.87269,61,97855696
chr21,44510606,44510692,.,1000,.,234.55549,-1.0,4.87269,62,44510668
chr2,215931390,215931521,.,1000,.,234.54044,-1.0,4.87269,74,215931464
chr3,138936304,138936434,.,1000,.,234.53354,-1.0,4.87269,75,138936379
chr6,138816166,138816301,.,1000,.,234.52718,-1.0,4.87269,67,138816233
chr1,89483397,89483503,.,1000,.,234.51728,-1.0,4.87269,51,89483448
chr14,104564118,104564263,.,1000,.,234.51131,-1.0,4.87269,80,104564198
chr16,11949739,11949902,.,1000,.,234.50922,-1.0,4.87269,67,11949806
chr2,205885707,205885820,.,1000,.,234.50826,-1.0,4.87269,84,205885791
chr20,33653362,33653487,.,1000,.,234.50469,-1.0,4.87269,59,33653421
chr16,20774847,20774946,.,1000,.,234.50228,-1.0,4.87269,73,20774920
chr19,17703996,17704096,.,1000,.,234.50127,-1.0,4.87269,65,17704061
chr17,29779360,29779503,.,1000,.,234.4952,-1.0,4.87269,64,29779424
chr19,48608873,48608984,.,1000,.,234.49274,-1.0,4.87269,59,48608932
chr4,170853530,170853681,.,1000,.,234.48818,-1.0,4.87269,76,170853606
chr3,62188968,62189065,.,1000,.,234.44506,-1.0,4.87269,64,62189032
chr15,38707948,38708073,.,1000,.,234.43413,-1.0,4.87269,72,38708020
chr8,27205122,27205240,.,1000,.,234.43089,-1.0,4.87269,69,27205191
chr9,34500776,34500902,.,1000,.,234.42862,-1.0,4.87269,70,34500846
chr5,99060461,99060620,.,1000,.,234.4145,-1.0,4.87269,78,99060539
chr11,17384020,17384165,.,1000,.,234.39146,-1.0,4.87269,73,17384093
chr17,30093638,30093746,.,1000,.,234.37285,-1.0,4.87269,58,30093696
chr12,39990642,39990783,.,1000,.,234.3655,-1.0,4.87269,62,39990704
chr20,45592668,45592816,.,1000,.,234.36433,-1.0,4.87269,93,45592761
chr7,2348147,2348233,.,1000,.,234.35913,-1.0,4.87269,25,2348172
chr7,8190483,8190588,.,1000,.,234.35324,-1.0,4.87269,67,8190550
chr19,48788275,48788373,.,1000,.,234.32933,-1.0,4.87269,42,48788317
chr1,209602188,209602323,.,1000,.,234.32879,-1.0,4.87269,55,209602243
chr10,35196194,35196297,.,1000,.,234.32824,-1.0,4.87269,43,35196237
chr17,80005913,80006047,.,1000,.,234.32638,-1.0,4.87269,64,80005977
chr14,49586975,49587119,.,1000,.,234.31972,-1.0,4.87269,89,49587064
chr1,162847973,162848119,.,1000,.,234.27946,-1.0,4.87269,58,162848031
chr1,5916103,5916255,.,1000,.,234.27602,-1.0,4.87269,79,5916182
chr14,23328135,23328253,.,1000,.,234.27531,-1.0,4.87269,76,23328211
chr4,24488812,24488937,.,1000,.,234.26705,-1.0,4.87269,56,24488868
chr18,35950530,35950653,.,1000,.,234.25267,-1.0,4.87269,45,35950575
chr19,1837713,1837863,.,1000,.,234.25041,-1.0,4.87269,76,1837789
chr20,54062866,54062987,.,1000,.,234.24448,-1.0,4.87269,77,54062943
chr11,62394959,62395069,.,1000,.,234.23237,-1.0,4.87269,38,62394997
chr11,72144149,72144244,.,1000,.,234.22969,-1.0,4.87269,35,72144184
chr17,10618249,10618364,.,1000,.,234.22862,-1.0,4.87269,35,10618284
chr6,157274798,157274966,.,1000,.,234.22677,-1.0,4.87269,78,157274876
chr2,85707357,85707469,.,1000,.,234.21085,-1.0,4.87269,53,85707410
chr5,176658135,176658263,.,1000,.,234.20075,-1.0,4.87269,76,176658211
chr15,88894386,88894517,.,1000,.,234.19966,-1.0,4.87269,61,88894447
chr11,123707735,123707835,.,1000,.,234.19085,-1.0,4.87269,70,123707805
chr6,2738515,2738629,.,1000,.,234.18999,-1.0,4.87269,60,2738575
chr8,26327521,26327666,.,1000,.,234.1789,-1.0,4.87269,80,26327601
chr12,113197045,113197179,.,1000,.,234.16739,-1.0,4.87269,89,113197134
chr18,57446474,57446604,.,1000,.,234.15664,-1.0,4.87269,65,57446539
chr13,23020393,23020498,.,1000,.,234.15408,-1.0,4.87269,47,23020440
chr11,62694804,62694907,.,1000,.,234.15036,-1.0,4.87269,76,62694880
chr17,8410367,8410490,.,1000,.,234.13399,-1.0,4.87269,71,8410438
chr19,49145943,49146098,.,1000,.,234.13245,-1.0,4.87269,75,49146018
chr13,97575036,97575169,.,1000,.,234.13237,-1.0,4.87269,75,97575111
chr18,11733071,11733208,.,1000,.,234.12526,-1.0,4.87269,70,11733141
chr5,141557983,141558078,.,1000,.,234.11938,-1.0,4.87269,44,141558027
chr8,27602161,27602284,.,1000,.,234.11779,-1.0,4.87269,89,27602250
chr17,35312846,35312965,.,1000,.,234.1115,-1.0,4.87269,30,35312876
chr8,100145847,100146014,.,1000,.,234.10825,-1.0,4.87269,84,100145931
chr4,13654194,13654351,.,1000,.,234.09686,-1.0,4.87269,86,13654280
chr7,120272319,120272446,.,1000,.,234.07242,-1.0,4.87269,47,120272366
chr2,121718848,121718992,.,1000,.,234.0679,-1.0,4.87269,76,121718924
chr8,11409511,11409647,.,1000,.,234.06532,-1.0,4.87269,80,11409591
chr8,21041195,21041330,.,1000,.,234.06028,-1.0,4.87269,74,21041269
chr12,101830946,101831077,.,1000,.,234.0569,-1.0,4.87269,59,101831005
chr4,77601005,77601134,.,1000,.,234.05053,-1.0,4.87269,73,77601078
chr2,65187389,65187496,.,1000,.,234.03831,-1.0,4.87269,60,65187449
chr13,102870701,102870809,.,1000,.,234.03565,-1.0,4.87269,54,102870755
chr8,100938697,100938823,.,1000,.,234.0206,-1.0,4.87269,70,100938767
chr3,12175993,12176107,.,1000,.,234.01103,-1.0,4.87269,55,12176048
chr2,219459534,219459661,.,1000,.,234.0074,-1.0,4.87269,48,219459582
chr18,12727180,12727319,.,1000,.,233.95828,-1.0,4.87269,62,12727242
chr5,141430442,141430601,.,1000,.,233.90944,-1.0,4.87269,92,141430534
chr10,28628256,28628374,.,1000,.,233.89999,-1.0,4.87269,44,28628300
chr6,3990978,3991099,.,1000,.,233.89797,-1.0,4.87269,45,3991023
chr20,59496061,59496143,.,1000,.,233.88707,-1.0,4.87269,34,59496095
chr20,60057489,60057645,.,1000,.,233.88408,-1.0,4.87269,74,60057563
chr8,111797330,111797464,.,1000,.,233.8072,-1.0,4.87269,71,111797401
chr5,35925041,35925164,.,1000,.,233.78745,-1.0,4.87269,39,35925080
chr7,100407712,100407839,.,1000,.,233.78592,-1.0,4.87269,44,100407756
chr12,114508659,114508772,.,1000,.,233.77443,-1.0,4.87269,57,114508716
chr4,40317227,40317355,.,1000,.,233.77147,-1.0,4.87269,59,40317286
chr20,51624389,51624489,.,1000,.,233.76053,-1.0,4.87269,34,51624423
chr1,205122337,205122458,.,1000,.,233.75932,-1.0,4.87269,38,205122375
chrX,137052500,137052639,.,1000,.,233.74739,-1.0,4.87269,73,137052573
chr19,48267140,48267258,.,1000,.,233.74237,-1.0,4.87269,61,48267201
chr4,15396334,15396449,.,1000,.,233.73463,-1.0,4.87269,63,15396397
chr10,112472012,112472068,.,1000,.,233.72671,-1.0,4.87269,52,112472064
chr1,212630184,212630308,.,1000,.,233.72629,-1.0,4.87269,50,212630234
chr10,18215079,18215233,.,1000,.,233.72481,-1.0,4.87269,87,18215166
chrX,109886264,109886384,.,1000,.,233.72383,-1.0,4.87269,63,109886327
chr15,52256430,52256541,.,1000,.,233.7108,-1.0,4.87269,56,52256486
chr1,163410142,163410222,.,1000,.,233.68317,-1.0,4.87269,18,163410160
chr10,43671780,43671876,.,1000,.,233.67151,-1.0,4.87269,51,43671831
chr1,22275976,22276087,.,1000,.,233.65771,-1.0,4.87269,60,22276036
chr11,60193733,60193865,.,1000,.,233.63948,-1.0,4.87269,74,60193807
chr11,124763263,124763409,.,1000,.,233.63902,-1.0,4.87269,67,124763330
chr1,156797441,156797544,.,1000,.,233.62952,-1.0,4.87269,48,156797489
chr3,107064594,107064702,.,1000,.,233.62504,-1.0,4.87269,62,107064656
chr17,33049932,33050059,.,1000,.,233.61801,-1.0,4.87269,63,33049995
chr6,6557093,6557202,.,1000,.,233.61536,-1.0,4.87269,41,6557134
chrX,12951023,12951129,.,1000,.,233.61127,-1.0,4.87269,32,12951055
chr3,160413760,160413913,.,1000,.,233.60657,-1.0,4.87269,72,160413832
chr9,69972024,69972148,.,1000,.,233.60608,-1.0,4.87269,68,69972092
chrX,13506714,13506813,.,1000,.,233.60284,-1.0,4.87269,63,13506777
chr18,62982814,62982910,.,1000,.,233.59702,-1.0,4.87269,43,62982857
chr11,95154609,95154740,.,1000,.,233.59195,-1.0,4.87269,62,95154671
chr13,107211113,107211254,.,1000,.,233.58985,-1.0,4.87269,64,107211177
chr1,235513906,235514031,.,1000,.,233.58296,-1.0,4.87269,44,235513950
chr21,37675308,37675426,.,1000,.,233.57596,-1.0,4.87269,77,37675385
chr3,172477427,172477548,.,1000,.,233.57153,-1.0,4.87269,66,172477493
chr5,36696203,36696323,.,1000,.,233.56068,-1.0,4.87269,62,36696265
chr4,165464943,165465044,.,1000,.,233.55767,-1.0,4.87269,35,165464978
chr17,8121689,8121804,.,1000,.,233.54275,-1.0,4.87269,64,8121753
chr2,222939379,222939516,.,1000,.,233.53923,-1.0,4.87269,47,222939426
chr18,23358974,23359080,.,1000,.,233.53217,-1.0,4.87269,65,23359039
chr6,69835826,69835980,.,1000,.,233.49902,-1.0,4.87269,71,69835897
chr1,26853250,26853326,.,1000,.,233.49499,-1.0,4.87269,20,26853270
chr2,178306490,178306628,.,1000,.,233.4898,-1.0,4.87269,64,178306554
chr10,113385272,113385383,.,1000,.,233.46206,-1.0,4.87269,62,113385334
chr11,102390787,102390907,.,1000,.,233.45529,-1.0,4.87269,82,102390869
chr3,37779667,37779807,.,1000,.,233.45499,-1.0,4.87269,77,37779744
chr5,144203851,144203999,.,1000,.,233.44207,-1.0,4.87269,74,144203925
chr3,176872850,176872972,.,1000,.,233.42346,-1.0,4.87269,61,176872911
chr14,24308196,24308360,.,1000,.,233.42155,-1.0,4.87269,91,24308287
chr20,48905199,48905290,.,1000,.,233.4201,-1.0,4.87269,19,48905218
chr5,151298194,151298315,.,1000,.,233.41918,-1.0,4.87269,49,151298243
chr4,103009268,103009370,.,1000,.,233.41873,-1.0,4.87269,45,103009313
chr13,33017714,33017855,.,1000,.,233.40519,-1.0,4.87269,84,33017798
chr20,52379852,52380000,.,1000,.,233.38135,-1.0,4.87269,65,52379917
chr22,50252266,50252372,.,1000,.,233.37792,-1.0,4.87269,70,50252336
chr12,3135608,3135704,.,1000,.,233.37381,-1.0,4.87269,35,3135643
chr10,94280206,94280332,.,1000,.,233.37004,-1.0,4.87269,70,94280276
chr7,77331994,77332100,.,1000,.,233.36799,-1.0,4.87269,52,77332046
chr1,23635077,23635185,.,1000,.,233.36536,-1.0,4.87269,60,23635137
chr16,81873981,81874089,.,1000,.,233.34969,-1.0,4.87269,81,81874062
chr8,30600853,30600981,.,1000,.,233.34855,-1.0,4.87269,71,30600924
chr5,146966187,146966279,.,1000,.,233.34672,-1.0,4.87269,51,146966238
chr21,42537518,42537646,.,1000,.,233.3343,-1.0,4.87269,47,42537565
chr1,31394730,31394834,.,1000,.,233.31801,-1.0,4.87269,70,31394800
chr1,30911476,30911614,.,1000,.,233.31602,-1.0,4.87269,70,30911546
chr3,129650406,129650522,.,1000,.,233.30027,-1.0,4.87269,61,129650467
chr20,32092008,32092118,.,1000,.,233.2682,-1.0,4.87269,57,32092065
chr2,65553386,65553482,.,1000,.,233.24852,-1.0,4.87269,55,65553441
chr12,48995553,48995652,.,1000,.,233.20017,-1.0,4.87269,47,48995600
chr2,79887873,79887993,.,1000,.,233.19734,-1.0,4.87269,64,79887937
chr11,86218620,86218733,.,1000,.,233.19434,-1.0,4.87269,43,86218663
chr6,83514992,83515123,.,1000,.,233.18464,-1.0,4.87269,62,83515054
chr19,33430779,33430901,.,1000,.,233.16715,-1.0,4.87269,66,33430845
chr1,171226895,171227032,.,1000,.,233.16679,-1.0,4.87269,63,171226958
chr14,99885464,99885589,.,1000,.,233.16163,-1.0,4.87269,82,99885546
chr11,35485828,35485948,.,1000,.,233.15492,-1.0,4.87269,68,35485896
chr14,23562897,23562972,.,1000,.,233.14721,-1.0,4.87269,22,23562919
chr17,61636058,61636183,.,1000,.,233.12529,-1.0,4.87269,52,61636110
chr12,55646280,55646384,.,1000,.,233.12193,-1.0,4.87269,62,55646342
chr1,156146122,156146242,.,1000,.,233.11179,-1.0,4.87269,39,156146161
chr20,667525,667667,.,1000,.,233.10544,-1.0,4.87269,79,667604
chr17,28763822,28763981,.,1000,.,233.10305,-1.0,4.87269,76,28763898
chr6,105484816,105484945,.,1000,.,233.10187,-1.0,4.87269,61,105484877
chr6,17804295,17804419,.,1000,.,233.09606,-1.0,4.87269,72,17804367
chr1,204807296,204807495,.,1000,.,233.08716,-1.0,4.87269,107,204807403
chr15,78709515,78709613,.,1000,.,233.07903,-1.0,4.87269,60,78709575
chr12,108457376,108457492,.,1000,.,233.0787,-1.0,4.87269,54,108457430
chr17,74770840,74770950,.,1000,.,233.07422,-1.0,4.87269,62,74770902
chr4,138871210,138871299,.,1000,.,233.07183,-1.0,4.87269,15,138871225
chr19,37898809,37898922,.,1000,.,233.06994,-1.0,4.87269,53,37898862
chr1,32414092,32414205,.,1000,.,233.06767,-1.0,4.87269,43,32414135
chr8,85463266,85463350,.,1000,.,233.04717,-1.0,4.87269,73,85463339
chr2,54838682,54838811,.,1000,.,233.01187,-1.0,4.87269,61,54838743
chr3,138180725,138180841,.,1000,.,233.00271,-1.0,4.87269,75,138180800
chr19,7944324,7944422,.,1000,.,232.98646,-1.0,4.87269,52,7944376
chr8,42385563,42385668,.,1000,.,232.92272,-1.0,4.87269,60,42385623
chr16,84738575,84738718,.,1000,.,232.91884,-1.0,4.87269,91,84738666
chr16,67514490,67514613,.,1000,.,232.91257,-1.0,4.87269,60,67514550
chr7,120806032,120806133,.,1000,.,232.90374,-1.0,4.87269,51,120806083
chr14,53539624,53539735,.,1000,.,232.89762,-1.0,4.87269,52,53539676
chr16,27109789,27109911,.,1000,.,232.88871,-1.0,4.87269,48,27109837
chr6,26097381,26097531,.,1000,.,232.88478,-1.0,4.87269,92,26097473
chr2,169528354,169528481,.,1000,.,232.88292,-1.0,4.87269,63,169528417
chrX,19991149,19991315,.,1000,.,232.87997,-1.0,4.87269,101,19991250
chr16,48687580,48687708,.,1000,.,232.86549,-1.0,4.87269,64,48687644
chr1,42177057,42177176,.,1000,.,232.84419,-1.0,4.87269,45,42177102
chr1,167556250,167556359,.,1000,.,232.83861,-1.0,4.87269,55,167556305
chrX,79082045,79082100,.,1000,.,232.82307,-1.0,4.87269,36,79082081
chr17,74301266,74301425,.,1000,.,232.81819,-1.0,4.87269,70,74301336
chr11,122215515,122215659,.,1000,.,232.8077,-1.0,4.87269,74,122215589
chr7,111741842,111741978,.,1000,.,232.80189,-1.0,4.87269,85,111741927
chr7,24576286,24576414,.,1000,.,232.79113,-1.0,4.87269,60,24576346
chr3,112327540,112327610,.,1000,.,232.78498,-1.0,4.87269,16,112327556
chr10,7121356,7121482,.,1000,.,232.78119,-1.0,4.87269,48,7121404
chr8,102528792,102528907,.,1000,.,232.75234,-1.0,4.87269,39,102528831
chr6,41463429,41463515,.,1000,.,232.7261,-1.0,4.87269,56,41463485
chrX,14032544,14032652,.,1000,.,232.71406,-1.0,4.87269,54,14032598
chrX,4547341,4547470,.,1000,.,232.71214,-1.0,4.87269,76,4547417
chr1,235504667,235504811,.,1000,.,232.71128,-1.0,4.87269,54,235504721
chr20,5192448,5192556,.,1000,.,232.70576,-1.0,4.87269,62,5192510
chr3,149936855,149936967,.,1000,.,232.70008,-1.0,4.87269,59,149936914
chr7,112898813,112898924,.,1000,.,232.69382,-1.0,4.87269,69,112898882
chr4,82462503,82462616,.,1000,.,232.67876,-1.0,4.87269,68,82462571
chr5,34898380,34898508,.,1000,.,232.65809,-1.0,4.87269,86,34898466
chr10,103069744,103069847,.,1000,.,232.65793,-1.0,4.87269,55,103069799
chr4,105520935,105521052,.,1000,.,232.65428,-1.0,4.87269,84,105521019
chr17,56592595,56592709,.,1000,.,232.63987,-1.0,4.87269,62,56592657
chr7,25070103,25070227,.,1000,.,232.63473,-1.0,4.87269,58,25070161
chr19,55141361,55141484,.,1000,.,232.5999,-1.0,4.87269,55,55141416
chr1,56585059,56585152,.,1000,.,232.59672,-1.0,4.87269,59,56585118
chr14,77459263,77459384,.,1000,.,232.55807,-1.0,4.87269,55,77459318
chr12,91355533,91355659,.,1000,.,232.55777,-1.0,4.87269,54,91355587
chr2,72887937,72888098,.,1000,.,232.55625,-1.0,4.87269,71,72888008
chr9,85258878,85259026,.,1000,.,232.52592,-1.0,4.87269,76,85258954
chr4,154618831,154618961,.,1000,.,232.50181,-1.0,4.87269,67,154618898
chr11,32173542,32173691,.,1000,.,232.49214,-1.0,4.87269,76,32173618
chr5,152349799,152349931,.,1000,.,232.49012,-1.0,4.87269,65,152349864
chr6,1436790,1436918,.,1000,.,232.48153,-1.0,4.87269,85,1436875
chr15,64681552,64681687,.,1000,.,232.46065,-1.0,4.87269,72,64681624
chr2,233711549,233711684,.,1000,.,232.45854,-1.0,4.87269,56,233711605
chr20,35884376,35884492,.,1000,.,232.45422,-1.0,4.87269,55,35884431
chr11,76598637,76598759,.,1000,.,232.44658,-1.0,4.87269,65,76598702
chr10,129031654,129031805,.,1000,.,232.44365,-1.0,4.87269,76,129031730
chr1,26145239,26145316,.,1000,.,232.44028,-1.0,4.87269,68,26145307
chr12,69639558,69639633,.,1000,.,232.43822,-1.0,4.87269,55,69639613
chr10,5629952,5630037,.,1000,.,232.41367,-1.0,4.87269,73,5630025
chrX,131633676,131633780,.,1000,.,232.40843,-1.0,4.87269,40,131633716
chr12,12334504,12334620,.,1000,.,232.40808,-1.0,4.87269,71,12334575
chr9,101459147,101459282,.,1000,.,232.40797,-1.0,4.87269,56,101459203
chr1,74504274,74504404,.,1000,.,232.38452,-1.0,4.87269,50,74504324
chr6,52724542,52724660,.,1000,.,232.38254,-1.0,4.87269,66,52724608
chr3,155870556,155870677,.,1000,.,232.37646,-1.0,4.87269,59,155870615
chr12,52583138,52583252,.,1000,.,232.37397,-1.0,4.87269,50,52583188
chr9,94681548,94681654,.,1000,.,232.34669,-1.0,4.87269,70,94681618
chr3,44914034,44914144,.,1000,.,232.34369,-1.0,4.87269,55,44914089
chr9,131057974,131058083,.,1000,.,232.33615,-1.0,4.87269,48,131058022
chr7,87416829,87416906,.,1000,.,232.33151,-1.0,4.87269,40,87416869
chr7,38318950,38319059,.,1000,.,232.32718,-1.0,4.87269,62,38319012
chr4,145609942,145610054,.,1000,.,232.32589,-1.0,4.87269,60,145610002
chr15,57561105,57561251,.,1000,.,232.29345,-1.0,4.87269,63,57561168
chr1,39102654,39102791,.,1000,.,232.26893,-1.0,4.87269,55,39102709
chr3,54428406,54428525,.,1000,.,232.26818,-1.0,4.87269,59,54428465
chr6,25942695,25942796,.,1000,.,232.25103,-1.0,4.87269,40,25942735
chr1,46223578,46223707,.,1000,.,232.23936,-1.0,4.87269,76,46223654
chr12,105383482,105383590,.,1000,.,232.23459,-1.0,4.87269,52,105383534
chr5,135551963,135552082,.,1000,.,232.20945,-1.0,4.87269,70,135552033
chr3,32144256,32144371,.,1000,.,232.20208,-1.0,4.87269,47,32144303
chr16,51762209,51762330,.,1000,.,232.20057,-1.0,4.87269,81,51762290
chr12,13661406,13661546,.,1000,.,232.19874,-1.0,4.87269,75,13661481
chr5,149317303,149317388,.,1000,.,232.18469,-1.0,4.87269,55,149317358
chr3,99532400,99532537,.,1000,.,232.17595,-1.0,4.87269,61,99532461
chr2,190088970,190089112,.,1000,.,232.15099,-1.0,4.87269,65,190089035
chr17,28540826,28540973,.,1000,.,232.14892,-1.0,4.87269,63,28540889
chr9,127590005,127590131,.,1000,.,232.1452,-1.0,4.87269,55,127590060
chr2,159940099,159940211,.,1000,.,232.14019,-1.0,4.87269,51,159940150
chr4,60201191,60201347,.,1000,.,232.11521,-1.0,4.87269,76,60201267
chr5,38809922,38810053,.,1000,.,232.11194,-1.0,4.87269,74,38809996
chr14,71104025,71104129,.,1000,.,232.10809,-1.0,4.87269,48,71104073
chr3,150721416,150721543,.,1000,.,232.09736,-1.0,4.87269,67,150721483
chr11,90204967,90205095,.,1000,.,232.09651,-1.0,4.87269,60,90205027
chr13,49669861,49669989,.,1000,.,232.08498,-1.0,4.87269,39,49669900
chr6,6724643,6724769,.,1000,.,232.07317,-1.0,4.87269,70,6724713
chr10,80662778,80662910,.,1000,.,232.05624,-1.0,4.87269,67,80662845
chr4,110050065,110050175,.,1000,.,232.0491,-1.0,4.87269,65,110050130
chr9,132977782,132977903,.,1000,.,232.04517,-1.0,4.87269,49,132977831
chr12,15856490,15856619,.,1000,.,232.02126,-1.0,4.87269,65,15856555
chr15,74489898,74490019,.,1000,.,232.01747,-1.0,4.87269,78,74489976
chr1,84433910,84434035,.,1000,.,231.99975,-1.0,4.87269,75,84433985
chr1,24201986,24202086,.,1000,.,231.99627,-1.0,4.87269,56,24202042
chr6,41705980,41706143,.,1000,.,231.97822,-1.0,4.87269,85,41706065
chr3,197029872,197030011,.,1000,.,231.97595,-1.0,4.87269,61,197029933
chr17,79789963,79790119,.,1000,.,231.9714,-1.0,4.87269,77,79790040
chr14,75711231,75711378,.,1000,.,231.97129,-1.0,4.87269,84,75711315
chr10,46030588,46030804,.,1000,.,231.96372,-1.0,4.87269,108,46030696
chr15,78000165,78000294,.,1000,.,231.96271,-1.0,4.87269,73,78000238
chr7,51162836,51162951,.,1000,.,231.92413,-1.0,4.87269,73,51162909
chr3,196969975,196970130,.,1000,.,231.92128,-1.0,4.87269,78,196970053
chr6,25027242,25027458,.,1000,.,231.90125,-1.0,4.87269,108,25027350
chr8,35152315,35152469,.,1000,.,231.89937,-1.0,4.87269,85,35152400
chr4,154552227,154552362,.,1000,.,231.87932,-1.0,4.87269,63,154552290
chr11,107898422,107898547,.,1000,.,231.87887,-1.0,4.87269,54,107898476
chr8,142782595,142782715,.,1000,.,231.86963,-1.0,4.87269,60,142782655
chr9,137423307,137423413,.,1000,.,231.85696,-1.0,4.87269,66,137423373
chr20,62136936,62137068,.,1000,.,231.85546,-1.0,4.87269,78,62137014
chr4,51895908,51896006,.,1000,.,231.8488,-1.0,4.87269,72,51895980
chr5,64147962,64148117,.,1000,.,231.84572,-1.0,4.87269,72,64148034
chr10,103482047,103482151,.,1000,.,231.84248,-1.0,4.87269,37,103482084
chr1,87152011,87152142,.,1000,.,231.833,-1.0,4.87269,54,87152065
chr9,7570245,7570354,.,1000,.,231.82573,-1.0,4.87269,71,7570316
chr16,50806304,50806467,.,1000,.,231.82505,-1.0,4.87269,79,50806383
chr19,50357187,50357302,.,1000,.,231.81145,-1.0,4.87269,55,50357242
chr12,116236291,116236404,.,1000,.,231.81018,-1.0,4.87269,58,116236349
chr5,14648699,14648814,.,1000,.,231.80471,-1.0,4.87269,61,14648760
chr20,57089733,57089879,.,1000,.,231.80268,-1.0,4.87269,60,57089793
chr7,64951373,64951498,.,1000,.,231.79723,-1.0,4.87269,62,64951435
chr9,117783291,117783429,.,1000,.,231.77723,-1.0,4.87269,55,117783346
chr16,67494124,67494234,.,1000,.,231.7559,-1.0,4.87269,48,67494172
chr22,30426651,30426712,.,1000,.,231.74266,-1.0,4.87269,24,30426675
chr16,87850069,87850174,.,1000,.,231.71737,-1.0,4.87269,93,87850162
chr4,158672305,158672399,.,1000,.,231.71486,-1.0,4.87269,53,158672358
chr10,6417007,6417121,.,1000,.,231.68972,-1.0,4.87269,76,6417083
chr12,119659407,119659540,.,1000,.,231.68884,-1.0,4.87269,80,119659487
chr20,45373978,45374108,.,1000,.,231.67154,-1.0,4.87269,83,45374061
chr1,246450902,246451031,.,1000,.,231.66691,-1.0,4.87269,54,246450956
chr1,8988155,8988277,.,1000,.,231.66554,-1.0,4.87269,73,8988228
chr6,85923074,85923162,.,1000,.,231.64175,-1.0,4.87269,52,85923126
chr3,152474721,152474815,.,1000,.,231.63335,-1.0,4.87269,53,152474774
chr13,74040359,74040495,.,1000,.,231.63185,-1.0,4.87269,56,74040415
chr1,117895635,117895761,.,1000,.,231.62956,-1.0,4.87269,63,117895698
chr5,98768212,98768370,.,1000,.,231.62394,-1.0,4.87269,81,98768293
chr1,212035187,212035387,.,1000,.,231.61067,-1.0,4.87269,86,212035273
chr12,123365831,123365936,.,1000,.,231.60964,-1.0,4.87269,33,123365864
chr17,56716012,56716121,.,1000,.,231.60726,-1.0,4.87269,58,56716070
chr9,104863345,104863462,.,1000,.,231.58667,-1.0,4.87269,60,104863405
chr6,145634122,145634251,.,1000,.,231.58481,-1.0,4.87269,67,145634189
chr1,25240025,25240107,.,1000,.,231.58421,-1.0,4.87269,24,25240049
chr12,3203113,3203220,.,1000,.,231.55713,-1.0,4.87269,53,3203166
chr14,73472234,73472358,.,1000,.,231.55135,-1.0,4.87269,55,73472289
chr3,115092261,115092385,.,1000,.,231.54972,-1.0,4.87269,59,115092320
chr9,133437952,133438073,.,1000,.,231.51183,-1.0,4.87269,50,133438002
chr18,9771602,9771729,.,1000,.,231.50038,-1.0,4.87269,77,9771679
chrX,68511420,68511511,.,1000,.,231.49,-1.0,4.87269,34,68511454
chr7,101538917,101539056,.,1000,.,231.48107,-1.0,4.87269,71,101538988
chr8,98037232,98037349,.,1000,.,231.46374,-1.0,4.87269,68,98037300
chr17,8746079,8746218,.,1000,.,231.44577,-1.0,4.87269,51,8746130
chr16,86517807,86517948,.,1000,.,231.43758,-1.0,4.87269,60,86517867
chr13,46831731,46831854,.,1000,.,231.43715,-1.0,4.87269,58,46831789
chr1,160085743,160085863,.,1000,.,231.42461,-1.0,4.87269,49,160085792
chr10,109852567,109852675,.,1000,.,231.41426,-1.0,4.87269,54,109852621
chr10,28241926,28241990,.,1000,.,231.40446,-1.0,4.87269,57,28241983
chr20,31562933,31563049,.,1000,.,231.40195,-1.0,4.87269,68,31563001
chr1,25796946,25797076,.,1000,.,231.3974,-1.0,4.87269,64,25797010
chr9,72272006,72272125,.,1000,.,231.3929,-1.0,4.87269,66,72272072
chr6,136968270,136968379,.,1000,.,231.38583,-1.0,4.87269,53,136968323
chr17,8158900,8159015,.,1000,.,231.38011,-1.0,4.87269,70,8158970
chr7,75643026,75643085,.,1000,.,231.37493,-1.0,4.87269,44,75643070
chr11,2152059,2152225,.,1000,.,231.37381,-1.0,4.87269,79,2152138
chr6,56359364,56359463,.,1000,.,231.36067,-1.0,4.87269,45,56359409
chr10,106624967,106625099,.,1000,.,231.35671,-1.0,4.87269,66,106625033
chr11,79400866,79400988,.,1000,.,231.32299,-1.0,4.87269,57,79400923
chr6,34609704,34609814,.,1000,.,231.32162,-1.0,4.87269,50,34609754
chr1,204503298,204503423,.,1000,.,231.31799,-1.0,4.87269,45,204503343
chr6,34527275,34527373,.,1000,.,231.31399,-1.0,4.87269,55,34527330
chr16,57168102,57168194,.,1000,.,231.31086,-1.0,4.87269,79,57168181
chr22,37661185,37661292,.,1000,.,231.29931,-1.0,4.87269,79,37661264
chr15,73704927,73705048,.,1000,.,231.27911,-1.0,4.87269,67,73704994
chr4,150243008,150243133,.,1000,.,231.26114,-1.0,4.87269,56,150243064
chr11,117819198,117819328,.,1000,.,231.25878,-1.0,4.87269,74,117819272
chr6,159691350,159691467,.,1000,.,231.2581,-1.0,4.87269,64,159691414
chr1,6727593,6727726,.,1000,.,231.24806,-1.0,4.87269,61,6727654
chr17,37791487,37791639,.,1000,.,231.24685,-1.0,4.87269,63,37791550
chr6,20126871,20126982,.,1000,.,231.22983,-1.0,4.87269,57,20126928
chr2,88671962,88672082,.,1000,.,231.22877,-1.0,4.87269,39,88672001
chr1,176559958,176560076,.,1000,.,231.22806,-1.0,4.87269,40,176559998
chr21,41460735,41460842,.,1000,.,231.21684,-1.0,4.87269,60,41460795
chr6,116010922,116011063,.,1000,.,231.21268,-1.0,4.87269,60,116010982
chr6,134178581,134178707,.,1000,.,231.20598,-1.0,4.87269,71,134178652
chr5,103224730,103224836,.,1000,.,231.20345,-1.0,4.87269,54,103224784
chr19,12757677,12757789,.,1000,.,231.19024,-1.0,4.87269,63,12757740
chr5,72366483,72366572,.,1000,.,231.18261,-1.0,4.87269,64,72366547
chr15,73265663,73265782,.,1000,.,231.17742,-1.0,4.87269,74,73265737
chr5,113606672,113606772,.,1000,.,231.165,-1.0,4.87269,48,113606720
chr14,52961245,52961368,.,1000,.,231.15847,-1.0,4.87269,62,52961307
chr14,24036854,24036960,.,1000,.,231.15332,-1.0,4.87269,74,24036928
chr1,109193786,109193900,.,1000,.,231.14821,-1.0,4.87269,60,109193846
chr3,183767116,183767250,.,1000,.,231.1479,-1.0,4.87269,81,183767197
chr4,10554780,10554861,.,1000,.,231.14545,-1.0,4.87269,40,10554820
chr18,60549505,60549621,.,1000,.,231.13334,-1.0,4.87269,37,60549542
chr6,30544789,30544912,.,1000,.,231.12568,-1.0,4.87269,77,30544866
chr14,22973699,22973807,.,1000,.,231.12559,-1.0,4.87269,62,22973761
chr4,169486296,169486399,.,1000,.,231.11934,-1.0,4.87269,48,169486344
chr2,174040021,174040149,.,1000,.,231.10968,-1.0,4.87269,55,174040076
chr21,45137198,45137306,.,1000,.,231.09676,-1.0,4.87269,62,45137260
chr4,138919257,138919374,.,1000,.,231.09222,-1.0,4.87269,49,138919306
chr17,59753581,59753691,.,1000,.,231.08296,-1.0,4.87269,52,59753633
chrX,56803688,56803794,.,1000,.,231.06235,-1.0,4.87269,29,56803717
chr19,47515537,47515663,.,1000,.,231.03737,-1.0,4.87269,59,47515596
chr6,32933715,32933828,.,1000,.,231.01383,-1.0,4.87269,40,32933755
chr9,126965997,126966075,.,1000,.,231.00639,-1.0,4.87269,1,126965998
chr1,62082876,62082983,.,1000,.,230.99741,-1.0,4.87269,45,62082921
chr20,34190690,34190828,.,1000,.,230.99696,-1.0,4.87269,86,34190776
chr19,17766755,17766893,.,1000,.,230.9766,-1.0,4.87269,78,17766833
chr7,156949602,156949719,.,1000,.,230.92766,-1.0,4.87269,48,156949650
chr17,16584336,16584494,.,1000,.,230.91463,-1.0,4.87269,73,16584409
chr10,71708320,71708450,.,1000,.,230.914,-1.0,4.87269,66,71708386
chr4,83644830,83644940,.,1000,.,230.91262,-1.0,4.87269,39,83644869
chr22,35150646,35150751,.,1000,.,230.8996,-1.0,4.87269,58,35150704
chr11,64331959,64332071,.,1000,.,230.89533,-1.0,4.87269,62,64332021
chr14,93893080,93893176,.,1000,.,230.87759,-1.0,4.87269,55,93893135
chr16,71412808,71412961,.,1000,.,230.87591,-1.0,4.87269,88,71412896
chr4,124262349,124262469,.,1000,.,230.87445,-1.0,4.87269,58,124262407
chr17,43024513,43024631,.,1000,.,230.87302,-1.0,4.87269,70,43024583
chr18,23131864,23131962,.,1000,.,230.87276,-1.0,4.87269,41,23131905
chr8,52407747,52407880,.,1000,.,230.86868,-1.0,4.87269,58,52407805
chr7,100705373,100705482,.,1000,.,230.86852,-1.0,4.87269,56,100705429
chr20,38408695,38408825,.,1000,.,230.84317,-1.0,4.87269,74,38408769
chr14,99730051,99730191,.,1000,.,230.83525,-1.0,4.87269,67,99730118
chr2,88691657,88691805,.,1000,.,230.83318,-1.0,4.87269,64,88691721
chr4,41882896,41883031,.,1000,.,230.81942,-1.0,4.87269,72,41882968
chr10,80535964,80536091,.,1000,.,230.81106,-1.0,4.87269,59,80536023
chr16,24036783,24036910,.,1000,.,230.81023,-1.0,4.87269,74,24036857
chr6,11172599,11172759,.,1000,.,230.79091,-1.0,4.87269,84,11172683
chr22,40646341,40646507,.,1000,.,230.78871,-1.0,4.87269,70,40646411
chr14,81990411,81990536,.,1000,.,230.7666,-1.0,4.87269,46,81990457
chr2,217713613,217713763,.,1000,.,230.76563,-1.0,4.87269,61,217713674
chr7,139017192,139017279,.,1000,.,230.76463,-1.0,4.87269,55,139017247
chr17,79391889,79392024,.,1000,.,230.76425,-1.0,4.87269,78,79391967
chr9,98205866,98205954,.,1000,.,230.76109,-1.0,4.87269,15,98205881
chr19,12059583,12059729,.,1000,.,230.76078,-1.0,4.87269,89,12059672
chr10,101570307,101570451,.,1000,.,230.75171,-1.0,4.87269,60,101570367
chr6,32048262,32048381,.,1000,.,230.71953,-1.0,4.87269,46,32048308
chr3,38496183,38496336,.,1000,.,230.71409,-1.0,4.87269,76,38496259
chr9,90102457,90102552,.,1000,.,230.71019,-1.0,4.87269,39,90102496
chr17,57995531,57995641,.,1000,.,230.70735,-1.0,4.87269,87,57995618
chr17,66255198,66255308,.,1000,.,230.70651,-1.0,4.87269,31,66255229
chr3,4633516,4633630,.,1000,.,230.70156,-1.0,4.87269,66,4633582
chr19,54168598,54168732,.,1000,.,230.6824,-1.0,4.87269,79,54168677
chr7,100131095,100131214,.,1000,.,230.6797,-1.0,4.87269,68,100131163
chr6,16965019,16965155,.,1000,.,230.67428,-1.0,4.87269,55,16965074
chr8,103073972,103074057,.,1000,.,230.66778,-1.0,4.87269,30,103074002
chr6,45922883,45923004,.,1000,.,230.65411,-1.0,4.87269,75,45922958
chr7,78040311,78040416,.,1000,.,230.63885,-1.0,4.87269,63,78040374
chrX,41180347,41180449,.,1000,.,230.63359,-1.0,4.87269,36,41180383
chr22,24758310,24758433,.,1000,.,230.61088,-1.0,4.87269,47,24758357
chr9,87324762,87324874,.,1000,.,230.6035,-1.0,4.87269,59,87324821
chr2,208254389,208254546,.,1000,.,230.59733,-1.0,4.87269,76,208254465
chr13,113817076,113817185,.,1000,.,230.59724,-1.0,4.87269,55,113817131
chr15,58957524,58957598,.,1000,.,230.59612,-1.0,4.87269,24,58957548
chr1,11967246,11967372,.,1000,.,230.59316,-1.0,4.87269,72,11967318
chr3,189967402,189967527,.,1000,.,230.59087,-1.0,4.87269,62,189967464
chr12,79408060,79408165,.,1000,.,230.58781,-1.0,4.87269,77,79408137
chr22,33049293,33049395,.,1000,.,230.57289,-1.0,4.87269,19,33049312
chr14,56474566,56474676,.,1000,.,230.56915,-1.0,4.87269,52,56474618
chr3,69324486,69324636,.,1000,.,230.56906,-1.0,4.87269,61,69324547
chrX,120213826,120213916,.,1000,.,230.54909,-1.0,4.87269,52,120213878
chr19,50368674,50368788,.,1000,.,230.54254,-1.0,4.87269,72,50368746
chr7,38932692,38932818,.,1000,.,230.53052,-1.0,4.87269,65,38932757
chr5,107104801,107104922,.,1000,.,230.45099,-1.0,4.87269,54,107104855
chr8,66689045,66689158,.,1000,.,230.44619,-1.0,4.87269,43,66689088
chr3,150184289,150184411,.,1000,.,230.44372,-1.0,4.87269,61,150184350
chr8,27323855,27323981,.,1000,.,230.4158,-1.0,4.87269,75,27323930
chr9,130707471,130707578,.,1000,.,230.40863,-1.0,4.87269,53,130707524
chr20,36754728,36754820,.,1000,.,230.40152,-1.0,4.87269,49,36754777
chr13,109145672,109145791,.,1000,.,230.40117,-1.0,4.87269,73,109145745
chr17,46942639,46942749,.,1000,.,230.37327,-1.0,4.87269,69,46942708
chr5,1763734,1763869,.,1000,.,230.36053,-1.0,4.87269,59,1763793
chr22,41746687,41746822,.,1000,.,230.36034,-1.0,4.87269,68,41746755
chr10,29735907,29736054,.,1000,.,230.35611,-1.0,4.87269,72,29735979
chr3,6799436,6799557,.,1000,.,230.35184,-1.0,4.87269,59,6799495
chr1,167220669,167220812,.,1000,.,230.3473,-1.0,4.87269,79,167220748
chr12,69738635,69738765,.,1000,.,230.32688,-1.0,4.87269,74,69738709
chr11,113532835,113532969,.,1000,.,230.30266,-1.0,4.87269,62,113532897
chr19,47125337,47125466,.,1000,.,230.29321,-1.0,4.87269,65,47125402
chr16,53130553,53130687,.,1000,.,230.28359,-1.0,4.87269,54,53130607
chr12,122399603,122399733,.,1000,.,230.27563,-1.0,4.87269,57,122399660
chr12,102484571,102484720,.,1000,.,230.27015,-1.0,4.87269,84,102484655
chr21,42923942,42924062,.,1000,.,230.26039,-1.0,4.87269,57,42923999
chr5,138133583,138133702,.,1000,.,230.25877,-1.0,4.87269,49,138133632
chr8,69942452,69942557,.,1000,.,230.24197,-1.0,4.87269,68,69942520
chr5,97297173,97297342,.,1000,.,230.24096,-1.0,4.87269,112,97297285
chr14,23910711,23910834,.,1000,.,230.23492,-1.0,4.87269,68,23910779
chr5,173573255,173573345,.,1000,.,230.22629,-1.0,4.87269,9,173573264
chr12,54603305,54603442,.,1000,.,230.22561,-1.0,4.87269,70,54603375
chr19,38544526,38544616,.,1000,.,230.22058,-1.0,4.87269,40,38544566
chr21,25607487,25607703,.,1000,.,230.20409,-1.0,4.87269,108,25607595
chr12,128644835,128644963,.,1000,.,230.19945,-1.0,4.87269,70,128644905
chr20,59934126,59934240,.,1000,.,230.18525,-1.0,4.87269,56,59934182
chr13,45371090,45371194,.,1000,.,230.17648,-1.0,4.87269,39,45371129
chr1,235417205,235417324,.,1000,.,230.16462,-1.0,4.87269,79,235417284
chr14,20327365,20327581,.,1000,.,230.16426,-1.0,4.87269,108,20327473
chr1,204941849,204941999,.,1000,.,230.16263,-1.0,4.87269,69,204941918
chr10,104121781,104121888,.,1000,.,230.14944,-1.0,4.87269,25,104121806
chr1,66996147,66996317,.,1000,.,230.13193,-1.0,4.87269,80,66996227
chr6,25278957,25279105,.,1000,.,230.12892,-1.0,4.87269,65,25279022
chr8,42674183,42674291,.,1000,.,230.10634,-1.0,4.87269,69,42674252
chr18,23505641,23505743,.,1000,.,230.1052,-1.0,4.87269,52,23505693
chr9,114682180,114682300,.,1000,.,230.08734,-1.0,4.87269,61,114682241
chr2,237154189,237154296,.,1000,.,230.06953,-1.0,4.87269,55,237154244
chr13,45718203,45718328,.,1000,.,230.06663,-1.0,4.87269,69,45718272
chr3,71955590,71955725,.,1000,.,230.06286,-1.0,4.87269,77,71955667
chr9,71768958,71769118,.,1000,.,230.05904,-1.0,4.87269,87,71769045
chr10,47340693,47340821,.,1000,.,230.05413,-1.0,4.87269,70,47340763
chr1,11650543,11650663,.,1000,.,230.03567,-1.0,4.87269,57,11650600
chr11,8033272,8033382,.,1000,.,230.03343,-1.0,4.87269,74,8033346
chr8,85147520,85147670,.,1000,.,230.03175,-1.0,4.87269,80,85147600
chr1,207405065,207405175,.,1000,.,230.02049,-1.0,4.87269,53,207405118
chr10,100999180,100999314,.,1000,.,230.0106,-1.0,4.87269,96,100999276
chr16,6643211,6643351,.,1000,.,229.99702,-1.0,4.87269,67,6643278
chr2,85298887,85299002,.,1000,.,229.99076,-1.0,4.87269,61,85298948
chr11,125874647,125874769,.,1000,.,229.97439,-1.0,4.87269,72,125874719
chr12,57742221,57742322,.,1000,.,229.95049,-1.0,4.87269,58,57742279
chr15,52079004,52079113,.,1000,.,229.94608,-1.0,4.87269,76,52079080
chr7,55254941,55255070,.,1000,.,229.939,-1.0,4.87269,76,55255017
chr1,245156554,245156708,.,1000,.,229.92172,-1.0,4.87269,78,245156632
chr6,91330294,91330435,.,1000,.,229.91253,-1.0,4.87269,63,91330357
chr16,81890472,81890611,.,1000,.,229.91251,-1.0,4.87269,71,81890543
chr1,178501865,178501990,.,1000,.,229.9106,-1.0,4.87269,64,178501929
chr3,176939158,176939255,.,1000,.,229.90699,-1.0,4.87269,34,176939192
chr10,75188026,75188144,.,1000,.,229.89901,-1.0,4.87269,55,75188081
chr6,130872381,130872503,.,1000,.,229.86538,-1.0,4.87269,64,130872445
chr12,128969516,128969628,.,1000,.,229.86494,-1.0,4.87269,55,128969571
chr8,88289867,88290004,.,1000,.,229.8589,-1.0,4.87269,73,88289940
chr10,92517148,92517221,.,1000,.,229.84905,-1.0,4.87269,54,92517202
chr22,49929652,49929769,.,1000,.,229.84823,-1.0,4.87269,52,49929704
chr11,64742969,64743101,.,1000,.,229.8474,-1.0,4.87269,58,64743027
chr7,38369977,38370118,.,1000,.,229.84107,-1.0,4.87269,70,38370047
chr8,124426117,124426221,.,1000,.,229.83307,-1.0,4.87269,75,124426192
chr14,106277630,106277772,.,1000,.,229.83083,-1.0,4.87269,66,106277696
chr2,103161550,103161683,.,1000,.,229.81484,-1.0,4.87269,80,103161630
chr14,49865480,49865598,.,1000,.,229.81374,-1.0,4.87269,61,49865541
chr2,202178489,202178584,.,1000,.,229.79808,-1.0,4.87269,47,202178536
chr11,63738878,63739027,.,1000,.,229.79312,-1.0,4.87269,70,63738948
chr4,169613250,169613379,.,1000,.,229.78921,-1.0,4.87269,74,169613324
chr21,36125663,36125770,.,1000,.,229.77573,-1.0,4.87269,34,36125697
chr9,34675155,34675319,.,1000,.,229.76894,-1.0,4.87269,104,34675259
chr10,107814917,107815059,.,1000,.,229.76095,-1.0,4.87269,75,107814992
chr19,6126417,6126633,.,1000,.,229.76059,-1.0,4.87269,108,6126525
chr7,142853983,142854131,.,1000,.,229.74178,-1.0,4.87269,65,142854048
chr2,191566414,191566490,.,1000,.,229.73335,-1.0,4.87269,27,191566441
chr5,157132151,157132259,.,1000,.,229.72406,-1.0,4.87269,46,157132197
chr17,43520680,43520800,.,1000,.,229.71459,-1.0,4.87269,77,43520757
chr1,92994268,92994375,.,1000,.,229.67758,-1.0,4.87269,33,92994301
chr12,7460736,7460838,.,1000,.,229.6355,-1.0,4.87269,74,7460810
chr1,206865055,206865174,.,1000,.,229.62608,-1.0,4.87269,45,206865100
chr7,11212214,11212314,.,1000,.,229.61329,-1.0,4.87269,60,11212274
chr17,45277347,45277425,.,1000,.,229.59831,-1.0,4.87269,30,45277377
chr6,119129502,119129632,.,1000,.,229.58778,-1.0,4.87269,61,119129563
chr4,112031857,112031973,.,1000,.,229.58296,-1.0,4.87269,62,112031919
chr6,118800645,118800745,.,1000,.,229.58151,-1.0,4.87269,54,118800699
chr1,202192925,202193054,.,1000,.,229.57055,-1.0,4.87269,75,202193000
chr1,224851617,224851755,.,1000,.,229.56042,-1.0,4.87269,53,224851670
chrX,71098431,71098568,.,1000,.,229.56008,-1.0,4.87269,81,71098512
chr5,136212310,136212432,.,1000,.,229.55336,-1.0,4.87269,47,136212357
chr20,57346562,57346643,.,1000,.,229.55012,-1.0,4.87269,24,57346586
chr1,94335968,94336090,.,1000,.,229.54835,-1.0,4.87269,83,94336051
chr1,174262811,174262923,.,1000,.,229.53678,-1.0,4.87269,50,174262861
chr11,46617874,46618000,.,1000,.,229.53519,-1.0,4.87269,64,46617938
chr3,113736587,113736729,.,1000,.,229.52283,-1.0,4.87269,73,113736660
chr11,130894533,130894662,.,1000,.,229.5187,-1.0,4.87269,72,130894605
chr1,162854357,162854463,.,1000,.,229.51367,-1.0,4.87269,73,162854430
chr9,90915012,90915123,.,1000,.,229.50949,-1.0,4.87269,81,90915093
chr3,117019256,117019372,.,1000,.,229.49362,-1.0,4.87269,51,117019307
chr7,155768443,155768586,.,1000,.,229.49044,-1.0,4.87269,73,155768516
chr16,28317185,28317307,.,1000,.,229.48724,-1.0,4.87269,73,28317258
chr15,44853464,44853575,.,1000,.,229.48645,-1.0,4.87269,45,44853509
chr20,58870390,58870511,.,1000,.,229.48197,-1.0,4.87269,68,58870458
chr6,73739225,73739373,.,1000,.,229.47615,-1.0,4.87269,73,73739298
chr9,98999005,98999111,.,1000,.,229.46689,-1.0,4.87269,41,98999046
chr19,45570033,45570169,.,1000,.,229.4458,-1.0,4.87269,60,45570093
chr3,158845900,158846000,.,1000,.,229.44351,-1.0,4.87269,53,158845953
chr2,714410,714527,.,1000,.,229.44018,-1.0,4.87269,54,714464
chr1,18581565,18581680,.,1000,.,229.43437,-1.0,4.87269,50,18581615
chrX,1246888,1247005,.,1000,.,229.43407,-1.0,4.87269,44,1246932
chr2,229780890,229781020,.,1000,.,229.43269,-1.0,4.87269,63,229780953
chr1,223749251,223749378,.,1000,.,229.43048,-1.0,4.87269,67,223749318
chr1,19704650,19704781,.,1000,.,229.42987,-1.0,4.87269,72,19704722
chr14,82710364,82710515,.,1000,.,229.41716,-1.0,4.87269,73,82710437
chr1,19391481,19391567,.,1000,.,229.41375,-1.0,4.87269,34,19391515
chr10,77641923,77642042,.,1000,.,229.39894,-1.0,4.87269,71,77641994
chr20,49888618,49888742,.,1000,.,229.37631,-1.0,4.87269,55,49888673
chr1,115469810,115469952,.,1000,.,229.37253,-1.0,4.87269,61,115469871
chr7,142603987,142604109,.,1000,.,229.36183,-1.0,4.87269,54,142604041
chr1,47432499,47432632,.,1000,.,229.35376,-1.0,4.87269,62,47432561
chr11,128848955,128849076,.,1000,.,229.35187,-1.0,4.87269,54,128849009
chr6,2791301,2791428,.,1000,.,229.32904,-1.0,4.87269,67,2791368
chr12,70577173,70577244,.,1000,.,229.31906,-1.0,4.87269,42,70577215
chr2,98412986,98413099,.,1000,.,229.31229,-1.0,4.87269,52,98413038
chr2,235746451,235746556,.,1000,.,229.30769,-1.0,4.87269,65,235746516
chr15,31197589,31197708,.,1000,.,229.29858,-1.0,4.87269,44,31197633
chr12,57001565,57001665,.,1000,.,229.29382,-1.0,4.87269,43,57001608
chr16,10521806,10521952,.,1000,.,229.27435,-1.0,4.87269,59,10521865
chr8,133496513,133496653,.,1000,.,229.25581,-1.0,4.87269,81,133496594
chr1,112718788,112718882,.,1000,.,229.23531,-1.0,4.87269,61,112718849
chr6,159941798,159942014,.,1000,.,229.23199,-1.0,4.87269,108,159941906
chr12,55072226,55072350,.,1000,.,229.22356,-1.0,4.87269,62,55072288
chr8,140099272,140099399,.,1000,.,229.22137,-1.0,4.87269,54,140099326
chr11,34492938,34493068,.,1000,.,229.20544,-1.0,4.87269,89,34493027
chr19,18594415,18594529,.,1000,.,229.19143,-1.0,4.87269,59,18594474
chr1,220733189,220733308,.,1000,.,229.17305,-1.0,4.87269,69,220733258
chr5,57298328,57298467,.,1000,.,229.15694,-1.0,4.87269,67,57298395
chr14,83300589,83300726,.,1000,.,229.14977,-1.0,4.87269,70,83300659
chr7,100966369,100966524,.,1000,.,229.14075,-1.0,4.87269,77,100966446
chr12,57093383,57093480,.,1000,.,229.13409,-1.0,4.87269,57,57093440
chr3,49340144,49340249,.,1000,.,229.12568,-1.0,4.87269,55,49340199
chr6,43774845,43774981,.,1000,.,229.11906,-1.0,4.87269,79,43774924
chr7,65722429,65722548,.,1000,.,229.10213,-1.0,4.87269,26,65722455
chr2,165874609,165874670,.,1000,.,229.0991,-1.0,4.87269,24,165874633
chr1,92968548,92968674,.,1000,.,229.08955,-1.0,4.87269,75,92968623
chr3,141105907,141106034,.,1000,.,229.07605,-1.0,4.87269,59,141105966
chr6,130698057,130698210,.,1000,.,229.07267,-1.0,4.87269,67,130698124
chr8,114454567,114454719,.,1000,.,229.07258,-1.0,4.87269,76,114454643
chr20,6583236,6583358,.,1000,.,229.05838,-1.0,4.87269,55,6583291
chr7,1087047,1087149,.,1000,.,229.05434,-1.0,4.87269,35,1087082
chr6,42075626,42075768,.,1000,.,229.0405,-1.0,4.87269,74,42075700
chr15,59501653,59501764,.,1000,.,229.03834,-1.0,4.87269,54,59501707
chr8,100847182,100847311,.,1000,.,229.03808,-1.0,4.87269,69,100847251
chr17,21513077,21513174,.,1000,.,229.02911,-1.0,4.87269,85,21513162
chr20,13119640,13119748,.,1000,.,229.0256,-1.0,4.87269,62,13119702
chr9,33466792,33466872,.,1000,.,228.98849,-1.0,4.87269,14,33466806
chr19,34430878,34431008,.,1000,.,228.98689,-1.0,4.87269,66,34430944
chr1,159780610,159780730,.,1000,.,228.97988,-1.0,4.87269,71,159780681
chr11,9015730,9015848,.,1000,.,228.97226,-1.0,4.87269,58,9015788
chr5,151740759,151740892,.,1000,.,228.96709,-1.0,4.87269,74,151740833
chrX,109713134,109713259,.,1000,.,228.95789,-1.0,4.87269,49,109713183
chr7,21767468,21767567,.,1000,.,228.95628,-1.0,4.87269,45,21767513
chr3,87350746,87350870,.,1000,.,228.95389,-1.0,4.87269,56,87350802
chr5,76544448,76544557,.,1000,.,228.93537,-1.0,4.87269,59,76544507
chr13,77493016,77493098,.,1000,.,228.93335,-1.0,4.87269,43,77493059
chr8,104787983,104788063,.,1000,.,228.92709,-1.0,4.87269,27,104788010
chr5,14108616,14108764,.,1000,.,228.92556,-1.0,4.87269,76,14108692
chr11,2428326,2428448,.,1000,.,228.91892,-1.0,4.87269,65,2428391
chr8,101301524,101301635,.,1000,.,228.91866,-1.0,4.87269,32,101301556
chr12,15584592,15584692,.,1000,.,228.91211,-1.0,4.87269,50,15584642
chr2,191165240,191165346,.,1000,.,228.90276,-1.0,4.87269,49,191165289
chr19,2069813,2069939,.,1000,.,228.8793,-1.0,4.87269,65,2069878
chr1,17661702,17661818,.,1000,.,228.86701,-1.0,4.87269,56,17661758
chr8,20223855,20223987,.,1000,.,228.86305,-1.0,4.87269,76,20223931
chr8,22422721,22422808,.,1000,.,228.85745,-1.0,4.87269,14,22422735
chr7,30164614,30164745,.,1000,.,228.84779,-1.0,4.87269,65,30164679
chrX,72245619,72245740,.,1000,.,228.83496,-1.0,4.87269,57,72245676
chr14,106663809,106663969,.,1000,.,228.80351,-1.0,4.87269,102,106663911
chr10,122268165,122268290,.,1000,.,228.79859,-1.0,4.87269,79,122268244
chr17,42403319,42403427,.,1000,.,228.79152,-1.0,4.87269,56,42403375
chr11,77188483,77188576,.,1000,.,228.77708,-1.0,4.87269,50,77188533
chr20,63434987,63435104,.,1000,.,228.7621,-1.0,4.87269,68,63435055
chr2,71924083,71924203,.,1000,.,228.74553,-1.0,4.87269,49,71924132
chr22,43274033,43274137,.,1000,.,228.73746,-1.0,4.87269,53,43274086
chr1,109490736,109490877,.,1000,.,228.72011,-1.0,4.87269,56,109490792
chr3,123723684,123723815,.,1000,.,228.71007,-1.0,4.87269,75,123723759
chr9,87663003,87663136,.,1000,.,228.70384,-1.0,4.87269,74,87663077
chr7,103407028,103407129,.,1000,.,228.69831,-1.0,4.87269,39,103407067
chr2,43024608,43024729,.,1000,.,228.69711,-1.0,4.87269,67,43024675
chr10,101467453,101467547,.,1000,.,228.67066,-1.0,4.87269,45,101467498
chr5,134527630,134527791,.,1000,.,228.65917,-1.0,4.87269,95,134527725
chr20,57092221,57092346,.,1000,.,228.65774,-1.0,4.87269,57,57092278
chr11,11028216,11028331,.,1000,.,228.64044,-1.0,4.87269,53,11028269
chr4,81040185,81040310,.,1000,.,228.63473,-1.0,4.87269,55,81040240
chr18,12659971,12660095,.,1000,.,228.63382,-1.0,4.87269,70,12660041
chr1,166479195,166479302,.,1000,.,228.61693,-1.0,4.87269,32,166479227
chr12,48904003,48904120,.,1000,.,228.6103,-1.0,4.87269,65,48904068
chr3,54853930,54854063,.,1000,.,228.60441,-1.0,4.87269,79,54854009
chr9,75002294,75002401,.,1000,.,228.5914,-1.0,4.87269,41,75002335
chr12,41277161,41277298,.,1000,.,228.57566,-1.0,4.87269,70,41277231
chr1,156609217,156609329,.,1000,.,228.53565,-1.0,4.87269,49,156609266
chr7,135274602,135274706,.,1000,.,228.52704,-1.0,4.87269,65,135274667
chr1,20640253,20640363,.,1000,.,228.52345,-1.0,4.87269,55,20640308
chr9,99162916,99163056,.,1000,.,228.51496,-1.0,4.87269,67,99162983
chr19,3076058,3076171,.,1000,.,228.50223,-1.0,4.87269,60,3076118
chr3,47513804,47513912,.,1000,.,228.48609,-1.0,4.87269,37,47513841
chr13,48595777,48595900,.,1000,.,228.48408,-1.0,4.87269,55,48595832
chr17,8057820,8057886,.,1000,.,228.47037,-1.0,4.87269,31,8057851
chr14,75577801,75577911,.,1000,.,228.45777,-1.0,4.87269,41,75577842
chr18,57630342,57630397,.,1000,.,228.44072,-1.0,4.87269,12,57630354
chr6,38672009,38672125,.,1000,.,228.42018,-1.0,4.87269,45,38672054
chr11,44894290,44894412,.,1000,.,228.41677,-1.0,4.87269,54,44894344
chr20,38751477,38751595,.,1000,.,228.41484,-1.0,4.87269,67,38751544
chr12,2944721,2944849,.,1000,.,228.39681,-1.0,4.87269,74,2944795
chr3,192566819,192566926,.,1000,.,228.38911,-1.0,4.87269,67,192566886
chr13,75482604,75482737,.,1000,.,228.38706,-1.0,4.87269,72,75482676
chr6,158072277,158072412,.,1000,.,228.38247,-1.0,4.87269,60,158072337
chr6,108049980,108050084,.,1000,.,228.37774,-1.0,4.87269,68,108050048
chr4,81844810,81844918,.,1000,.,228.37526,-1.0,4.87269,63,81844873
chr4,17549212,17549311,.,1000,.,228.36922,-1.0,4.87269,60,17549272
chr10,109978509,109978612,.,1000,.,228.36142,-1.0,4.87269,67,109978576
chr4,64158875,64158995,.,1000,.,228.3577,-1.0,4.87269,48,64158923
chr7,65307853,65307972,.,1000,.,228.35088,-1.0,4.87269,68,65307921
chr4,136864692,136864819,.,1000,.,228.33462,-1.0,4.87269,74,136864766
chr14,89767916,89768035,.,1000,.,228.33103,-1.0,4.87269,46,89767962
chr9,94668985,94669088,.,1000,.,228.3284,-1.0,4.87269,34,94669019
chr18,59070579,59070686,.,1000,.,228.31216,-1.0,4.87269,45,59070624
chr12,47837756,47837856,.,1000,.,228.31173,-1.0,4.87269,31,47837787
chr5,158075359,158075518,.,1000,.,228.30842,-1.0,4.87269,79,158075438
chr19,11203930,11204085,.,1000,.,228.30507,-1.0,4.87269,72,11204002
chr3,58177791,58177917,.,1000,.,228.29794,-1.0,4.87269,91,58177882
chr13,99442401,99442527,.,1000,.,228.29262,-1.0,4.87269,66,99442467
chrX,49915766,49915881,.,1000,.,228.27362,-1.0,4.87269,47,49915813
chr19,48152610,48152694,.,1000,.,228.26326,-1.0,4.87269,53,48152663
chr5,68252782,68252879,.,1000,.,228.2516,-1.0,4.87269,71,68252853
chr17,38730101,38730228,.,1000,.,228.25056,-1.0,4.87269,40,38730141
chrX,8743253,8743386,.,1000,.,228.21573,-1.0,4.87269,74,8743327
chr5,141512459,141512582,.,1000,.,228.20792,-1.0,4.87269,52,141512511
chr19,47079455,47079558,.,1000,.,228.20265,-1.0,4.87269,22,47079477
chr1,203625765,203625858,.,1000,.,228.18053,-1.0,4.87269,40,203625805
chrX,103845221,103845324,.,1000,.,228.18033,-1.0,4.87269,37,103845258
chr11,23021429,23021563,.,1000,.,228.17403,-1.0,4.87269,57,23021486
chrX,119469150,119469267,.,1000,.,228.1706,-1.0,4.87269,40,119469190
chr1,157580320,157580434,.,1000,.,228.15289,-1.0,4.87269,57,157580377
chr16,67260811,67260920,.,1000,.,228.15186,-1.0,4.87269,38,67260849
chr4,185134573,185134696,.,1000,.,228.14411,-1.0,4.87269,52,185134625
chr7,42876595,42876715,.,1000,.,228.13724,-1.0,4.87269,51,42876646
chr12,50056111,50056241,.,1000,.,228.13298,-1.0,4.87269,67,50056178
chr12,12376756,12376875,.,1000,.,228.12486,-1.0,4.87269,66,12376822
chr10,3781522,3781660,.,1000,.,228.11281,-1.0,4.87269,84,3781606
chr9,76447609,76447708,.,1000,.,228.10727,-1.0,4.87269,58,76447667
chr7,24812462,24812602,.,1000,.,228.09119,-1.0,4.87269,57,24812519
chr12,110619702,110619851,.,1000,.,228.07504,-1.0,4.87269,75,110619777
chrX,118604025,118604160,.,1000,.,228.07433,-1.0,4.87269,74,118604099
chrX,151151814,151151890,.,1000,.,228.06009,-1.0,4.87269,30,151151844
chr14,102516929,102517076,.,1000,.,228.05886,-1.0,4.87269,69,102516998
chr5,157762108,157762233,.,1000,.,228.05295,-1.0,4.87269,60,157762168
chr5,9361885,9361992,.,1000,.,228.03306,-1.0,4.87269,53,9361938
chr7,29189832,29189973,.,1000,.,228.03034,-1.0,4.87269,60,29189892
chr3,16601402,16601493,.,1000,.,228.03034,-1.0,4.87269,39,16601441
chr5,10695174,10695296,.,1000,.,228.02893,-1.0,4.87269,56,10695230
chr6,42877176,42877305,.,1000,.,227.97866,-1.0,4.87269,72,42877248
chr12,14770028,14770087,.,1000,.,227.97766,-1.0,4.87269,15,14770043
chr10,88583264,88583402,.,1000,.,227.97367,-1.0,4.87269,73,88583337
chr17,12180803,12180912,.,1000,.,227.9666,-1.0,4.87269,53,12180856
chr3,142022472,142022568,.,1000,.,227.94355,-1.0,4.87269,39,142022511
chr5,18394333,18394444,.,1000,.,227.93371,-1.0,4.87269,50,18394383
chr8,33334905,33334968,.,1000,.,227.92871,-1.0,4.87269,5,33334910
chr10,84352363,84352483,.,1000,.,227.91073,-1.0,4.87269,63,84352426
chr5,42057372,42057496,.,1000,.,227.89376,-1.0,4.87269,63,42057435
chr6,161393978,161394068,.,1000,.,227.88037,-1.0,4.87269,29,161394007
chr5,32489824,32489951,.,1000,.,227.87033,-1.0,4.87269,70,32489894
chr15,65401431,65401575,.,1000,.,227.86359,-1.0,4.87269,65,65401496
chr7,87797956,87798034,.,1000,.,227.86079,-1.0,4.87269,46,87798002
chr2,216682580,216682687,.,1000,.,227.8605,-1.0,4.87269,63,216682643
chr10,100743726,100743854,.,1000,.,227.84538,-1.0,4.87269,43,100743769
chr8,61468894,61469035,.,1000,.,227.83285,-1.0,4.87269,62,61468956
chr14,75709309,75709469,.,1000,.,227.82146,-1.0,4.87269,95,75709404
chr7,86469812,86469941,.,1000,.,227.82075,-1.0,4.87269,64,86469876
chr3,171049972,171050070,.,1000,.,227.8207,-1.0,4.87269,48,171050020
chr12,6766862,6766991,.,1000,.,227.80416,-1.0,4.87269,85,6766947
chr3,43378259,43378396,.,1000,.,227.79243,-1.0,4.87269,78,43378337
chr13,28796782,28796918,.,1000,.,227.79071,-1.0,4.87269,69,28796851
chr11,119741390,119741527,.,1000,.,227.78757,-1.0,4.87269,74,119741464
chr12,30985955,30986100,.,1000,.,227.78238,-1.0,4.87269,61,30986016
chr5,94738004,94738113,.,1000,.,227.7809,-1.0,4.87269,73,94738077
chr14,75518835,75518960,.,1000,.,227.78087,-1.0,4.87269,73,75518908
chr22,26461333,26461464,.,1000,.,227.77213,-1.0,4.87269,71,26461404
chr11,63945956,63946060,.,1000,.,227.77147,-1.0,4.87269,71,63946027
chr11,46247686,46247814,.,1000,.,227.76089,-1.0,4.87269,64,46247750
chr3,158727895,158727993,.,1000,.,227.75364,-1.0,4.87269,45,158727940
chr19,56333662,56333760,.,1000,.,227.74307,-1.0,4.87269,48,56333710
chr19,45017062,45017140,.,1000,.,227.71548,-1.0,4.87269,38,45017100
chr6,138591028,138591150,.,1000,.,227.69997,-1.0,4.87269,49,138591077
chr19,45693441,45693573,.,1000,.,227.68864,-1.0,4.87269,58,45693499
chrX,19372336,19372472,.,1000,.,227.68177,-1.0,4.87269,62,19372398
chrX,14039452,14039554,.,1000,.,227.67663,-1.0,4.87269,61,14039513
chr15,90221386,90221543,.,1000,.,227.65832,-1.0,4.87269,78,90221464
chr1,206634412,206634497,.,1000,.,227.64647,-1.0,4.87269,57,206634469
chr1,158998820,158998925,.,1000,.,227.63314,-1.0,4.87269,44,158998864
chr4,77618783,77618888,.,1000,.,227.61096,-1.0,4.87269,54,77618837
chr2,191555230,191555350,.,1000,.,227.59814,-1.0,4.87269,35,191555265
chr4,186038292,186038394,.,1000,.,227.58442,-1.0,4.87269,59,186038351
chr2,69724815,69724902,.,1000,.,227.56437,-1.0,4.87269,18,69724833
chr3,4976243,4976363,.,1000,.,227.5409,-1.0,4.87269,71,4976314
chr1,211134221,211134366,.,1000,.,227.52912,-1.0,4.87269,80,211134301
chr12,109432889,109433013,.,1000,.,227.52204,-1.0,4.87269,53,109432942
chr1,187928417,187928571,.,1000,.,227.5219,-1.0,4.87269,76,187928493
chr12,122123323,122123428,.,1000,.,227.51988,-1.0,4.87269,45,122123368
chr11,22787692,22787820,.,1000,.,227.51987,-1.0,4.87269,54,22787746
chr13,32267973,32268046,.,1000,.,227.49439,-1.0,4.87269,59,32268032
chr22,35154987,35155135,.,1000,.,227.48952,-1.0,4.87269,84,35155071
chr22,37429106,37429256,.,1000,.,227.48211,-1.0,4.87269,75,37429181
chr16,3031777,3031876,.,1000,.,227.4617,-1.0,4.87269,46,3031823
chr10,6151550,6151656,.,1000,.,227.44268,-1.0,4.87269,45,6151595
chr4,17636912,17637024,.,1000,.,227.43307,-1.0,4.87269,70,17636982
chr2,6897281,6897405,.,1000,.,227.4325,-1.0,4.87269,66,6897347
chr6,158691472,158691590,.,1000,.,227.40664,-1.0,4.87269,57,158691529
chr5,147628217,147628325,.,1000,.,227.395,-1.0,4.87269,43,147628260
chr11,11036958,11037094,.,1000,.,227.39266,-1.0,4.87269,61,11037019
chr10,73159194,73159271,.,1000,.,227.39156,-1.0,4.87269,49,73159243
chr15,83248546,83248651,.,1000,.,227.37867,-1.0,4.87269,28,83248574
chr1,22964320,22964433,.,1000,.,227.37071,-1.0,4.87269,57,22964377
chrX,140057085,140057174,.,1000,.,227.36489,-1.0,4.87269,51,140057136
chr12,12608816,12608960,.,1000,.,227.36482,-1.0,4.87269,56,12608872
chr9,4315771,4315880,.,1000,.,227.35059,-1.0,4.87269,22,4315793
chr11,116836132,116836251,.,1000,.,227.35055,-1.0,4.87269,55,116836187
chr1,179706471,179706573,.,1000,.,227.33661,-1.0,4.87269,76,179706547
chr9,136644582,136644706,.,1000,.,227.33333,-1.0,4.87269,67,136644649
chr15,31129413,31129535,.,1000,.,227.32881,-1.0,4.87269,55,31129468
chr8,142864988,142865090,.,1000,.,227.31767,-1.0,4.87269,62,142865050
chr17,48671747,48671859,.,1000,.,227.31515,-1.0,4.87269,67,48671814
chr6,30170117,30170269,.,1000,.,227.31259,-1.0,4.87269,86,30170203
chr3,119559622,119559763,.,1000,.,227.28892,-1.0,4.87269,54,119559676
chr8,143131133,143131264,.,1000,.,227.28485,-1.0,4.87269,72,143131205
chr7,43439917,43440028,.,1000,.,227.28214,-1.0,4.87269,65,43439982
chr9,122465150,122465244,.,1000,.,227.27263,-1.0,4.87269,15,122465165
chr1,36516464,36516586,.,1000,.,227.27117,-1.0,4.87269,66,36516530
chr12,50039325,50039445,.,1000,.,227.26787,-1.0,4.87269,71,50039396
chr3,172332637,172332777,.,1000,.,227.25618,-1.0,4.87269,54,172332691
chr2,85266614,85266730,.,1000,.,227.24628,-1.0,4.87269,28,85266642
chr22,41517861,41518007,.,1000,.,227.24546,-1.0,4.87269,82,41517943
chr8,143029383,143029524,.,1000,.,227.24362,-1.0,4.87269,81,143029464
chrX,19334239,19334422,.,1000,.,227.24243,-1.0,4.87269,87,19334326
chr21,34510668,34510769,.,1000,.,227.22496,-1.0,4.87269,64,34510732
chr6,31192682,31192765,.,1000,.,227.21061,-1.0,4.87269,27,31192709
chr1,47437894,47438043,.,1000,.,227.2016,-1.0,4.87269,61,47437955
chr5,7927889,7927997,.,1000,.,227.19911,-1.0,4.87269,69,7927958
chr13,21297981,21298044,.,1000,.,227.19041,-1.0,4.87269,60,21298041
chr19,47130814,47130905,.,1000,.,227.18199,-1.0,4.87269,34,47130848
chr15,64046502,64046629,.,1000,.,227.17434,-1.0,4.87269,76,64046578
chr18,48712000,48712130,.,1000,.,227.13982,-1.0,4.87269,81,48712081
chr4,100093522,100093645,.,1000,.,227.13637,-1.0,4.87269,70,100093592
chr20,59783187,59783287,.,1000,.,227.1302,-1.0,4.87269,43,59783230
chr7,50369589,50369688,.,1000,.,227.12629,-1.0,4.87269,36,50369625
chr6,33148183,33148318,.,1000,.,227.11643,-1.0,4.87269,78,33148261
chr6,149834650,149834763,.,1000,.,227.08405,-1.0,4.87269,52,149834702
chrX,31036992,31037097,.,1000,.,227.08375,-1.0,4.87269,73,31037065
chr21,32569875,32570027,.,1000,.,227.06833,-1.0,4.87269,73,32569948
chr4,3037423,3037539,.,1000,.,227.0561,-1.0,4.87269,77,3037500
chr7,22782754,22782811,.,1000,.,227.0557,-1.0,4.87269,55,22782809
chr6,89610200,89610312,.,1000,.,227.05568,-1.0,4.87269,52,89610252
chr3,78645871,78646000,.,1000,.,227.04999,-1.0,4.87269,64,78645935
chr2,198309809,198309919,.,1000,.,227.04004,-1.0,4.87269,48,198309857
chr15,95259539,95259675,.,1000,.,227.03733,-1.0,4.87269,82,95259621
chr15,48352599,48352670,.,1000,.,227.01124,-1.0,4.87269,55,48352654
chr1,48697233,48697367,.,1000,.,227.00535,-1.0,4.87269,61,48697294
chr14,49853043,49853164,.,1000,.,227.00088,-1.0,4.87269,40,49853083
chr20,17681235,17681366,.,1000,.,226.99434,-1.0,4.87269,68,17681303
chrX,37825393,37825500,.,1000,.,226.9868,-1.0,4.87269,21,37825414
chr1,19341592,19341707,.,1000,.,226.98517,-1.0,4.87269,64,19341656
chr6,25556553,25556664,.,1000,.,226.98409,-1.0,4.87269,63,25556616
chr15,81480703,81480807,.,1000,.,226.9733,-1.0,4.87269,56,81480759
chr12,10674282,10674396,.,1000,.,226.96527,-1.0,4.87269,57,10674339
chr3,56802234,56802364,.,1000,.,226.9646,-1.0,4.87269,67,56802301
chr14,24710533,24710645,.,1000,.,226.94725,-1.0,4.87269,55,24710588
chr14,103500262,103500397,.,1000,.,226.93458,-1.0,4.87269,73,103500335
chr1,209354425,209354555,.,1000,.,226.90362,-1.0,4.87269,82,209354507
chr3,71729978,71730079,.,1000,.,226.8926,-1.0,4.87269,53,71730031
chr19,39551549,39551682,.,1000,.,226.89206,-1.0,4.87269,69,39551618
chr2,162334107,162334226,.,1000,.,226.88343,-1.0,4.87269,61,162334168
chr11,18775794,18775904,.,1000,.,226.87856,-1.0,4.87269,74,18775868
chr22,26398807,26398913,.,1000,.,226.87438,-1.0,4.87269,40,26398847
chr13,98840228,98840377,.,1000,.,226.86584,-1.0,4.87269,68,98840296
chr6,106997731,106997863,.,1000,.,226.83835,-1.0,4.87269,87,106997818
chr8,140159739,140159823,.,1000,.,226.8356,-1.0,4.87269,41,140159780
chr1,11785282,11785409,.,1000,.,226.83186,-1.0,4.87269,56,11785338
chr7,8437017,8437127,.,1000,.,226.80707,-1.0,4.87269,68,8437085
chr10,14823292,14823397,.,1000,.,226.80375,-1.0,4.87269,56,14823348
chr9,19493196,19493318,.,1000,.,226.80334,-1.0,4.87269,74,19493270
chr3,182714195,182714302,.,1000,.,226.79365,-1.0,4.87269,38,182714233
chr11,59102353,59102442,.,1000,.,226.78812,-1.0,4.87269,42,59102395
chr3,39291967,39292094,.,1000,.,226.77917,-1.0,4.87269,71,39292038
chr3,141455067,141455137,.,1000,.,226.7785,-1.0,4.87269,38,141455105
chr12,110602330,110602431,.,1000,.,226.76012,-1.0,4.87269,64,110602394
chrX,74133560,74133672,.,1000,.,226.75965,-1.0,4.87269,53,74133613
chr2,222318064,222318186,.,1000,.,226.74586,-1.0,4.87269,53,222318117
chr1,110412637,110412732,.,1000,.,226.72907,-1.0,4.87269,68,110412705
chrX,74382819,74382934,.,1000,.,226.67977,-1.0,4.87269,59,74382878
chr11,8813707,8813800,.,1000,.,226.67699,-1.0,4.87269,55,8813762
chr1,68116802,68116858,.,1000,.,226.6602,-1.0,4.87269,42,68116844
chr1,183228094,183228218,.,1000,.,226.65761,-1.0,4.87269,65,183228159
chr9,123354174,123354329,.,1000,.,226.65192,-1.0,4.87269,69,123354243
chr11,8914551,8914652,.,1000,.,226.63803,-1.0,4.87269,50,8914601
chr1,230979140,230979213,.,1000,.,226.62696,-1.0,4.87269,36,230979176
chr9,10366320,10366428,.,1000,.,226.61773,-1.0,4.87269,51,10366371
chr5,138464185,138464303,.,1000,.,226.61603,-1.0,4.87269,82,138464267
chr14,103910458,103910580,.,1000,.,226.61295,-1.0,4.87269,61,103910519
chr17,16453366,16453470,.,1000,.,226.58672,-1.0,4.87269,46,16453412
chr1,34681589,34681718,.,1000,.,226.55903,-1.0,4.87269,82,34681671
chr11,45655376,45655500,.,1000,.,226.55641,-1.0,4.87269,69,45655445
chr3,69013628,69013752,.,1000,.,226.53714,-1.0,4.87269,73,69013701
chr20,23446733,23446877,.,1000,.,226.51513,-1.0,4.87269,67,23446800
chr2,36507496,36507593,.,1000,.,226.51503,-1.0,4.87269,41,36507537
chr22,46563475,46563586,.,1000,.,226.48555,-1.0,4.87269,21,46563496
chr22,20418261,20418362,.,1000,.,226.47719,-1.0,4.87269,54,20418315
chr9,38371603,38371708,.,1000,.,226.46025,-1.0,4.87269,61,38371664
chr9,126706567,126706712,.,1000,.,226.45715,-1.0,4.87269,79,126706646
chr1,20195290,20195413,.,1000,.,226.43869,-1.0,4.87269,78,20195368
chr2,165015149,165015252,.,1000,.,226.4247,-1.0,4.87269,74,165015223
chr11,110376824,110376948,.,1000,.,226.41542,-1.0,4.87269,66,110376890
chr9,101119364,101119458,.,1000,.,226.41249,-1.0,4.87269,38,101119402
chr16,2838961,2839095,.,1000,.,226.40897,-1.0,4.87269,80,2839041
chr16,87909480,87909614,.,1000,.,226.40832,-1.0,4.87269,56,87909536
chr18,73842910,73843059,.,1000,.,226.3902,-1.0,4.87269,75,73842985
chr11,73242744,73242855,.,1000,.,226.38065,-1.0,4.87269,47,73242791
chr15,84878669,84878779,.,1000,.,226.36649,-1.0,4.87269,46,84878715
chr1,89519922,89520041,.,1000,.,226.36471,-1.0,4.87269,60,89519982
chr7,35906586,35906677,.,1000,.,226.3571,-1.0,4.87269,52,35906638
chr20,64038627,64038797,.,1000,.,226.32637,-1.0,4.87269,84,64038711
chr1,156839007,156839124,.,1000,.,226.30618,-1.0,4.87269,67,156839074
chr3,45511594,45511744,.,1000,.,226.28708,-1.0,4.87269,76,45511670
chr1,174770099,174770229,.,1000,.,226.26279,-1.0,4.87269,59,174770158
chr19,10416592,10416772,.,1000,.,226.2492,-1.0,4.87269,112,10416704
chr2,236353171,236353292,.,1000,.,226.23836,-1.0,4.87269,59,236353230
chr3,112043767,112043870,.,1000,.,226.23757,-1.0,4.87269,62,112043829
chr12,49776465,49776581,.,1000,.,226.21652,-1.0,4.87269,60,49776525
chr2,219058092,219058258,.,1000,.,226.20322,-1.0,4.87269,86,219058178
chr14,36605055,36605186,.,1000,.,226.20114,-1.0,4.87269,57,36605112
chr5,134102114,134102226,.,1000,.,226.19472,-1.0,4.87269,47,134102161
chr1,177948482,177948623,.,1000,.,226.1852,-1.0,4.87269,71,177948553
chr1,113978895,113979006,.,1000,.,226.1676,-1.0,4.87269,53,113978948
chr3,112013685,112013778,.,1000,.,226.16489,-1.0,4.87269,39,112013724
chr20,36156755,36156898,.,1000,.,226.15688,-1.0,4.87269,74,36156829
chr8,144096161,144096266,.,1000,.,226.14885,-1.0,4.87269,37,144096198
chr15,42057157,42057296,.,1000,.,226.11014,-1.0,4.87269,87,42057244
chr12,10235907,10236031,.,1000,.,226.10241,-1.0,4.87269,42,10235949
chr11,75328808,75328948,.,1000,.,226.0972,-1.0,4.87269,77,75328885
chr3,99753526,99753634,.,1000,.,226.08162,-1.0,4.87269,46,99753572
chr5,113379079,113379220,.,1000,.,226.07522,-1.0,4.87269,73,113379152
chr2,70946986,70947098,.,1000,.,226.07055,-1.0,4.87269,61,70947047
chr19,38233921,38234027,.,1000,.,226.05388,-1.0,4.87269,56,38233977
chr6,134882589,134882713,.,1000,.,226.04418,-1.0,4.87269,54,134882643
chr11,32792994,32793134,.,1000,.,226.04414,-1.0,4.87269,74,32793068
chr1,39816891,39817027,.,1000,.,226.03229,-1.0,4.87269,83,39816974
chr14,22314336,22314426,.,1000,.,226.02557,-1.0,4.87269,42,22314378
chr17,44779188,44779322,.,1000,.,226.02236,-1.0,4.87269,76,44779264
chr9,1005220,1005338,.,1000,.,226.00862,-1.0,4.87269,47,1005267
chr19,45607370,45607482,.,1000,.,226.00336,-1.0,4.87269,57,45607427
chr14,93619325,93619440,.,1000,.,226.0024,-1.0,4.87269,59,93619384
chr1,6423569,6423690,.,1000,.,225.99662,-1.0,4.87269,57,6423626
chr17,46044462,46044574,.,1000,.,225.9835,-1.0,4.87269,59,46044521
chrX,130575938,130576078,.,1000,.,225.97112,-1.0,4.87269,68,130576006
chr19,4370013,4370151,.,1000,.,225.94778,-1.0,4.87269,75,4370088
chr15,90286799,90286941,.,1000,.,225.9441,-1.0,4.87269,67,90286866
chr11,62593663,62593803,.,1000,.,225.91716,-1.0,4.87269,66,62593729
chr12,32060716,32060810,.,1000,.,225.89706,-1.0,4.87269,49,32060765
chrX,45187021,45187156,.,1000,.,225.88782,-1.0,4.87269,68,45187089
chr8,129682153,129682257,.,1000,.,225.8708,-1.0,4.87269,53,129682206
chr1,160997425,160997539,.,1000,.,225.86365,-1.0,4.87269,73,160997498
chr6,122381636,122381739,.,1000,.,225.85597,-1.0,4.87269,54,122381690
chr4,86895894,86895981,.,1000,.,225.85117,-1.0,4.87269,35,86895929
chr1,18597505,18597659,.,1000,.,225.84808,-1.0,4.87269,93,18597598
chrX,129607055,129607206,.,1000,.,225.83777,-1.0,4.87269,69,129607124
chr5,42909005,42909107,.,1000,.,225.83447,-1.0,4.87269,81,42909086
chr6,132823095,132823214,.,1000,.,225.81567,-1.0,4.87269,66,132823161
chr20,19995390,19995529,.,1000,.,225.81409,-1.0,4.87269,84,19995474
chr6,34163922,34164045,.,1000,.,225.7899,-1.0,4.87269,71,34163993
chr6,71012963,71013063,.,1000,.,225.78724,-1.0,4.87269,68,71013031
chr17,28965717,28965832,.,1000,.,225.78311,-1.0,4.87269,67,28965784
chr7,8724241,8724369,.,1000,.,225.77939,-1.0,4.87269,61,8724302
chr11,56841336,56841450,.,1000,.,225.76831,-1.0,4.87269,64,56841400
chr17,39548014,39548161,.,1000,.,225.76706,-1.0,4.87269,73,39548087
chr6,52995231,52995348,.,1000,.,225.76682,-1.0,4.87269,68,52995299
chr12,2784121,2784238,.,1000,.,225.73704,-1.0,4.87269,66,2784187
chr3,195863229,195863309,.,1000,.,225.72274,-1.0,4.87269,33,195863262
chr14,31082134,31082232,.,1000,.,225.71195,-1.0,4.87269,53,31082187
chr17,45852826,45852938,.,1000,.,225.70929,-1.0,4.87269,57,45852883
chr10,30751985,30752117,.,1000,.,225.68703,-1.0,4.87269,68,30752053
chr16,30953747,30953858,.,1000,.,225.67089,-1.0,4.87269,87,30953834
chr2,156335599,156335815,.,1000,.,225.66993,-1.0,4.87269,108,156335707
chr20,8722441,8722553,.,1000,.,225.66831,-1.0,4.87269,59,8722500
chr20,63496211,63496330,.,1000,.,225.66618,-1.0,4.87269,67,63496278
chr10,113679092,113679217,.,1000,.,225.66562,-1.0,4.87269,59,113679151
chr15,98779699,98779839,.,1000,.,225.64479,-1.0,4.87269,71,98779770
chrX,153470929,153471058,.,1000,.,225.63336,-1.0,4.87269,62,153470991
chr1,182446160,182446284,.,1000,.,225.63262,-1.0,4.87269,66,182446226
chr12,30807578,30807679,.,1000,.,225.62582,-1.0,4.87269,52,30807630
chr1,76901342,76901418,.,1000,.,225.62273,-1.0,4.87269,9,76901351
chr3,13657944,13658078,.,1000,.,225.60956,-1.0,4.87269,65,13658009
chr1,227481637,227481751,.,1000,.,225.60902,-1.0,4.87269,94,227481731
chr7,151783043,151783159,.,1000,.,225.6072,-1.0,4.87269,28,151783071
chr5,73202060,73202164,.,1000,.,225.59895,-1.0,4.87269,53,73202113
chr14,22319928,22320001,.,1000,.,225.59781,-1.0,4.87269,25,22319953
chr4,10157882,10157993,.,1000,.,225.57152,-1.0,4.87269,69,10157951
chr20,62822907,62823014,.,1000,.,225.57046,-1.0,4.87269,35,62822942
chr11,848401,848552,.,1000,.,225.55377,-1.0,4.87269,78,848479
chr3,40309489,40309600,.,1000,.,225.52977,-1.0,4.87269,50,40309539
chr17,32783598,32783814,.,1000,.,225.49773,-1.0,4.87269,108,32783706
chr20,6077480,6077600,.,1000,.,225.49744,-1.0,4.87269,55,6077535
chr17,40027092,40027308,.,1000,.,225.49147,-1.0,4.87269,108,40027200
chr20,16804077,16804192,.,1000,.,225.48959,-1.0,4.87269,60,16804137
chr15,50003858,50003966,.,1000,.,225.48812,-1.0,4.87269,60,50003918
chr17,77247116,77247233,.,1000,.,225.4748,-1.0,4.87269,95,77247211
chr11,18764412,18764527,.,1000,.,225.46362,-1.0,4.87269,51,18764463
chr4,168077149,168077249,.,1000,.,225.4599,-1.0,4.87269,67,168077216
chr14,74763170,74763235,.,1000,.,225.45473,-1.0,4.87269,51,74763221
chr15,64835833,64836049,.,1000,.,225.43217,-1.0,4.87269,108,64835941
chr9,129726753,129726844,.,1000,.,225.4236,-1.0,4.87269,29,129726782
chr3,187319820,187319938,.,1000,.,225.42144,-1.0,4.87269,66,187319886
chr2,72859893,72859993,.,1000,.,225.41303,-1.0,4.87269,56,72859949
chr1,209827837,209827949,.,1000,.,225.41138,-1.0,4.87269,52,209827889
chr2,69817070,69817175,.,1000,.,225.40689,-1.0,4.87269,73,69817143
chr6,49607235,49607372,.,1000,.,225.3995,-1.0,4.87269,73,49607308
chr9,86202404,86202542,.,1000,.,225.38333,-1.0,4.87269,64,86202468
chr6,168895152,168895209,.,1000,.,225.38085,-1.0,4.87269,50,168895202
chr1,202999425,202999500,.,1000,.,225.37691,-1.0,4.87269,15,202999440
chr2,197378529,197378647,.,1000,.,225.37401,-1.0,4.87269,62,197378591
chr4,119629023,119629129,.,1000,.,225.3706,-1.0,4.87269,35,119629058
chr20,22339242,22339338,.,1000,.,225.36879,-1.0,4.87269,48,22339290
chr8,28787838,28788054,.,1000,.,225.3675,-1.0,4.87269,108,28787946
chr5,16550457,16550581,.,1000,.,225.36165,-1.0,4.87269,64,16550521
chr15,51982410,51982484,.,1000,.,225.35928,-1.0,4.87269,19,51982429
chr3,97793547,97793671,.,1000,.,225.34004,-1.0,4.87269,68,97793615
chr1,94805951,94806057,.,1000,.,225.33288,-1.0,4.87269,62,94806013
chr17,73189673,73189809,.,1000,.,225.31425,-1.0,4.87269,69,73189742
chr3,47475944,47476160,.,1000,.,225.30735,-1.0,4.87269,108,47476052
chr11,128632262,128632368,.,1000,.,225.30054,-1.0,4.87269,60,128632322
chr6,134823062,134823170,.,1000,.,225.29753,-1.0,4.87269,52,134823114
chr4,179867418,179867524,.,1000,.,225.28121,-1.0,4.87269,52,179867470
chr3,52742555,52742678,.,1000,.,225.27436,-1.0,4.87269,51,52742606
chr14,95994465,95994587,.,1000,.,225.27294,-1.0,4.87269,48,95994513
chr16,21156839,21156965,.,1000,.,225.27171,-1.0,4.87269,58,21156897
chrX,123833464,123833560,.,1000,.,225.26759,-1.0,4.87269,73,123833537
chr15,41230727,41230867,.,1000,.,225.22717,-1.0,4.87269,85,41230812
chr2,162153729,162153877,.,1000,.,225.2262,-1.0,4.87269,77,162153806
chr7,123154417,123154472,.,1000,.,225.22365,-1.0,4.87269,31,123154448
chr6,31128227,31128375,.,1000,.,225.22228,-1.0,4.87269,74,31128301
chr14,100285355,100285500,.,1000,.,225.22051,-1.0,4.87269,58,100285413
chr11,62108106,62108256,.,1000,.,225.21368,-1.0,4.87269,78,62108184
chr15,75802203,75802311,.,1000,.,225.21113,-1.0,4.87269,64,75802267
chr1,119275541,119275655,.,1000,.,225.20859,-1.0,4.87269,55,119275596
chr5,174317423,174317524,.,1000,.,225.20214,-1.0,4.87269,36,174317459
chr4,107913433,107913509,.,1000,.,225.1914,-1.0,4.87269,56,107913489
chr1,179809963,179810068,.,1000,.,225.18947,-1.0,4.87269,55,179810018
chr10,15209955,15210066,.,1000,.,225.18709,-1.0,4.87269,62,15210017
chr9,130315025,130315148,.,1000,.,225.18226,-1.0,4.87269,65,130315090
chr1,21195295,21195408,.,1000,.,225.17738,-1.0,4.87269,59,21195354
chr20,5126759,5126924,.,1000,.,225.16975,-1.0,4.87269,93,5126852
chr1,33455950,33456015,.,1000,.,225.16476,-1.0,4.87269,56,33456006
chr10,31031604,31031762,.,1000,.,225.16156,-1.0,4.87269,77,31031681
chr6,14211277,14211357,.,1000,.,225.161,-1.0,4.87269,36,14211313
chr12,119938179,119938300,.,1000,.,225.15797,-1.0,4.87269,55,119938234
chr5,98796476,98796578,.,1000,.,225.14696,-1.0,4.87269,56,98796532
chr19,35044473,35044614,.,1000,.,225.14382,-1.0,4.87269,58,35044531
chr10,25113255,25113380,.,1000,.,225.13858,-1.0,4.87269,77,25113332
chr11,662852,662962,.,1000,.,225.12098,-1.0,4.87269,32,662884
chr4,185039890,185040030,.,1000,.,225.11268,-1.0,4.87269,72,185039962
chr6,135423787,135423922,.,1000,.,225.09332,-1.0,4.87269,60,135423847
chr11,60265736,60265863,.,1000,.,225.09102,-1.0,4.87269,66,60265802
chr6,125769943,125770073,.,1000,.,225.08244,-1.0,4.87269,58,125770001
chr10,45008704,45008833,.,1000,.,225.07836,-1.0,4.87269,96,45008800
chr8,2623321,2623462,.,1000,.,225.0716,-1.0,4.87269,78,2623399
chr1,167715579,167715707,.,1000,.,225.06734,-1.0,4.87269,41,167715620
chr15,42134042,42134167,.,1000,.,225.06434,-1.0,4.87269,51,42134093
chr17,4565679,4565784,.,1000,.,225.05924,-1.0,4.87269,60,4565739
chr2,64831842,64831985,.,1000,.,225.05699,-1.0,4.87269,78,64831920
chr1,108898263,108898353,.,1000,.,225.0502,-1.0,4.87269,35,108898298
chr17,76547462,76547583,.,1000,.,225.04976,-1.0,4.87269,55,76547517
chr8,54165900,54166011,.,1000,.,225.04826,-1.0,4.87269,59,54165959
chr7,129830117,129830242,.,1000,.,225.02799,-1.0,4.87269,68,129830185
chr12,57621883,57622002,.,1000,.,225.02699,-1.0,4.87269,35,57621918
chr20,11205295,11205425,.,1000,.,225.00594,-1.0,4.87269,54,11205349
chr19,5968044,5968190,.,1000,.,224.99028,-1.0,4.87269,70,5968114
chr15,99273087,99273193,.,1000,.,224.96755,-1.0,4.87269,66,99273153
chr13,40668408,40668527,.,1000,.,224.96011,-1.0,4.87269,57,40668465
chr7,96075530,96075685,.,1000,.,224.94938,-1.0,4.87269,73,96075603
chr15,62060528,62060675,.,1000,.,224.93412,-1.0,4.87269,68,62060596
chr19,40221989,40222110,.,1000,.,224.91834,-1.0,4.87269,68,40222057
chr1,45300373,45300473,.,1000,.,224.9024,-1.0,4.87269,75,45300448
chr14,49461936,49462035,.,1000,.,224.89666,-1.0,4.87269,42,49461978
chr8,94905374,94905482,.,1000,.,224.89574,-1.0,4.87269,67,94905441
chr7,47945337,47945442,.,1000,.,224.89566,-1.0,4.87269,58,47945395
chr17,37701556,37701658,.,1000,.,224.8956,-1.0,4.87269,50,37701606
chr1,167600172,167600276,.,1000,.,224.8824,-1.0,4.87269,60,167600232
chr16,24042159,24042266,.,1000,.,224.87527,-1.0,4.87269,60,24042219
chr12,100669074,100669165,.,1000,.,224.86119,-1.0,4.87269,35,100669109
chr7,134633071,134633197,.,1000,.,224.85951,-1.0,4.87269,71,134633142
chr10,86688431,86688544,.,1000,.,224.85131,-1.0,4.87269,65,86688496
chr15,47988062,47988178,.,1000,.,224.83974,-1.0,4.87269,53,47988115
chr2,70070945,70071049,.,1000,.,224.81746,-1.0,4.87269,81,70071026
chr17,40303163,40303266,.,1000,.,224.81234,-1.0,4.87269,32,40303195
chr5,40755113,40755248,.,1000,.,224.76644,-1.0,4.87269,52,40755165
chr11,47454324,47454435,.,1000,.,224.75519,-1.0,4.87269,70,47454394
chr3,187139759,187139891,.,1000,.,224.75457,-1.0,4.87269,65,187139824
chr6,117605356,117605448,.,1000,.,224.74347,-1.0,4.87269,50,117605406
chr2,88669796,88669879,.,1000,.,224.72286,-1.0,4.87269,29,88669825
chr14,76913331,76913500,.,1000,.,224.71328,-1.0,4.87269,66,76913397
chr16,31333804,31333930,.,1000,.,224.70659,-1.0,4.87269,78,31333882
chr2,70304022,70304138,.,1000,.,224.68798,-1.0,4.87269,49,70304071
chr12,10153334,10153443,.,1000,.,224.67856,-1.0,4.87269,67,10153401
chr20,8853887,8854006,.,1000,.,224.67009,-1.0,4.87269,68,8853955
chr3,137971305,137971417,.,1000,.,224.65799,-1.0,4.87269,82,137971387
chr9,89919472,89919612,.,1000,.,224.65221,-1.0,4.87269,67,89919539
chr22,24175303,24175426,.,1000,.,224.64281,-1.0,4.87269,65,24175368
chr6,12605915,12606047,.,1000,.,224.64189,-1.0,4.87269,73,12605988
chr7,148262844,148262943,.,1000,.,224.63089,-1.0,4.87269,81,148262925
chr4,89901977,89902085,.,1000,.,224.62999,-1.0,4.87269,43,89902020
chr1,43934345,43934455,.,1000,.,224.62979,-1.0,4.87269,43,43934388
chr1,19344479,19344599,.,1000,.,224.62361,-1.0,4.87269,50,19344529
chr9,94783178,94783277,.,1000,.,224.61398,-1.0,4.87269,50,94783228
chr11,46006574,46006686,.,1000,.,224.61271,-1.0,4.87269,53,46006627
chr17,75753764,75753904,.,1000,.,224.60129,-1.0,4.87269,94,75753858
chr11,58568028,58568137,.,1000,.,224.59437,-1.0,4.87269,70,58568098
chr14,101843725,101843808,.,1000,.,224.58806,-1.0,4.87269,75,101843800
chr4,1629263,1629402,.,1000,.,224.57987,-1.0,4.87269,54,1629317
chr1,30929533,30929634,.,1000,.,224.57737,-1.0,4.87269,56,30929589
chr16,78770697,78770831,.,1000,.,224.57545,-1.0,4.87269,53,78770750
chr6,82040679,82040810,.,1000,.,224.56392,-1.0,4.87269,77,82040756
chr6,56955278,56955397,.,1000,.,224.54674,-1.0,4.87269,38,56955316
chr17,17681235,17681328,.,1000,.,224.54151,-1.0,4.87269,51,17681286
chr3,135503964,135504104,.,1000,.,224.54118,-1.0,4.87269,86,135504050
chr5,179668527,179668657,.,1000,.,224.53845,-1.0,4.87269,73,179668600
chr11,107741077,107741204,.,1000,.,224.5336,-1.0,4.87269,57,107741134
chr1,214333035,214333177,.,1000,.,224.5306,-1.0,4.87269,68,214333103
chr13,26496722,26496863,.,1000,.,224.5263,-1.0,4.87269,63,26496785
chr8,48172245,48172333,.,1000,.,224.52088,-1.0,4.87269,68,48172313
chr6,108526808,108526934,.,1000,.,224.51067,-1.0,4.87269,66,108526874
chr9,123385488,123385602,.,1000,.,224.50355,-1.0,4.87269,76,123385564
chr12,98998850,98998956,.,1000,.,224.47454,-1.0,4.87269,41,98998891
chr11,13955982,13956133,.,1000,.,224.47125,-1.0,4.87269,81,13956063
chr11,66543847,66543969,.,1000,.,224.4691,-1.0,4.87269,54,66543901
chr4,81069903,81070016,.,1000,.,224.45662,-1.0,4.87269,35,81069938
chr11,46315261,46315384,.,1000,.,224.45213,-1.0,4.87269,53,46315314
chr12,7113426,7113550,.,1000,.,224.44844,-1.0,4.87269,68,7113494
chr11,96393888,96394014,.,1000,.,224.44657,-1.0,4.87269,73,96393961
chr14,94434021,94434136,.,1000,.,224.43317,-1.0,4.87269,77,94434098
chr16,80526551,80526651,.,1000,.,224.42725,-1.0,4.87269,61,80526612
chr5,126339342,126339461,.,1000,.,224.42277,-1.0,4.87269,59,126339401
chr2,130920569,130920669,.,1000,.,224.42116,-1.0,4.87269,50,130920619
chr11,124876359,124876469,.,1000,.,224.41401,-1.0,4.87269,59,124876418
chr11,17991933,17992048,.,1000,.,224.39353,-1.0,4.87269,64,17991997
chr8,40199748,40199898,.,1000,.,224.39321,-1.0,4.87269,73,40199821
chr3,133423721,133423813,.,1000,.,224.38408,-1.0,4.87269,38,133423759
chr15,45614357,45614454,.,1000,.,224.37138,-1.0,4.87269,54,45614411
chr1,230917376,230917494,.,1000,.,224.3526,-1.0,4.87269,45,230917421
chr6,36615282,36615398,.,1000,.,224.34943,-1.0,4.87269,61,36615343
chr17,82554549,82554684,.,1000,.,224.34533,-1.0,4.87269,63,82554612
chr5,169581754,169581868,.,1000,.,224.33836,-1.0,4.87269,54,169581808
chr15,65033801,65033938,.,1000,.,224.33345,-1.0,4.87269,64,65033865
chr15,90362163,90362251,.,1000,.,224.32937,-1.0,4.87269,27,90362190
chr11,103601411,103601519,.,1000,.,224.32137,-1.0,4.87269,37,103601448
chr3,180912277,180912413,.,1000,.,224.31136,-1.0,4.87269,69,180912346
chr19,14032341,14032466,.,1000,.,224.29639,-1.0,4.87269,41,14032382
chr2,203453999,203454105,.,1000,.,224.28745,-1.0,4.87269,60,203454059
chr4,6250818,6250949,.,1000,.,224.27889,-1.0,4.87269,79,6250897
chr7,131069347,131069461,.,1000,.,224.2783,-1.0,4.87269,57,131069404
chr5,32076835,32076921,.,1000,.,224.25739,-1.0,4.87269,72,32076907
chr12,120649319,120649448,.,1000,.,224.25578,-1.0,4.87269,59,120649378
chr1,8671463,8671542,.,1000,.,224.25359,-1.0,4.87269,37,8671500
chr14,61456770,61456892,.,1000,.,224.24862,-1.0,4.87269,57,61456827
chr17,14926677,14926797,.,1000,.,224.24766,-1.0,4.87269,50,14926727
chr17,63951084,63951206,.,1000,.,224.21678,-1.0,4.87269,50,63951134
chr11,64844383,64844510,.,1000,.,224.20551,-1.0,4.87269,61,64844444
chr1,117055471,117055603,.,1000,.,224.1866,-1.0,4.87269,61,117055532
chr15,38390070,38390202,.,1000,.,224.184,-1.0,4.87269,53,38390123
chr3,184363427,184363483,.,1000,.,224.18323,-1.0,4.87269,2,184363429
chr2,30072383,30072494,.,1000,.,224.17896,-1.0,4.87269,60,30072443
chr2,108607872,108607966,.,1000,.,224.1755,-1.0,4.87269,40,108607912
chr15,65384955,65385057,.,1000,.,224.12017,-1.0,4.87269,45,65385000
chr2,172806529,172806652,.,1000,.,224.10125,-1.0,4.87269,60,172806589
chr15,91055987,91056129,.,1000,.,224.09994,-1.0,4.87269,46,91056033
chr13,36282979,36283089,.,1000,.,224.09397,-1.0,4.87269,57,36283036
chr3,185308256,185308361,.,1000,.,224.08827,-1.0,4.87269,52,185308308
chr15,84142918,84143024,.,1000,.,224.08085,-1.0,4.87269,62,84142980
chr8,125118488,125118583,.,1000,.,224.07677,-1.0,4.87269,54,125118542
chr8,71820064,71820179,.,1000,.,224.0752,-1.0,4.87269,60,71820124
chrX,120498172,120498283,.,1000,.,224.0695,-1.0,4.87269,49,120498221
chr16,1301027,1301123,.,1000,.,224.03173,-1.0,4.87269,41,1301068
chr19,44989366,44989427,.,1000,.,224.00482,-1.0,4.87269,4,44989370
chr6,100479576,100479696,.,1000,.,224.00409,-1.0,4.87269,65,100479641
chr6,109527107,109527252,.,1000,.,223.9911,-1.0,4.87269,77,109527184
chr6,33014902,33015006,.,1000,.,223.99073,-1.0,4.87269,42,33014944
chr2,203815447,203815543,.,1000,.,223.98522,-1.0,4.87269,34,203815481
chr14,53306326,53306433,.,1000,.,223.96267,-1.0,4.87269,60,53306386
chr9,136170379,136170527,.,1000,.,223.95876,-1.0,4.87269,74,136170453
chr6,155174869,155174957,.,1000,.,223.95222,-1.0,4.87269,40,155174909
chr8,129726429,129726531,.,1000,.,223.92787,-1.0,4.87269,60,129726489
chr10,26882138,26882267,.,1000,.,223.91329,-1.0,4.87269,62,26882200
chr20,54103526,54103683,.,1000,.,223.8849,-1.0,4.87269,81,54103607
chr16,30651400,30651537,.,1000,.,223.86546,-1.0,4.87269,50,30651450
chr7,135512260,135512362,.,1000,.,223.86163,-1.0,4.87269,49,135512309
chr19,7149244,7149352,.,1000,.,223.8594,-1.0,4.87269,52,7149296
chr20,13546654,13546757,.,1000,.,223.852,-1.0,4.87269,83,13546737
chr1,111030634,111030734,.,1000,.,223.84158,-1.0,4.87269,54,111030688
chr12,3300003,3300133,.,1000,.,223.8405,-1.0,4.87269,63,3300066
chr8,108703926,108704042,.,1000,.,223.83531,-1.0,4.87269,54,108703980
chr22,44975711,44975863,.,1000,.,223.82863,-1.0,4.87269,90,44975801
chr4,78612522,78612639,.,1000,.,223.82305,-1.0,4.87269,79,78612601
chr6,5004041,5004183,.,1000,.,223.82228,-1.0,4.87269,85,5004126
chrX,13488312,13488419,.,1000,.,223.82203,-1.0,4.87269,43,13488355
chr10,71609290,71609438,.,1000,.,223.79395,-1.0,4.87269,70,71609360
chr8,90571167,90571261,.,1000,.,223.79144,-1.0,4.87269,49,90571216
chr21,14120210,14120326,.,1000,.,223.7873,-1.0,4.87269,79,14120289
chr22,37198631,37198686,.,1000,.,223.76601,-1.0,4.87269,7,37198638
chr18,31819759,31819872,.,1000,.,223.75731,-1.0,4.87269,55,31819814
chr12,46984118,46984225,.,1000,.,223.74936,-1.0,4.87269,52,46984170
chr17,68771955,68772084,.,1000,.,223.73725,-1.0,4.87269,71,68772026
chr10,48289764,48289901,.,1000,.,223.73303,-1.0,4.87269,63,48289827
chr18,21897853,21897990,.,1000,.,223.71826,-1.0,4.87269,72,21897925
chr20,16802054,16802183,.,1000,.,223.71257,-1.0,4.87269,62,16802116
chr11,44094438,44094505,.,1000,.,223.71154,-1.0,4.87269,16,44094454
chr20,54649565,54649686,.,1000,.,223.70728,-1.0,4.87269,69,54649634
chr4,140861495,140861612,.,1000,.,223.69591,-1.0,4.87269,48,140861543
chr4,123772957,123773065,.,1000,.,223.68023,-1.0,4.87269,55,123773012
chr12,111298953,111299061,.,1000,.,223.67607,-1.0,4.87269,67,111299020
chr12,8890695,8890799,.,1000,.,223.67509,-1.0,4.87269,50,8890745
chr5,171912271,171912361,.,1000,.,223.66814,-1.0,4.87269,52,171912323
chr10,24360629,24360779,.,1000,.,223.66323,-1.0,4.87269,81,24360710
chr10,32367951,32368063,.,1000,.,223.66224,-1.0,4.87269,54,32368005
chr14,50619691,50619792,.,1000,.,223.66036,-1.0,4.87269,58,50619749
chr3,120419035,120419138,.,1000,.,223.65923,-1.0,4.87269,52,120419087
chr16,84754501,84754583,.,1000,.,223.65255,-1.0,4.87269,61,84754562
chr12,111024308,111024453,.,1000,.,223.65229,-1.0,4.87269,57,111024365
chr14,23954137,23954242,.,1000,.,223.64065,-1.0,4.87269,68,23954205
chr18,10560562,10560692,.,1000,.,223.63537,-1.0,4.87269,71,10560633
chr8,102651901,102652028,.,1000,.,223.62676,-1.0,4.87269,88,102651989
chr3,161559528,161559652,.,1000,.,223.6165,-1.0,4.87269,77,161559605
chr2,208040904,208041013,.,1000,.,223.61329,-1.0,4.87269,70,208040974
chr6,27795968,27796108,.,1000,.,223.6132,-1.0,4.87269,76,27796044
chr5,154180232,154180338,.,1000,.,223.61037,-1.0,4.87269,69,154180301
chr5,170638834,170638934,.,1000,.,223.60534,-1.0,4.87269,48,170638882
chr5,36079289,36079413,.,1000,.,223.59223,-1.0,4.87269,65,36079354
chr3,42839761,42839892,.,1000,.,223.5917,-1.0,4.87269,78,42839839
chr1,201361763,201361881,.,1000,.,223.58123,-1.0,4.87269,64,201361827
chr2,98837179,98837329,.,1000,.,223.57604,-1.0,4.87269,87,98837266
chr8,28072886,28073011,.,1000,.,223.56808,-1.0,4.87269,49,28072935
chr7,29106499,29106631,.,1000,.,223.55506,-1.0,4.87269,72,29106571
chr8,48318802,48318950,.,1000,.,223.54594,-1.0,4.87269,85,48318887
chr15,80173434,80173518,.,1000,.,223.54369,-1.0,4.87269,75,80173509
chr12,1118128,1118225,.,1000,.,223.54276,-1.0,4.87269,47,1118175
chr3,118882503,118882600,.,1000,.,223.52328,-1.0,4.87269,52,118882555
chr17,79042485,79042617,.,1000,.,223.51957,-1.0,4.87269,69,79042554
chr17,68466244,68466373,.,1000,.,223.51476,-1.0,4.87269,54,68466298
chr13,106918135,106918260,.,1000,.,223.50747,-1.0,4.87269,84,106918219
chr15,100873197,100873303,.,1000,.,223.5067,-1.0,4.87269,58,100873255
chr19,30650119,30650270,.,1000,.,223.50338,-1.0,4.87269,77,30650196
chr4,133146771,133146924,.,1000,.,223.5028,-1.0,4.87269,74,133146845
chr6,24583552,24583662,.,1000,.,223.48833,-1.0,4.87269,55,24583607
chr11,3341453,3341569,.,1000,.,223.48173,-1.0,4.87269,42,3341495
chr5,64612508,64612605,.,1000,.,223.47847,-1.0,4.87269,54,64612562
chr17,49368556,49368646,.,1000,.,223.46712,-1.0,4.87269,34,49368590
chr3,137121900,137121954,.,1000,.,223.45869,-1.0,4.87269,1,137121901
chr17,61416981,61417081,.,1000,.,223.45589,-1.0,4.87269,53,61417034
chr3,138479448,138479566,.,1000,.,223.44691,-1.0,4.87269,83,138479531
chr8,29087560,29087718,.,1000,.,223.44485,-1.0,4.87269,78,29087638
chr1,32316634,32316725,.,1000,.,223.42244,-1.0,4.87269,21,32316655
chr18,31424542,31424641,.,1000,.,223.40676,-1.0,4.87269,35,31424577
chr12,3885658,3885736,.,1000,.,223.40164,-1.0,4.87269,22,3885680
chr3,17413096,17413161,.,1000,.,223.39344,-1.0,4.87269,33,17413129
chr19,39672117,39672237,.,1000,.,223.37945,-1.0,4.87269,56,39672173
chr15,44738544,44738621,.,1000,.,223.35028,-1.0,4.87269,21,44738565
chr19,42596596,42596751,.,1000,.,223.34943,-1.0,4.87269,81,42596677
chr17,43995048,43995159,.,1000,.,223.34688,-1.0,4.87269,25,43995073
chr8,80992060,80992171,.,1000,.,223.34006,-1.0,4.87269,57,80992117
chr6,73388821,73388957,.,1000,.,223.31334,-1.0,4.87269,66,73388887
chr4,140884565,140884687,.,1000,.,223.30199,-1.0,4.87269,78,140884643
chr10,77756589,77756708,.,1000,.,223.29678,-1.0,4.87269,68,77756657
chr7,145036750,145036858,.,1000,.,223.28756,-1.0,4.87269,59,145036809
chr13,20924924,20925040,.,1000,.,223.25505,-1.0,4.87269,74,20924998
chr7,47180329,47180464,.,1000,.,223.24368,-1.0,4.87269,69,47180398
chr11,48110111,48110169,.,1000,.,223.23856,-1.0,4.87269,4,48110115
chr14,24332266,24332384,.,1000,.,223.23747,-1.0,4.87269,76,24332342
chr19,6736681,6736789,.,1000,.,223.21686,-1.0,4.87269,32,6736713
chr8,130749807,130749907,.,1000,.,223.19917,-1.0,4.87269,26,130749833
chr3,122356572,122356676,.,1000,.,223.1891,-1.0,4.87269,55,122356627
chr9,108565895,108565986,.,1000,.,223.18545,-1.0,4.87269,58,108565953
chrX,13646180,13646319,.,1000,.,223.17377,-1.0,4.87269,60,13646240
chrX,68197064,68197182,.,1000,.,223.17207,-1.0,4.87269,74,68197138
chr15,71448734,71448825,.,1000,.,223.16857,-1.0,4.87269,44,71448778
chr22,38768940,38769043,.,1000,.,223.15188,-1.0,4.87269,53,38768993
chr19,55631759,55631870,.,1000,.,223.13497,-1.0,4.87269,61,55631820
chr2,84495670,84495775,.,1000,.,223.12223,-1.0,4.87269,57,84495727
chrX,151680998,151681107,.,1000,.,223.12147,-1.0,4.87269,51,151681049
chr9,114155359,114155494,.,1000,.,223.11057,-1.0,4.87269,69,114155428
chr18,63073619,63073753,.,1000,.,223.09232,-1.0,4.87269,66,63073685
chrX,107672993,107673101,.,1000,.,223.08278,-1.0,4.87269,66,107673059
chr1,38040610,38040744,.,1000,.,223.0826,-1.0,4.87269,75,38040685
chr9,33375018,33375144,.,1000,.,223.0794,-1.0,4.87269,62,33375080
chr10,63866536,63866679,.,1000,.,223.06974,-1.0,4.87269,73,63866609
chr2,206800673,206800779,.,1000,.,223.06743,-1.0,4.87269,25,206800698
chr4,140253300,140253422,.,1000,.,223.05449,-1.0,4.87269,50,140253350
chr17,76385897,76385983,.,1000,.,223.04929,-1.0,4.87269,46,76385943
chr11,123407506,123407607,.,1000,.,223.046,-1.0,4.87269,44,123407550
chr5,61055546,61055668,.,1000,.,223.03607,-1.0,4.87269,69,61055615
chr14,35883812,35883925,.,1000,.,223.03301,-1.0,4.87269,38,35883850
chr5,117454845,117454947,.,1000,.,223.0192,-1.0,4.87269,31,117454876
chr12,95534505,95534621,.,1000,.,223.01669,-1.0,4.87269,70,95534575
chr18,26649853,26649968,.,1000,.,222.99608,-1.0,4.87269,45,26649898
chr9,20356446,20356548,.,1000,.,222.99129,-1.0,4.87269,44,20356490
chr18,13813373,13813505,.,1000,.,222.99037,-1.0,4.87269,83,13813456
chr21,31086584,31086698,.,1000,.,222.9887,-1.0,4.87269,57,31086641
chr10,103416994,103417091,.,1000,.,222.98216,-1.0,4.87269,43,103417037
chr3,150227870,150227994,.,1000,.,222.9776,-1.0,4.87269,73,150227943
chr10,97553650,97553744,.,1000,.,222.96442,-1.0,4.87269,29,97553679
chr8,38721516,38721624,.,1000,.,222.9562,-1.0,4.87269,52,38721568
chr10,101095718,101095833,.,1000,.,222.9496,-1.0,4.87269,63,101095781
chr2,42946971,42947077,.,1000,.,222.9464,-1.0,4.87269,53,42947024
chr13,39612169,39612285,.,1000,.,222.92335,-1.0,4.87269,62,39612231
chr12,53287843,53287964,.,1000,.,222.90105,-1.0,4.87269,60,53287903
chr12,34123220,34123345,.,1000,.,222.88416,-1.0,4.87269,45,34123265
chr2,50402497,50402617,.,1000,.,222.87499,-1.0,4.87269,55,50402552
chr20,41135345,41135437,.,1000,.,222.85469,-1.0,4.87269,48,41135393
chr12,96985585,96985687,.,1000,.,222.84438,-1.0,4.87269,63,96985648
chr8,127178628,127178741,.,1000,.,222.82107,-1.0,4.87269,67,127178695
chr3,149352590,149352722,.,1000,.,222.80807,-1.0,4.87269,55,149352645
chr13,20828658,20828781,.,1000,.,222.80166,-1.0,4.87269,67,20828725
chr17,57131083,57131190,.,1000,.,222.78251,-1.0,4.87269,48,57131131
chr2,33373097,33373193,.,1000,.,222.77371,-1.0,4.87269,56,33373153
chr9,77433800,77433923,.,1000,.,222.75983,-1.0,4.87269,57,77433857
chr12,3753156,3753250,.,1000,.,222.74134,-1.0,4.87269,17,3753173
chr8,10977301,10977412,.,1000,.,222.72976,-1.0,4.87269,47,10977348
chr1,226121632,226121709,.,1000,.,222.72164,-1.0,4.87269,24,226121656
chr11,5600389,5600484,.,1000,.,222.7096,-1.0,4.87269,63,5600452
chr9,121550580,121550708,.,1000,.,222.70024,-1.0,4.87269,67,121550647
chr20,37192374,37192473,.,1000,.,222.69625,-1.0,4.87269,70,37192444
chr1,27644041,27644137,.,1000,.,222.69435,-1.0,4.87269,26,27644067
chr3,127455688,127455813,.,1000,.,222.68451,-1.0,4.87269,52,127455740
chr1,27608713,27608821,.,1000,.,222.6813,-1.0,4.87269,85,27608798
chr5,134132393,134132501,.,1000,.,222.68015,-1.0,4.87269,67,134132460
chr5,53096059,53096177,.,1000,.,222.67554,-1.0,4.87269,67,53096126
chr19,16899805,16899937,.,1000,.,222.67373,-1.0,4.87269,54,16899859
chr2,158901386,158901526,.,1000,.,222.6649,-1.0,4.87269,72,158901458
chr3,152524741,152524819,.,1000,.,222.66127,-1.0,4.87269,6,152524747
chr8,135466001,135466111,.,1000,.,222.65747,-1.0,4.87269,43,135466044
chr4,39469548,39469634,.,1000,.,222.64341,-1.0,4.87269,60,39469608
chr17,75601362,75601418,.,1000,.,222.64,-1.0,4.87269,7,75601369
chr3,36729575,36729690,.,1000,.,222.63424,-1.0,4.87269,70,36729645
chr1,32876710,32876926,.,1000,.,222.56719,-1.0,4.87269,108,32876818
chr1,179867860,179867967,.,1000,.,222.56611,-1.0,4.87269,62,179867922
chr1,117758960,117759079,.,1000,.,222.56226,-1.0,4.87269,68,117759028
chr5,112492451,112492555,.,1000,.,222.56161,-1.0,4.87269,51,112492502
chr20,21615680,21615807,.,1000,.,222.55927,-1.0,4.87269,54,21615734
chr3,27681321,27681461,.,1000,.,222.55384,-1.0,4.87269,58,27681379
chr20,36836803,36836895,.,1000,.,222.53835,-1.0,4.87269,62,36836865
chr19,13104651,13104735,.,1000,.,222.531,-1.0,4.87269,47,13104698
chr5,39080750,39080859,.,1000,.,222.51339,-1.0,4.87269,47,39080797
chr20,40690133,40690247,.,1000,.,222.51128,-1.0,4.87269,56,40690189
chr3,153769024,153769122,.,1000,.,222.50331,-1.0,4.87269,48,153769072
chr3,108489853,108489965,.,1000,.,222.47076,-1.0,4.87269,39,108489892
chr2,63888919,63889048,.,1000,.,222.45675,-1.0,4.87269,73,63888992
chr6,26003216,26003368,.,1000,.,222.45575,-1.0,4.87269,76,26003292
chr19,58155197,58155267,.,1000,.,222.45335,-1.0,4.87269,48,58155245
chr4,163550438,163550543,.,1000,.,222.4401,-1.0,4.87269,35,163550473
chr6,24581194,24581304,.,1000,.,222.42962,-1.0,4.87269,74,24581268
chr2,222561971,222562078,.,1000,.,222.42103,-1.0,4.87269,48,222562019
chr12,118378018,118378098,.,1000,.,222.41784,-1.0,4.87269,63,118378081
chr9,98775986,98776106,.,1000,.,222.41488,-1.0,4.87269,46,98776032
chr9,130682668,130682784,.,1000,.,222.40984,-1.0,4.87269,33,130682701
chr3,149808344,149808457,.,1000,.,222.40403,-1.0,4.87269,66,149808410
chr10,58531232,58531347,.,1000,.,222.36627,-1.0,4.87269,52,58531284
chr5,5419488,5419601,.,1000,.,222.34528,-1.0,4.87269,56,5419544
chr1,16082464,16082584,.,1000,.,222.32717,-1.0,4.87269,48,16082512
chr17,40086571,40086678,.,1000,.,222.32639,-1.0,4.87269,59,40086630
chr22,50498339,50498439,.,1000,.,222.31331,-1.0,4.87269,49,50498388
chr3,165185858,165185956,.,1000,.,222.30451,-1.0,4.87269,42,165185900
chr11,112280063,112280144,.,1000,.,222.27063,-1.0,4.87269,33,112280096
chr17,42937848,42937995,.,1000,.,222.25293,-1.0,4.87269,74,42937922
chrX,15973429,15973563,.,1000,.,222.25228,-1.0,4.87269,77,15973506
chr9,6055322,6055456,.,1000,.,222.24364,-1.0,4.87269,81,6055403
chr3,153043161,153043293,.,1000,.,222.2177,-1.0,4.87269,62,153043223
chr22,32266292,32266420,.,1000,.,222.20843,-1.0,4.87269,63,32266355
chrX,124406816,124406920,.,1000,.,222.20397,-1.0,4.87269,33,124406849
chr12,9748790,9748894,.,1000,.,222.20344,-1.0,4.87269,59,9748849
chr7,81470152,81470268,.,1000,.,222.20129,-1.0,4.87269,54,81470206
chr2,234135766,234135911,.,1000,.,222.20018,-1.0,4.87269,76,234135842
chr8,37390583,37390701,.,1000,.,222.19181,-1.0,4.87269,69,37390652
chr9,18442747,18442865,.,1000,.,222.19167,-1.0,4.87269,63,18442810
chr11,66430138,66430233,.,1000,.,222.19157,-1.0,4.87269,51,66430189
chr8,17864664,17864786,.,1000,.,222.18873,-1.0,4.87269,73,17864737
chr12,95998791,95998845,.,1000,.,222.18059,-1.0,4.87269,50,95998841
chrX,27186831,27186932,.,1000,.,222.17789,-1.0,4.87269,52,27186883
chr1,153495034,153495154,.,1000,.,222.17314,-1.0,4.87269,59,153495093
chr1,174217857,174217925,.,1000,.,222.16047,-1.0,4.87269,44,174217901
chrX,106894474,106894600,.,1000,.,222.15078,-1.0,4.87269,55,106894529
chr9,114305934,114306080,.,1000,.,222.14002,-1.0,4.87269,73,114306007
chr1,29236355,29236473,.,1000,.,222.13308,-1.0,4.87269,79,29236434
chr6,157756776,157756899,.,1000,.,222.11905,-1.0,4.87269,52,157756828
chr1,208245367,208245485,.,1000,.,222.10668,-1.0,4.87269,54,208245421
chr14,69818829,69818902,.,1000,.,222.10609,-1.0,4.87269,54,69818883
chr17,57747686,57747803,.,1000,.,222.09507,-1.0,4.87269,24,57747710
chr7,116180359,116180417,.,1000,.,222.09471,-1.0,4.87269,39,116180398
chr14,32073731,32073833,.,1000,.,222.08477,-1.0,4.87269,49,32073780
chr6,84428453,84428573,.,1000,.,222.08034,-1.0,4.87269,51,84428504
chrX,76279097,76279225,.,1000,.,222.07698,-1.0,4.87269,78,76279175
chr6,53718974,53719105,.,1000,.,222.06972,-1.0,4.87269,84,53719058
chr3,171834330,171834433,.,1000,.,222.05864,-1.0,4.87269,51,171834381
chr6,2196216,2196323,.,1000,.,222.04527,-1.0,4.87269,56,2196272
chr7,139434664,139434772,.,1000,.,222.0351,-1.0,4.87269,83,139434747
chr14,52299816,52299926,.,1000,.,222.02267,-1.0,4.87269,63,52299879
chr2,73290338,73290444,.,1000,.,222.01267,-1.0,4.87269,57,73290395
chr1,1372175,1372303,.,1000,.,221.98918,-1.0,4.87269,74,1372249
chr18,31556021,31556113,.,1000,.,221.98726,-1.0,4.87269,52,31556073
chr17,82300896,82301017,.,1000,.,221.98362,-1.0,4.87269,84,82300980
chr14,21456381,21456450,.,1000,.,221.9795,-1.0,4.87269,16,21456397
chr14,62163108,62163245,.,1000,.,221.96498,-1.0,4.87269,63,62163171
chr2,38274777,38274871,.,1000,.,221.95683,-1.0,4.87269,37,38274814
chr4,118981920,118982008,.,1000,.,221.95413,-1.0,4.87269,48,118981968
chr1,204207226,204207332,.,1000,.,221.95333,-1.0,4.87269,34,204207260
chr11,33329893,33329972,.,1000,.,221.95194,-1.0,4.87269,31,33329924
chr7,77759436,77759548,.,1000,.,221.94989,-1.0,4.87269,50,77759486
chr17,50362089,50362197,.,1000,.,221.94947,-1.0,4.87269,75,50362164
chr1,179292467,179292589,.,1000,.,221.93945,-1.0,4.87269,67,179292534
chr15,74307930,74308064,.,1000,.,221.93891,-1.0,4.87269,65,74307995
chr19,17784504,17784633,.,1000,.,221.92904,-1.0,4.87269,53,17784557
chr1,151968095,151968204,.,1000,.,221.92485,-1.0,4.87269,59,151968154
chr8,14860278,14860405,.,1000,.,221.91556,-1.0,4.87269,68,14860346
chr2,169109873,169109996,.,1000,.,221.91415,-1.0,4.87269,75,169109948
chr2,229801291,229801411,.,1000,.,221.90822,-1.0,4.87269,45,229801336
chr2,68225327,68225457,.,1000,.,221.90489,-1.0,4.87269,73,68225400
chr22,50620512,50620670,.,1000,.,221.89856,-1.0,4.87269,72,50620584
chr1,58739987,58740096,.,1000,.,221.88716,-1.0,4.87269,58,58740045
chr3,171772579,171772705,.,1000,.,221.88639,-1.0,4.87269,73,171772652
chr7,76263066,76263185,.,1000,.,221.88438,-1.0,4.87269,60,76263126
chr5,54489512,54489647,.,1000,.,221.88282,-1.0,4.87269,59,54489571
chr10,130109853,130109968,.,1000,.,221.87851,-1.0,4.87269,39,130109892
chr11,126716573,126716689,.,1000,.,221.87701,-1.0,4.87269,65,126716638
chr8,126824545,126824654,.,1000,.,221.86489,-1.0,4.87269,28,126824573
chr22,33203344,33203499,.,1000,.,221.84706,-1.0,4.87269,67,33203411
chr2,118865277,118865370,.,1000,.,221.83492,-1.0,4.87269,35,118865312
chr5,96344838,96345054,.,1000,.,221.83355,-1.0,4.87269,108,96344946
chr2,101831412,101831527,.,1000,.,221.81996,-1.0,4.87269,44,101831456
chr8,11480253,11480311,.,1000,.,221.81583,-1.0,4.87269,53,11480306
chr15,73273486,73273617,.,1000,.,221.81546,-1.0,4.87269,63,73273549
chr12,71392677,71392782,.,1000,.,221.79628,-1.0,4.87269,56,71392733
chr16,23801529,23801649,.,1000,.,221.79412,-1.0,4.87269,67,23801596
chr15,96345618,96345772,.,1000,.,221.78753,-1.0,4.87269,86,96345704
chr6,134156899,134157002,.,1000,.,221.78521,-1.0,4.87269,50,134156949
chr11,13668254,13668396,.,1000,.,221.77568,-1.0,4.87269,70,13668324
chr12,120686957,120687013,.,1000,.,221.77449,-1.0,4.87269,3,120686960
chr1,220874330,220874461,.,1000,.,221.77433,-1.0,4.87269,60,220874390
chr14,67837151,67837256,.,1000,.,221.7729,-1.0,4.87269,58,67837209
chr14,49497899,49497997,.,1000,.,221.76095,-1.0,4.87269,54,49497953
chr7,98294952,98295034,.,1000,.,221.74746,-1.0,4.87269,56,98295008
chr1,41282815,41282943,.,1000,.,221.74738,-1.0,4.87269,69,41282884
chr12,103878029,103878185,.,1000,.,221.74507,-1.0,4.87269,86,103878115
chr11,36492847,36492976,.,1000,.,221.7439,-1.0,4.87269,58,36492905
chr4,146242057,146242178,.,1000,.,221.72691,-1.0,4.87269,58,146242115
chr8,11959022,11959132,.,1000,.,221.71947,-1.0,4.87269,32,11959054
chr6,41846855,41847071,.,1000,.,221.71349,-1.0,4.87269,108,41846963
chr11,9535238,9535336,.,1000,.,221.70245,-1.0,4.87269,38,9535276
chr2,29309236,29309357,.,1000,.,221.6918,-1.0,4.87269,61,29309297
chr2,45993522,45993645,.,1000,.,221.68583,-1.0,4.87269,61,45993583
chr13,102580697,102580784,.,1000,.,221.68316,-1.0,4.87269,55,102580752
chr14,54348137,54348239,.,1000,.,221.6778,-1.0,4.87269,49,54348186
chr18,10787424,10787521,.,1000,.,221.65815,-1.0,4.87269,93,10787517
chr17,75404304,75404408,.,1000,.,221.64524,-1.0,4.87269,42,75404346
chr13,42970896,42971023,.,1000,.,221.63611,-1.0,4.87269,54,42970950
chr11,128956571,128956681,.,1000,.,221.62955,-1.0,4.87269,68,128956639
chr10,96017352,96017460,.,1000,.,221.61838,-1.0,4.87269,55,96017407
chr17,57010136,57010250,.,1000,.,221.61574,-1.0,4.87269,49,57010185
chr2,156589736,156589868,.,1000,.,221.61394,-1.0,4.87269,55,156589791
chr6,24992029,24992125,.,1000,.,221.60658,-1.0,4.87269,38,24992067
chr9,105881896,105881975,.,1000,.,221.59771,-1.0,4.87269,15,105881911
chr2,113700293,113700409,.,1000,.,221.59493,-1.0,4.87269,56,113700349
chr10,80664213,80664317,.,1000,.,221.58387,-1.0,4.87269,51,80664264
chr2,211455367,211455502,.,1000,.,221.58107,-1.0,4.87269,58,211455425
chr8,121642372,121642514,.,1000,.,221.57659,-1.0,4.87269,74,121642446
chr16,89910429,89910534,.,1000,.,221.57519,-1.0,4.87269,51,89910480
chr12,43957886,43958001,.,1000,.,221.5735,-1.0,4.87269,40,43957926
chr3,43855804,43855931,.,1000,.,221.56685,-1.0,4.87269,47,43855851
chr1,110029697,110029821,.,1000,.,221.55501,-1.0,4.87269,63,110029760
chr13,42969708,42969815,.,1000,.,221.5543,-1.0,4.87269,51,42969759
chr5,76641636,76641751,.,1000,.,221.55389,-1.0,4.87269,68,76641704
chr2,201177517,201177608,.,1000,.,221.55274,-1.0,4.87269,38,201177555
chr4,107183311,107183399,.,1000,.,221.55087,-1.0,4.87269,54,107183365
chr2,165293839,165293965,.,1000,.,221.55056,-1.0,4.87269,57,165293896
chr13,27533198,27533315,.,1000,.,221.54448,-1.0,4.87269,63,27533261
chr15,96327352,96327462,.,1000,.,221.53853,-1.0,4.87269,58,96327410
chr12,5084393,5084505,.,1000,.,221.52941,-1.0,4.87269,40,5084433
chr19,10113137,10113252,.,1000,.,221.49053,-1.0,4.87269,52,10113189
chr11,45771316,45771447,.,1000,.,221.48259,-1.0,4.87269,80,45771396
chr1,101520407,101520470,.,1000,.,221.47886,-1.0,4.87269,23,101520430
chr2,162301333,162301436,.,1000,.,221.46009,-1.0,4.87269,47,162301380
chr1,247487232,247487343,.,1000,.,221.41548,-1.0,4.87269,67,247487299
chr4,183472361,183472473,.,1000,.,221.41181,-1.0,4.87269,49,183472410
chr17,38983262,38983367,.,1000,.,221.40575,-1.0,4.87269,52,38983314
chr14,106530555,106530782,.,1000,.,221.40329,-1.0,4.87269,110,106530665
chr10,61751074,61751178,.,1000,.,221.39743,-1.0,4.87269,56,61751130
chr12,102879248,102879402,.,1000,.,221.3882,-1.0,4.87269,77,102879325
chr16,29790413,29790547,.,1000,.,221.38727,-1.0,4.87269,86,29790499
chr1,206726422,206726533,.,1000,.,221.38346,-1.0,4.87269,38,206726460
chr18,68735891,68735972,.,1000,.,221.37387,-1.0,4.87269,48,68735939
chr21,45596832,45596942,.,1000,.,221.35052,-1.0,4.87269,60,45596892
chr6,16183210,16183349,.,1000,.,221.34609,-1.0,4.87269,76,16183286
chr7,38222559,38222775,.,1000,.,221.345,-1.0,4.87269,108,38222667
chr2,172465848,172465983,.,1000,.,221.33566,-1.0,4.87269,67,172465915
chr5,112551565,112551679,.,1000,.,221.32986,-1.0,4.87269,50,112551615
chr10,104305678,104305824,.,1000,.,221.32647,-1.0,4.87269,64,104305742
chr1,219812744,219812848,.,1000,.,221.31471,-1.0,4.87269,77,219812821
chr3,100068892,100069001,.,1000,.,221.3133,-1.0,4.87269,56,100068948
chr12,9039543,9039636,.,1000,.,221.30818,-1.0,4.87269,48,9039591
chr7,100450579,100450686,.,1000,.,221.30418,-1.0,4.87269,54,100450633
chr22,20129350,20129470,.,1000,.,221.2942,-1.0,4.87269,64,20129414
chr4,38860988,38861103,.,1000,.,221.28066,-1.0,4.87269,45,38861033
chr11,66068378,66068478,.,1000,.,221.25972,-1.0,4.87269,42,66068420
chr2,96117120,96117231,.,1000,.,221.25386,-1.0,4.87269,55,96117175
chr15,53197447,53197581,.,1000,.,221.24854,-1.0,4.87269,64,53197511
chr16,28327021,28327147,.,1000,.,221.24368,-1.0,4.87269,55,28327076
chr20,41734549,41734661,.,1000,.,221.24353,-1.0,4.87269,69,41734618
chr5,1167782,1167940,.,1000,.,221.22954,-1.0,4.87269,82,1167864
chr11,83836887,83837006,.,1000,.,221.22445,-1.0,4.87269,83,83836970
chr11,13344271,13344364,.,1000,.,221.2155,-1.0,4.87269,49,13344320
chr19,18161417,18161543,.,1000,.,221.209,-1.0,4.87269,41,18161458
chr13,73754845,73754933,.,1000,.,221.19391,-1.0,4.87269,59,73754904
chr9,75265587,75265718,.,1000,.,221.18592,-1.0,4.87269,73,75265660
chr2,169933255,169933384,.,1000,.,221.17534,-1.0,4.87269,62,169933317
chr12,77724500,77724616,.,1000,.,221.16123,-1.0,4.87269,54,77724554
chr17,8041504,8041625,.,1000,.,221.14562,-1.0,4.87269,50,8041554
chr11,131748299,131748417,.,1000,.,221.14244,-1.0,4.87269,58,131748357
chr18,22813800,22813896,.,1000,.,221.12821,-1.0,4.87269,20,22813820
chr12,40011284,40011397,.,1000,.,221.12382,-1.0,4.87269,30,40011314
chr1,93844378,93844464,.,1000,.,221.12086,-1.0,4.87269,64,93844442
chr1,165367520,165367615,.,1000,.,221.11027,-1.0,4.87269,49,165367569
chr11,57277947,57278067,.,1000,.,221.10922,-1.0,4.87269,64,57278011
chr15,85296684,85296789,.,1000,.,221.10822,-1.0,4.87269,69,85296753
chr7,108497266,108497370,.,1000,.,221.10516,-1.0,4.87269,47,108497313
chr5,10689955,10690072,.,1000,.,221.10172,-1.0,4.87269,64,10690019
chr22,28594844,28594964,.,1000,.,221.09173,-1.0,4.87269,64,28594908
chr15,90086924,90087048,.,1000,.,221.06306,-1.0,4.87269,62,90086986
chr2,25852098,25852178,.,1000,.,221.06149,-1.0,4.87269,7,25852105
chr1,248243239,248243371,.,1000,.,221.05791,-1.0,4.87269,60,248243299
chr7,89623176,89623297,.,1000,.,221.03264,-1.0,4.87269,58,89623234
chr2,152190022,152190170,.,1000,.,221.01006,-1.0,4.87269,68,152190090
chr2,137866079,137866208,.,1000,.,221.00128,-1.0,4.87269,63,137866142
chr18,24487797,24487865,.,1000,.,220.9985,-1.0,4.87269,42,24487839
chr1,228664512,228664624,.,1000,.,220.99277,-1.0,4.87269,66,228664578
chr2,196453766,196453822,.,1000,.,220.97999,-1.0,4.87269,15,196453781
chr19,54325221,54325354,.,1000,.,220.9696,-1.0,4.87269,76,54325297
chr2,80499227,80499350,.,1000,.,220.95801,-1.0,4.87269,70,80499297
chr11,15101228,15101338,.,1000,.,220.95449,-1.0,4.87269,56,15101284
chr4,110519001,110519151,.,1000,.,220.94961,-1.0,4.87269,78,110519079
chr17,76727149,76727243,.,1000,.,220.94476,-1.0,4.87269,55,76727204
chr6,29628727,29628872,.,1000,.,220.94192,-1.0,4.87269,76,29628803
chr2,227658372,227658465,.,1000,.,220.91881,-1.0,4.87269,64,227658436
chr6,27078997,27079092,.,1000,.,220.91198,-1.0,4.87269,73,27079070
chr17,39069483,39069600,.,1000,.,220.90751,-1.0,4.87269,63,39069546
chr18,54119615,54119713,.,1000,.,220.89674,-1.0,4.87269,40,54119655
chr3,58173916,58174048,.,1000,.,220.89673,-1.0,4.87269,83,58173999
chr6,46849032,46849168,.,1000,.,220.89474,-1.0,4.87269,82,46849114
chr17,4074968,4075088,.,1000,.,220.89456,-1.0,4.87269,64,4075032
chr21,15826289,15826389,.,1000,.,220.89375,-1.0,4.87269,44,15826333
chr8,134905600,134905721,.,1000,.,220.87631,-1.0,4.87269,85,134905685
chr2,101823402,101823521,.,1000,.,220.87194,-1.0,4.87269,47,101823449
chr8,11411616,11411745,.,1000,.,220.84399,-1.0,4.87269,58,11411674
chr3,42831365,42831465,.,1000,.,220.83719,-1.0,4.87269,68,42831433
chr9,91681848,91681977,.,1000,.,220.8274,-1.0,4.87269,64,91681912
chr11,116641661,116641791,.,1000,.,220.78957,-1.0,4.87269,58,116641719
chr9,129028585,129028673,.,1000,.,220.78332,-1.0,4.87269,41,129028626
chr12,1634712,1634840,.,1000,.,220.77523,-1.0,4.87269,66,1634778
chr10,95133091,95133173,.,1000,.,220.7737,-1.0,4.87269,31,95133122
chr16,78235334,78235452,.,1000,.,220.76195,-1.0,4.87269,59,78235393
chr7,2469026,2469163,.,1000,.,220.73213,-1.0,4.87269,68,2469094
chrX,154013713,154013866,.,1000,.,220.72917,-1.0,4.87269,76,154013789
chr13,106620082,106620193,.,1000,.,220.7239,-1.0,4.87269,55,106620137
chr1,16363480,16363600,.,1000,.,220.71429,-1.0,4.87269,59,16363539
chr9,19028990,19029114,.,1000,.,220.70153,-1.0,4.87269,60,19029050
chr8,38385105,38385194,.,1000,.,220.69111,-1.0,4.87269,46,38385151
chr2,222613864,222613987,.,1000,.,220.68237,-1.0,4.87269,68,222613932
chr6,149028966,149029063,.,1000,.,220.66638,-1.0,4.87269,52,149029018
chr9,21326699,21326791,.,1000,.,220.65807,-1.0,4.87269,40,21326739
chr11,723368,723488,.,1000,.,220.65056,-1.0,4.87269,66,723434
chr6,144482223,144482328,.,1000,.,220.64415,-1.0,4.87269,70,144482293
chr10,117443002,117443152,.,1000,.,220.63987,-1.0,4.87269,77,117443079
chr6,36851256,36851382,.,1000,.,220.63696,-1.0,4.87269,59,36851315
chr22,37545263,37545381,.,1000,.,220.62646,-1.0,4.87269,57,37545320
chr19,39412780,39412888,.,1000,.,220.61851,-1.0,4.87269,64,39412844
chr9,74571053,74571165,.,1000,.,220.60162,-1.0,4.87269,74,74571127
chr8,265846,265979,.,1000,.,220.59463,-1.0,4.87269,85,265931
chr7,127347760,127347928,.,1000,.,220.58489,-1.0,4.87269,71,127347831
chr10,123583765,123583879,.,1000,.,220.55824,-1.0,4.87269,67,123583832
chr8,144900275,144900396,.,1000,.,220.55068,-1.0,4.87269,85,144900360
chr3,149771791,149771915,.,1000,.,220.52762,-1.0,4.87269,68,149771859
chr9,77456958,77457077,.,1000,.,220.51685,-1.0,4.87269,72,77457030
chr12,55996255,55996368,.,1000,.,220.51447,-1.0,4.87269,56,55996311
chr5,39283454,39283561,.,1000,.,220.51269,-1.0,4.87269,56,39283510
chr5,134026685,134026789,.,1000,.,220.49818,-1.0,4.87269,75,134026760
chr1,63615973,63616081,.,1000,.,220.48607,-1.0,4.87269,39,63616012
chr17,64919466,64919585,.,1000,.,220.48326,-1.0,4.87269,79,64919545
chr20,62010932,62011052,.,1000,.,220.47017,-1.0,4.87269,90,62011022
chr7,102125322,102125434,.,1000,.,220.46131,-1.0,4.87269,66,102125388
chr19,13785060,13785181,.,1000,.,220.45274,-1.0,4.87269,59,13785119
chr12,76158896,76158956,.,1000,.,220.43239,-1.0,4.87269,29,76158925
chr2,201069424,201069507,.,1000,.,220.42713,-1.0,4.87269,58,201069482
chr7,31122718,31122843,.,1000,.,220.42155,-1.0,4.87269,65,31122783
chr18,23703215,23703315,.,1000,.,220.39771,-1.0,4.87269,41,23703256
chr10,89793802,89793913,.,1000,.,220.39719,-1.0,4.87269,39,89793841
chr11,65570126,65570231,.,1000,.,220.39237,-1.0,4.87269,80,65570206
chr9,97901114,97901255,.,1000,.,220.3844,-1.0,4.87269,76,97901190
chr10,110137206,110137290,.,1000,.,220.38051,-1.0,4.87269,27,110137233
chr22,32081032,32081176,.,1000,.,220.37806,-1.0,4.87269,78,32081110
chr19,45338757,45338863,.,1000,.,220.37102,-1.0,4.87269,75,45338832
chr16,66961128,66961254,.,1000,.,220.35075,-1.0,4.87269,65,66961193
chr4,4335381,4335498,.,1000,.,220.34045,-1.0,4.87269,53,4335434
chr6,35294447,35294569,.,1000,.,220.33347,-1.0,4.87269,76,35294523
chr2,224778580,224778634,.,1000,.,220.32146,-1.0,4.87269,31,224778611
chr5,150350598,150350814,.,1000,.,220.3048,-1.0,4.87269,108,150350706
chr2,143110952,143111065,.,1000,.,220.29494,-1.0,4.87269,100,143111052
chr18,12893933,12894038,.,1000,.,220.29009,-1.0,4.87269,46,12893979
chr8,123693903,123694005,.,1000,.,220.28808,-1.0,4.87269,34,123693937
chr3,172490247,172490351,.,1000,.,220.28135,-1.0,4.87269,73,172490320
chr10,11424619,11424744,.,1000,.,220.28049,-1.0,4.87269,75,11424694
chr1,152347273,152347387,.,1000,.,220.26129,-1.0,4.87269,53,152347326
chr1,226626606,226626700,.,1000,.,220.25544,-1.0,4.87269,34,226626640
chr17,58304383,58304512,.,1000,.,220.25104,-1.0,4.87269,82,58304465
chr1,231866787,231866918,.,1000,.,220.24582,-1.0,4.87269,69,231866856
chr2,177332449,177332565,.,1000,.,220.23124,-1.0,4.87269,73,177332522
chr10,31770426,31770561,.,1000,.,220.21853,-1.0,4.87269,67,31770493
chr11,120300105,120300217,.,1000,.,220.19976,-1.0,4.87269,58,120300163
chr18,58135921,58136012,.,1000,.,220.19425,-1.0,4.87269,54,58135975
chr2,69307496,69307599,.,1000,.,220.19288,-1.0,4.87269,63,69307559
chr9,83620888,83620972,.,1000,.,220.18942,-1.0,4.87269,58,83620946
chr5,69334882,69335014,.,1000,.,220.1876,-1.0,4.87269,67,69334949
chr3,181702217,181702328,.,1000,.,220.17852,-1.0,4.87269,56,181702273
chr8,126383793,126383908,.,1000,.,220.15769,-1.0,4.87269,83,126383876
chr13,40069322,40069433,.,1000,.,220.14895,-1.0,4.87269,53,40069375
chr1,53182136,53182256,.,1000,.,220.13386,-1.0,4.87269,59,53182195
chr8,139705945,139706052,.,1000,.,220.12775,-1.0,4.87269,19,139705964
chr10,13536891,13537009,.,1000,.,220.12373,-1.0,4.87269,55,13536946
chr7,128425908,128426020,.,1000,.,220.10252,-1.0,4.87269,58,128425966
chr4,55409560,55409683,.,1000,.,220.10159,-1.0,4.87269,59,55409619
chr5,55324951,55325024,.,1000,.,220.09377,-1.0,4.87269,55,55325006
chr19,45506507,45506589,.,1000,.,220.09195,-1.0,4.87269,31,45506538
chr16,24504878,24505020,.,1000,.,220.0901,-1.0,4.87269,59,24504937
chr9,100216338,100216429,.,1000,.,220.08855,-1.0,4.87269,29,100216367
chr10,23068291,23068426,.,1000,.,220.06367,-1.0,4.87269,72,23068363
chr14,106530945,106531114,.,1000,.,220.06082,-1.0,4.87269,100,106531045
chr4,95166044,95166175,.,1000,.,220.057,-1.0,4.87269,74,95166118
chr16,85086863,85086943,.,1000,.,220.04647,-1.0,4.87269,42,85086905
chr20,41738715,41738828,.,1000,.,220.03117,-1.0,4.87269,61,41738776
chr1,96845585,96845689,.,1000,.,220.02987,-1.0,4.87269,65,96845650
chr1,63441771,63441887,.,1000,.,220.02632,-1.0,4.87269,45,63441816
chr8,85451689,85451802,.,1000,.,220.02488,-1.0,4.87269,57,85451746
chr3,179929166,179929316,.,1000,.,220.00683,-1.0,4.87269,74,179929240
chr16,20383523,20383623,.,1000,.,220.00407,-1.0,4.87269,66,20383589
chr1,224050930,224051040,.,1000,.,219.99107,-1.0,4.87269,65,224050995
chr22,29635894,29636000,.,1000,.,219.98284,-1.0,4.87269,53,29635947
chr9,86434087,86434202,.,1000,.,219.97859,-1.0,4.87269,59,86434146
chr5,181182031,181182140,.,1000,.,219.96709,-1.0,4.87269,84,181182115
chr15,74787933,74788008,.,1000,.,219.96614,-1.0,4.87269,20,74787953
chr11,102294130,102294245,.,1000,.,219.95686,-1.0,4.87269,71,102294201
chr8,6140094,6140219,.,1000,.,219.92905,-1.0,4.87269,46,6140140
chr19,3987913,3988057,.,1000,.,219.92904,-1.0,4.87269,47,3987960
chr17,39232180,39232299,.,1000,.,219.92891,-1.0,4.87269,56,39232236
chr5,126780369,126780506,.,1000,.,219.92555,-1.0,4.87269,67,126780436
chr17,44345881,44345980,.,1000,.,219.89725,-1.0,4.87269,43,44345924
chr16,9160247,9160356,.,1000,.,219.89462,-1.0,4.87269,53,9160300
chr1,211577841,211577961,.,1000,.,219.89012,-1.0,4.87269,69,211577910
chr3,13896690,13896774,.,1000,.,219.88429,-1.0,4.87269,54,13896744
chr8,118415097,118415177,.,1000,.,219.86439,-1.0,4.87269,49,118415146
chr17,76839850,76839963,.,1000,.,219.85301,-1.0,4.87269,66,76839916
chr19,3108826,3108927,.,1000,.,219.82654,-1.0,4.87269,65,3108891
chr4,184538152,184538227,.,1000,.,219.8227,-1.0,4.87269,54,184538206
chrX,49156323,49156432,.,1000,.,219.81621,-1.0,4.87269,57,49156380
chr2,102449505,102449652,.,1000,.,219.81014,-1.0,4.87269,62,102449567
chr11,86291964,86292051,.,1000,.,219.80886,-1.0,4.87269,29,86291993
chr7,24587991,24588087,.,1000,.,219.79189,-1.0,4.87269,53,24588044
chr10,7408614,7408727,.,1000,.,219.78936,-1.0,4.87269,58,7408672
chr2,64865676,64865793,.,1000,.,219.7626,-1.0,4.87269,70,64865746
chr4,987236,987368,.,1000,.,219.76241,-1.0,4.87269,72,987308
chr20,21572266,21572351,.,1000,.,219.761,-1.0,4.87269,22,21572288
chr14,61025371,61025463,.,1000,.,219.75784,-1.0,4.87269,54,61025425
chr2,105114643,105114714,.,1000,.,219.74197,-1.0,4.87269,30,105114673
chr1,59976923,59977058,.,1000,.,219.73595,-1.0,4.87269,61,59976984
chr3,128795174,128795259,.,1000,.,219.72096,-1.0,4.87269,51,128795225
chr16,16127780,16127899,.,1000,.,219.7033,-1.0,4.87269,53,16127833
chr14,94689609,94689731,.,1000,.,219.69088,-1.0,4.87269,60,94689669
chr1,40774288,40774428,.,1000,.,219.66712,-1.0,4.87269,74,40774362
chr16,21657308,21657404,.,1000,.,219.66599,-1.0,4.87269,63,21657371
chr8,125700764,125700893,.,1000,.,219.66243,-1.0,4.87269,77,125700841
chr7,99913260,99913362,.,1000,.,219.65774,-1.0,4.87269,45,99913305
chr19,42440468,42440605,.,1000,.,219.65668,-1.0,4.87269,54,42440522
chr3,111669097,111669151,.,1000,.,219.65558,-1.0,4.87269,20,111669117
chr6,106223454,106223567,.,1000,.,219.63462,-1.0,4.87269,57,106223511
chr8,144902076,144902180,.,1000,.,219.6319,-1.0,4.87269,54,144902130
chr15,55846231,55846336,.,1000,.,219.62714,-1.0,4.87269,77,55846308
chr10,119206808,119206894,.,1000,.,219.62128,-1.0,4.87269,71,119206879
chr10,72274860,72274967,.,1000,.,219.61881,-1.0,4.87269,53,72274913
chr3,129161695,129161798,.,1000,.,219.61303,-1.0,4.87269,40,129161735
chr10,78657681,78657829,.,1000,.,219.59666,-1.0,4.87269,80,78657761
chr12,57214414,57214528,.,1000,.,219.5945,-1.0,4.87269,51,57214465
chr12,96578694,96578782,.,1000,.,219.58626,-1.0,4.87269,24,96578718
chr13,21110882,21110994,.,1000,.,219.58357,-1.0,4.87269,65,21110947
chrX,6021466,6021566,.,1000,.,219.57844,-1.0,4.87269,58,6021524
chr1,104780620,104780751,.,1000,.,219.56439,-1.0,4.87269,57,104780677
chr20,36919855,36919964,.,1000,.,219.56231,-1.0,4.87269,52,36919907
chr17,43006662,43006771,.,1000,.,219.55746,-1.0,4.87269,66,43006728
chr1,160954331,160954457,.,1000,.,219.54799,-1.0,4.87269,78,160954409
chr6,44431256,44431342,.,1000,.,219.51964,-1.0,4.87269,56,44431312
chr9,130243304,130243423,.,1000,.,219.50955,-1.0,4.87269,57,130243361
chrX,131677805,131677935,.,1000,.,219.50786,-1.0,4.87269,64,131677869
chr20,46174655,46174763,.,1000,.,219.50764,-1.0,4.87269,71,46174726
chr15,63466829,63466932,.,1000,.,219.48495,-1.0,4.87269,28,63466857
chr4,127400868,127400994,.,1000,.,219.48409,-1.0,4.87269,67,127400935
chr13,95624082,95624203,.,1000,.,219.48197,-1.0,4.87269,49,95624131
chr12,57243808,57243914,.,1000,.,219.48144,-1.0,4.87269,50,57243858
chr17,27893384,27893516,.,1000,.,219.45587,-1.0,4.87269,58,27893442
chr1,86833712,86833834,.,1000,.,219.45224,-1.0,4.87269,64,86833776
chr1,44318358,44318492,.,1000,.,219.45154,-1.0,4.87269,77,44318435
chr3,8988066,8988189,.,1000,.,219.44693,-1.0,4.87269,55,8988121
chr22,31272949,31273086,.,1000,.,219.44156,-1.0,4.87269,71,31273020
chr19,38729798,38729930,.,1000,.,219.42261,-1.0,4.87269,70,38729868
chr22,22156839,22156986,.,1000,.,219.41997,-1.0,4.87269,65,22156904
chr1,246492749,246492904,.,1000,.,219.41984,-1.0,4.87269,80,246492829
chr5,153974499,153974625,.,1000,.,219.40148,-1.0,4.87269,81,153974580
chr22,36286626,36286735,.,1000,.,219.38014,-1.0,4.87269,42,36286668
chr6,17156219,17156360,.,1000,.,219.35671,-1.0,4.87269,83,17156302
chr8,95305497,95305616,.,1000,.,219.35608,-1.0,4.87269,62,95305559
chr6,157667276,157667401,.,1000,.,219.35089,-1.0,4.87269,87,157667363
chr11,70191678,70191771,.,1000,.,219.34921,-1.0,4.87269,43,70191721
chr7,105760357,105760460,.,1000,.,219.34631,-1.0,4.87269,62,105760419
chr9,110183344,110183450,.,1000,.,219.33735,-1.0,4.87269,75,110183419
chr14,50860622,50860739,.,1000,.,219.32244,-1.0,4.87269,67,50860689
chr4,109998932,109999036,.,1000,.,219.31124,-1.0,4.87269,44,109998976
chr20,18276863,18276989,.,1000,.,219.29713,-1.0,4.87269,67,18276930
chr4,153143023,153143239,.,1000,.,219.29425,-1.0,4.87269,108,153143131
chr21,36542942,36543038,.,1000,.,219.28765,-1.0,4.87269,66,36543008
chr6,39029549,39029681,.,1000,.,219.27907,-1.0,4.87269,58,39029607
chr7,70829245,70829370,.,1000,.,219.27628,-1.0,4.87269,74,70829319
chr10,57657289,57657345,.,1000,.,219.27485,-1.0,4.87269,50,57657339
chr20,3118045,3118191,.,1000,.,219.25369,-1.0,4.87269,60,3118105
chr13,46289150,46289261,.,1000,.,219.24417,-1.0,4.87269,58,46289208
chr22,41526825,41526967,.,1000,.,219.23983,-1.0,4.87269,79,41526904
chr7,140653539,140653643,.,1000,.,219.23558,-1.0,4.87269,58,140653597
chr5,78008493,78008598,.,1000,.,219.22786,-1.0,4.87269,69,78008562
chr3,161852091,161852222,.,1000,.,219.22477,-1.0,4.87269,58,161852149
chr2,121077075,121077165,.,1000,.,219.22098,-1.0,4.87269,58,121077133
chr6,31079902,31080028,.,1000,.,219.22009,-1.0,4.87269,67,31079969
chr4,51831273,51831369,.,1000,.,219.21709,-1.0,4.87269,46,51831319
chr15,76973461,76973589,.,1000,.,219.19936,-1.0,4.87269,45,76973506
chr1,48202310,48202372,.,1000,.,219.18544,-1.0,4.87269,42,48202352
chr11,75032090,75032229,.,1000,.,219.17692,-1.0,4.87269,70,75032160
chr11,112588299,112588406,.,1000,.,219.17083,-1.0,4.87269,48,112588347
chrX,15143469,15143573,.,1000,.,219.16307,-1.0,4.87269,38,15143507
chr19,2579560,2579635,.,1000,.,219.16186,-1.0,4.87269,61,2579621
chrX,106481429,106481538,.,1000,.,219.15076,-1.0,4.87269,43,106481472
chr8,72287245,72287351,.,1000,.,219.1507,-1.0,4.87269,73,72287318
chr1,211470194,211470314,.,1000,.,219.13686,-1.0,4.87269,43,211470237
chr5,137743157,137743285,.,1000,.,219.13079,-1.0,4.87269,62,137743219
chr6,120378713,120378860,.,1000,.,219.10993,-1.0,4.87269,78,120378791
chr13,45311197,45311302,.,1000,.,219.10487,-1.0,4.87269,39,45311236
chr3,40317212,40317310,.,1000,.,219.09329,-1.0,4.87269,42,40317254
chr8,100144063,100144195,.,1000,.,219.08264,-1.0,4.87269,55,100144118
chr18,741982,742098,.,1000,.,219.07553,-1.0,4.87269,56,742038
chr4,5790397,5790503,.,1000,.,219.06538,-1.0,4.87269,48,5790445
chr1,43653498,43653626,.,1000,.,219.06483,-1.0,4.87269,65,43653563
chr13,62358268,62358377,.,1000,.,219.0641,-1.0,4.87269,66,62358334
chr19,13277291,13277404,.,1000,.,219.05826,-1.0,4.87269,43,13277334
chr6,26569285,26569344,.,1000,.,219.05519,-1.0,4.87269,32,26569317
chr21,45478186,45478317,.,1000,.,219.0493,-1.0,4.87269,79,45478265
chr11,113896424,113896539,.,1000,.,219.04511,-1.0,4.87269,54,113896478
chr19,46840613,46840751,.,1000,.,219.04357,-1.0,4.87269,74,46840687
chr1,47388905,47389012,.,1000,.,219.03903,-1.0,4.87269,41,47388946
chr8,98085667,98085790,.,1000,.,219.0196,-1.0,4.87269,67,98085734
chr10,108544642,108544757,.,1000,.,219.01603,-1.0,4.87269,56,108544698
chr17,2042007,2042096,.,1000,.,219.01241,-1.0,4.87269,54,2042061
chr8,144467791,144467919,.,1000,.,219.01215,-1.0,4.87269,62,144467853
chr14,99320159,99320271,.,1000,.,219.00403,-1.0,4.87269,70,99320229
chr3,48194548,48194668,.,1000,.,218.99874,-1.0,4.87269,58,48194606
chr10,23994601,23994715,.,1000,.,218.99782,-1.0,4.87269,56,23994657
chr15,89017687,89017851,.,1000,.,218.99633,-1.0,4.87269,83,89017770
chrX,46978739,46978848,.,1000,.,218.99232,-1.0,4.87269,56,46978795
chr12,39587368,39587475,.,1000,.,218.98123,-1.0,4.87269,63,39587431
chr15,45458064,45458171,.,1000,.,218.9733,-1.0,4.87269,49,45458113
chr4,184100424,184100508,.,1000,.,218.95967,-1.0,4.87269,59,184100483
chr15,52227559,52227658,.,1000,.,218.95872,-1.0,4.87269,25,52227584
chr6,142474877,142474981,.,1000,.,218.92757,-1.0,4.87269,54,142474931
chr19,40165669,40165778,.,1000,.,218.91023,-1.0,4.87269,77,40165746
chr10,114103455,114103547,.,1000,.,218.90843,-1.0,4.87269,65,114103520
chr5,168987704,168987832,.,1000,.,218.89726,-1.0,4.87269,48,168987752
chr21,42593365,42593502,.,1000,.,218.89329,-1.0,4.87269,63,42593428
chr11,1628934,1629043,.,1000,.,218.88809,-1.0,4.87269,58,1628992
chr19,39110491,39110620,.,1000,.,218.88184,-1.0,4.87269,53,39110544
chr2,40554851,40554976,.,1000,.,218.8808,-1.0,4.87269,52,40554903
chr22,23539718,23539829,.,1000,.,218.87459,-1.0,4.87269,52,23539770
chr1,112358900,112359025,.,1000,.,218.87068,-1.0,4.87269,65,112358965
chr3,5305539,5305595,.,1000,.,218.8695,-1.0,4.87269,28,5305567
chr1,119675671,119675815,.,1000,.,218.86347,-1.0,4.87269,86,119675757
chr3,4350934,4351048,.,1000,.,218.86321,-1.0,4.87269,60,4350994
chr10,106795752,106795880,.,1000,.,218.86166,-1.0,4.87269,51,106795803
chr17,15998600,15998722,.,1000,.,218.84644,-1.0,4.87269,63,15998663
chr5,132883359,132883514,.,1000,.,218.83733,-1.0,4.87269,69,132883428
chr9,73107658,73107766,.,1000,.,218.81105,-1.0,4.87269,44,73107702
chr1,210584469,210584624,.,1000,.,218.78778,-1.0,4.87269,82,210584551
chr16,31382680,31382809,.,1000,.,218.78127,-1.0,4.87269,71,31382751
chr10,48551966,48552096,.,1000,.,218.75847,-1.0,4.87269,65,48552031
chr3,111967803,111967929,.,1000,.,218.75384,-1.0,4.87269,43,111967846
chr4,78644804,78645020,.,1000,.,218.74824,-1.0,4.87269,108,78644912
chr3,183469449,183469579,.,1000,.,218.74197,-1.0,4.87269,73,183469522
chr2,36780357,36780474,.,1000,.,218.67273,-1.0,4.87269,64,36780421
chr9,35696675,35696751,.,1000,.,218.66545,-1.0,4.87269,63,35696738
chr6,73515760,73515874,.,1000,.,218.65615,-1.0,4.87269,46,73515806
chr5,142867153,142867262,.,1000,.,218.64564,-1.0,4.87269,46,142867199
chr11,133078692,133078821,.,1000,.,218.64148,-1.0,4.87269,63,133078755
chr22,22111005,22111151,.,1000,.,218.60514,-1.0,4.87269,63,22111068
chr1,224922683,224922813,.,1000,.,218.59866,-1.0,4.87269,61,224922744
chr9,14768647,14768766,.,1000,.,218.55534,-1.0,4.87269,63,14768710
chr4,24980236,24980351,.,1000,.,218.55173,-1.0,4.87269,46,24980282
chr6,13331904,13332027,.,1000,.,218.54883,-1.0,4.87269,56,13331960
chr1,235415447,235415560,.,1000,.,218.5446,-1.0,4.87269,67,235415514
chr7,143380296,143380409,.,1000,.,218.54275,-1.0,4.87269,56,143380352
chr6,2354066,2354137,.,1000,.,218.54116,-1.0,4.87269,12,2354078
chr4,149980957,149981094,.,1000,.,218.5404,-1.0,4.87269,75,149981032
chr12,14845395,14845536,.,1000,.,218.54003,-1.0,4.87269,66,14845461
chr7,38368270,38368380,.,1000,.,218.53539,-1.0,4.87269,62,38368332
chr10,59809486,59809615,.,1000,.,218.53071,-1.0,4.87269,76,59809562
chr4,47490708,47490814,.,1000,.,218.52978,-1.0,4.87269,49,47490757
chr6,99588681,99588798,.,1000,.,218.52384,-1.0,4.87269,50,99588731
chr1,94039613,94039759,.,1000,.,218.52192,-1.0,4.87269,72,94039685
chr14,20971015,20971154,.,1000,.,218.51155,-1.0,4.87269,66,20971081
chr11,60251614,60251723,.,1000,.,218.50628,-1.0,4.87269,54,60251668
chr1,36285601,36285697,.,1000,.,218.5036,-1.0,4.87269,43,36285644
chr6,149934227,149934443,.,1000,.,218.50128,-1.0,4.87269,108,149934335
chr14,31207748,31207900,.,1000,.,218.49466,-1.0,4.87269,88,31207836
chr11,124071472,124071573,.,1000,.,218.49137,-1.0,4.87269,59,124071531
chr8,58721773,58721851,.,1000,.,218.48883,-1.0,4.87269,57,58721830
chr6,150815244,150815357,.,1000,.,218.4778,-1.0,4.87269,77,150815321
chr6,75526667,75526761,.,1000,.,218.47482,-1.0,4.87269,47,75526714
chr12,54217148,54217280,.,1000,.,218.47369,-1.0,4.87269,60,54217208
chr6,32786029,32786150,.,1000,.,218.46563,-1.0,4.87269,53,32786082
chr13,72839980,72840105,.,1000,.,218.45264,-1.0,4.87269,49,72840029
chr15,64686265,64686380,.,1000,.,218.44627,-1.0,4.87269,60,64686325
chr2,43612592,43612701,.,1000,.,218.44223,-1.0,4.87269,53,43612645
chr1,84442341,84442451,.,1000,.,218.44122,-1.0,4.87269,57,84442398
chr7,6589861,6590002,.,1000,.,218.43655,-1.0,4.87269,82,6589943
chr4,21765925,21766055,.,1000,.,218.43357,-1.0,4.87269,59,21765984
chr16,23060827,23060927,.,1000,.,218.41994,-1.0,4.87269,70,23060897
chr16,88437471,88437581,.,1000,.,218.41582,-1.0,4.87269,70,88437541
chr1,108828237,108828343,.,1000,.,218.37267,-1.0,4.87269,62,108828299
chr16,86072946,86073055,.,1000,.,218.36296,-1.0,4.87269,55,86073001
chr4,15238826,15238959,.,1000,.,218.36273,-1.0,4.87269,68,15238894
chr12,62813366,62813475,.,1000,.,218.34294,-1.0,4.87269,52,62813418
chr6,144013557,144013658,.,1000,.,218.338,-1.0,4.87269,44,144013601
chr9,137064172,137064332,.,1000,.,218.33746,-1.0,4.87269,94,137064266
chr21,32653485,32653577,.,1000,.,218.32691,-1.0,4.87269,33,32653518
chr4,83490996,83491140,.,1000,.,218.32407,-1.0,4.87269,73,83491069
chrX,131747233,131747401,.,1000,.,218.30469,-1.0,4.87269,86,131747319
chr17,68777534,68777651,.,1000,.,218.29854,-1.0,4.87269,52,68777586
chr12,52121947,52122071,.,1000,.,218.2838,-1.0,4.87269,75,52122022
chr7,774617,774732,.,1000,.,218.28112,-1.0,4.87269,73,774690
chr5,37379146,37379257,.,1000,.,218.27548,-1.0,4.87269,62,37379208
chr15,77870564,77870685,.,1000,.,218.26859,-1.0,4.87269,51,77870615
chr1,204565952,204566051,.,1000,.,218.26816,-1.0,4.87269,47,204565999
chr5,98771680,98771785,.,1000,.,218.25612,-1.0,4.87269,63,98771743
chr2,134245510,134245612,.,1000,.,218.25162,-1.0,4.87269,53,134245563
chr2,11693041,11693132,.,1000,.,218.2475,-1.0,4.87269,58,11693099
chr20,3218614,3218752,.,1000,.,218.24079,-1.0,4.87269,60,3218674
chr11,70814994,70815130,.,1000,.,218.23724,-1.0,4.87269,61,70815055
chr12,49092279,49092403,.,1000,.,218.22274,-1.0,4.87269,59,49092338
chr1,45359939,45360063,.,1000,.,218.21999,-1.0,4.87269,43,45359982
chr9,123225562,123225778,.,1000,.,218.21901,-1.0,4.87269,108,123225670
chr3,36868979,36869098,.,1000,.,218.2114,-1.0,4.87269,67,36869046
chr6,100657831,100657970,.,913,.,218.20695,-1.0,4.87269,65,100657896
chr18,58180885,58181000,.,1000,.,218.20602,-1.0,4.87269,55,58180940
chr11,72813048,72813160,.,1000,.,218.20279,-1.0,4.87269,51,72813099
chr2,127649868,127649967,.,1000,.,218.19859,-1.0,4.87269,50,127649918
chr6,106445062,106445171,.,1000,.,218.19411,-1.0,4.87269,52,106445114
chr8,99859908,99860023,.,1000,.,218.17381,-1.0,4.87269,57,99859965
chr14,67944000,67944100,.,1000,.,218.16459,-1.0,4.87269,51,67944051
chr17,14302658,14302765,.,1000,.,218.15765,-1.0,4.87269,82,14302740
chr17,82236473,82236604,.,1000,.,218.13758,-1.0,4.87269,74,82236547
chr4,114659583,114659669,.,1000,.,218.13622,-1.0,4.87269,11,114659594
chr7,28927081,28927297,.,1000,.,218.12874,-1.0,4.87269,108,28927189
chr8,130802731,130802824,.,1000,.,218.12863,-1.0,4.87269,55,130802786
chr4,15650094,15650207,.,1000,.,218.11865,-1.0,4.87269,52,15650146
chr7,106660129,106660312,.,1000,.,218.10718,-1.0,4.87269,109,106660238
chr1,224457655,224457782,.,1000,.,218.07666,-1.0,4.87269,57,224457712
chr2,102473051,102473164,.,1000,.,218.06922,-1.0,4.87269,73,102473124
chr1,39609724,39609844,.,1000,.,218.06857,-1.0,4.87269,74,39609798
chr8,18868513,18868636,.,1000,.,218.05781,-1.0,4.87269,56,18868569
chr3,181709664,181709774,.,1000,.,218.05568,-1.0,4.87269,48,181709712
chr1,226064951,226065014,.,1000,.,218.05526,-1.0,4.87269,37,226064988
chr2,101342280,101342428,.,1000,.,218.05459,-1.0,4.87269,80,101342360
chr12,10190899,10191015,.,1000,.,218.02015,-1.0,4.87269,76,10190975
chr4,143375837,143375893,.,1000,.,218.0169,-1.0,4.87269,10,143375847
chr20,1802458,1802572,.,1000,.,218.01289,-1.0,4.87269,34,1802492
chrX,47384664,47384718,.,1000,.,217.98679,-1.0,4.87269,54,47384718
chr1,22105746,22105884,.,1000,.,217.98429,-1.0,4.87269,68,22105814
chr1,9267234,9267348,.,1000,.,217.98072,-1.0,4.87269,49,9267283
chr6,132799106,132799191,.,1000,.,217.96667,-1.0,4.87269,35,132799141
chr22,31970202,31970338,.,1000,.,217.96231,-1.0,4.87269,75,31970277
chr7,113710420,113710529,.,1000,.,217.95097,-1.0,4.87269,65,113710485
chr17,78134496,78134564,.,1000,.,217.94157,-1.0,4.87269,17,78134513
chr17,48814551,48814658,.,1000,.,217.91989,-1.0,4.87269,50,48814601
chr1,115052618,115052726,.,1000,.,217.90208,-1.0,4.87269,66,115052684
chr10,87735361,87735464,.,1000,.,217.89881,-1.0,4.87269,72,87735433
chr20,53547885,53548000,.,1000,.,217.89398,-1.0,4.87269,60,53547945
chr19,56350578,56350713,.,1000,.,217.89206,-1.0,4.87269,62,56350640
chr13,46160594,46160719,.,1000,.,217.8866,-1.0,4.87269,73,46160667
chr1,24587339,24587443,.,1000,.,217.88562,-1.0,4.87269,58,24587397
chr11,64653204,64653328,.,1000,.,217.87193,-1.0,4.87269,75,64653279
chr3,184354411,184354516,.,1000,.,217.86928,-1.0,4.87269,54,184354465
chr1,64824321,64824440,.,1000,.,217.86111,-1.0,4.87269,48,64824369
chr11,28698045,28698198,.,1000,.,217.85886,-1.0,4.87269,80,28698125
chr5,122516252,122516398,.,1000,.,217.85272,-1.0,4.87269,75,122516327
chr5,63963258,63963370,.,1000,.,217.84038,-1.0,4.87269,62,63963320
chr4,16026278,16026401,.,1000,.,217.83343,-1.0,4.87269,73,16026351
chr18,56869301,56869413,.,1000,.,217.83204,-1.0,4.87269,55,56869356
chr11,59430058,59430156,.,1000,.,217.82917,-1.0,4.87269,59,59430117
chr12,106226925,106227046,.,1000,.,217.81565,-1.0,4.87269,58,106226983
chrX,130916983,130917080,.,1000,.,217.81375,-1.0,4.87269,39,130917022
chr3,157137522,157137738,.,1000,.,217.78778,-1.0,4.87269,108,157137630
chr1,8918237,8918342,.,1000,.,217.78407,-1.0,4.87269,51,8918288
chr5,151115465,151115565,.,1000,.,217.76968,-1.0,4.87269,30,151115495
chr20,21235807,21235904,.,1000,.,217.76603,-1.0,4.87269,34,21235841
chr2,23460388,23460487,.,1000,.,217.76102,-1.0,4.87269,65,23460453
chr14,90903094,90903310,.,1000,.,217.75688,-1.0,4.87269,108,90903202
chr5,146542364,146542472,.,1000,.,217.7568,-1.0,4.87269,65,146542429
chr9,73023082,73023201,.,1000,.,217.75281,-1.0,4.87269,64,73023146
chr5,54218023,54218124,.,1000,.,217.74943,-1.0,4.87269,40,54218063
chr2,220687372,220687456,.,1000,.,217.74521,-1.0,4.87269,46,220687418
chr3,141303545,141303647,.,1000,.,217.7451,-1.0,4.87269,22,141303567
chr7,116786891,116786986,.,1000,.,217.73752,-1.0,4.87269,42,116786933
chr12,124898613,124898716,.,1000,.,217.73585,-1.0,4.87269,24,124898637
chr7,134513313,134513453,.,1000,.,217.7304,-1.0,4.87269,57,134513370
chr15,79340144,79340274,.,1000,.,217.71579,-1.0,4.87269,55,79340199
chr7,148265093,148265212,.,1000,.,217.70756,-1.0,4.87269,54,148265147
chr1,984252,984380,.,1000,.,217.68924,-1.0,4.87269,72,984324
chr1,24392483,24392556,.,1000,.,217.67703,-1.0,4.87269,16,24392499
chr14,68863364,68863454,.,1000,.,217.67618,-1.0,4.87269,33,68863397
chrX,131711064,131711172,.,1000,.,217.66148,-1.0,4.87269,64,131711128
chr1,152926219,152926314,.,1000,.,217.6272,-1.0,4.87269,80,152926299
chr2,223993746,223993858,.,1000,.,217.62133,-1.0,4.87269,65,223993811
chrX,135112229,135112346,.,1000,.,217.60996,-1.0,4.87269,67,135112296
chr5,9544565,9544666,.,1000,.,217.60067,-1.0,4.87269,85,9544650
chr12,7188610,7188693,.,1000,.,217.57328,-1.0,4.87269,56,7188666
chr15,37995878,37995974,.,1000,.,217.56292,-1.0,4.87269,20,37995898
chr8,17912719,17912831,.,1000,.,217.56147,-1.0,4.87269,69,17912788
chr1,160078733,160078846,.,1000,.,217.56073,-1.0,4.87269,59,160078792
chr22,39399632,39399743,.,1000,.,217.54671,-1.0,4.87269,48,39399680
chr1,70133073,70133185,.,1000,.,217.54163,-1.0,4.87269,56,70133129
chr2,217988625,217988753,.,1000,.,217.53704,-1.0,4.87269,75,217988700
chr1,75991637,75991741,.,1000,.,217.50462,-1.0,4.87269,66,75991703
chr3,156151964,156152072,.,1000,.,217.50153,-1.0,4.87269,46,156152010
chr6,153947966,153948104,.,1000,.,217.49971,-1.0,4.87269,57,153948023
chr8,115076834,115076953,.,1000,.,217.49198,-1.0,4.87269,58,115076892
chr1,160084227,160084327,.,1000,.,217.4903,-1.0,4.87269,44,160084271
chr1,8349101,8349252,.,1000,.,217.48895,-1.0,4.87269,73,8349174
chr11,79100222,79100364,.,1000,.,217.47975,-1.0,4.87269,66,79100288
chr15,60359802,60359915,.,1000,.,217.47414,-1.0,4.87269,61,60359863
chr22,32660365,32660468,.,1000,.,217.45416,-1.0,4.87269,54,32660419
chr8,70835080,70835168,.,1000,.,217.4508,-1.0,4.87269,23,70835103
chr2,34096713,34096830,.,1000,.,217.44654,-1.0,4.87269,61,34096774
chr1,48109536,48109629,.,1000,.,217.43643,-1.0,4.87269,54,48109590
chr22,21102914,21103022,.,1000,.,217.43229,-1.0,4.87269,48,21102962
chr1,207005120,207005243,.,1000,.,217.42799,-1.0,4.87269,65,207005185
chr1,169348562,169348690,.,1000,.,217.4152,-1.0,4.87269,66,169348628
chr4,47032732,47032837,.,1000,.,217.40729,-1.0,4.87269,79,47032811
chr3,117997541,117997757,.,1000,.,217.40268,-1.0,4.87269,108,117997649
chr22,30445323,30445425,.,1000,.,217.39801,-1.0,4.87269,46,30445369
chr3,52428663,52428743,.,1000,.,217.38402,-1.0,4.87269,52,52428715
chr13,97018148,97018265,.,1000,.,217.38339,-1.0,4.87269,60,97018208
chr4,112328000,112328128,.,1000,.,217.36741,-1.0,4.87269,59,112328059
chr11,67659584,67659654,.,1000,.,217.35921,-1.0,4.87269,25,67659609
chr15,60326957,60327066,.,1000,.,217.34652,-1.0,4.87269,55,60327012
chr8,100680988,100681102,.,1000,.,217.34553,-1.0,4.87269,45,100681033
chr2,216013564,216013683,.,1000,.,217.34503,-1.0,4.87269,73,216013637
chr3,83523619,83523728,.,1000,.,217.33754,-1.0,4.87269,65,83523684
chr6,6315788,6315914,.,1000,.,217.33215,-1.0,4.87269,73,6315861
chr4,83260681,83260808,.,1000,.,217.32141,-1.0,4.87269,60,83260741
chr15,40320999,40321118,.,1000,.,217.30786,-1.0,4.87269,77,40321076
chr19,38636957,38637058,.,1000,.,217.30481,-1.0,4.87269,44,38637001
chr2,170815858,170816000,.,1000,.,217.2985,-1.0,4.87269,58,170815916
chr5,170435096,170435209,.,1000,.,217.28513,-1.0,4.87269,89,170435185
chr12,24836514,24836630,.,1000,.,217.28381,-1.0,4.87269,52,24836566
chr15,39686166,39686274,.,1000,.,217.28187,-1.0,4.87269,52,39686218
chr13,35164441,35164563,.,1000,.,217.28106,-1.0,4.87269,65,35164506
chr11,84564728,84564835,.,1000,.,217.28015,-1.0,4.87269,67,84564795
chr14,50778046,50778134,.,1000,.,217.27365,-1.0,4.87269,32,50778078
chr16,11797245,11797392,.,1000,.,217.26539,-1.0,4.87269,61,11797306
chr5,178235160,178235292,.,1000,.,217.26382,-1.0,4.87269,51,178235211
chr10,128035627,128035749,.,1000,.,217.25658,-1.0,4.87269,63,128035690
chr9,135086166,135086290,.,1000,.,217.25368,-1.0,4.87269,65,135086231
chr1,8015170,8015225,.,1000,.,217.24949,-1.0,4.87269,13,8015183
chr2,17719691,17719821,.,1000,.,217.24872,-1.0,4.87269,66,17719757
chr11,102495527,102495638,.,1000,.,217.23685,-1.0,4.87269,64,102495591
chr6,24933964,24934062,.,1000,.,217.20191,-1.0,4.87269,63,24934027
chr16,22680805,22680886,.,1000,.,217.19412,-1.0,4.87269,44,22680849
chr4,87093665,87093800,.,1000,.,217.18474,-1.0,4.87269,75,87093740
chr2,46365031,46365132,.,1000,.,217.18231,-1.0,4.87269,39,46365070
chr10,9331685,9331784,.,1000,.,217.18224,-1.0,4.87269,46,9331731
chr11,65888452,65888570,.,1000,.,217.17274,-1.0,4.87269,49,65888501
chr11,20353992,20354105,.,1000,.,217.15776,-1.0,4.87269,50,20354042
chr17,34638370,34638486,.,1000,.,217.14441,-1.0,4.87269,61,34638431
chr10,117176045,117176163,.,1000,.,217.14282,-1.0,4.87269,87,117176132
chr12,54993356,54993460,.,1000,.,217.13976,-1.0,4.87269,66,54993422
chr3,148943695,148943781,.,1000,.,217.13316,-1.0,4.87269,64,148943759
chr14,23478428,23478544,.,1000,.,217.13214,-1.0,4.87269,67,23478495
chr11,46919939,46920155,.,1000,.,217.12368,-1.0,4.87269,108,46920047
chr12,34218574,34218677,.,1000,.,217.11461,-1.0,4.87269,54,34218628
chr14,50773755,50773894,.,1000,.,217.09683,-1.0,4.87269,92,50773847
chr21,39441654,39441772,.,1000,.,217.07272,-1.0,4.87269,53,39441707
chr2,176554584,176554704,.,1000,.,217.06529,-1.0,4.87269,58,176554642
chr10,30640055,30640187,.,1000,.,217.06229,-1.0,4.87269,77,30640132
chr15,84599130,84599270,.,1000,.,217.05237,-1.0,4.87269,73,84599203
chr7,126803215,126803302,.,1000,.,217.03623,-1.0,4.87269,47,126803262
chr18,51051242,51051349,.,1000,.,217.0229,-1.0,4.87269,66,51051308
chr1,147700078,147700175,.,1000,.,217.01344,-1.0,4.87269,43,147700121
chr7,23430420,23430548,.,1000,.,217.00577,-1.0,4.87269,76,23430496
chr1,209569553,209569648,.,1000,.,216.99403,-1.0,4.87269,85,209569638
chr15,88246916,88247032,.,1000,.,216.96433,-1.0,4.87269,82,88246998
chr18,77055108,77055209,.,1000,.,216.95867,-1.0,4.87269,41,77055149
chr4,53930162,53930247,.,1000,.,216.94827,-1.0,4.87269,15,53930177
chr11,79708456,79708569,.,1000,.,216.94137,-1.0,4.87269,57,79708513
chr3,141644985,141645092,.,1000,.,216.92727,-1.0,4.87269,50,141645035
chr5,79021139,79021259,.,1000,.,216.92632,-1.0,4.87269,56,79021195
chr7,128904785,128904892,.,1000,.,216.92478,-1.0,4.87269,54,128904839
chr22,30763899,30764002,.,1000,.,216.90141,-1.0,4.87269,39,30763938
chr14,69585095,69585228,.,1000,.,216.89048,-1.0,4.87269,74,69585169
chr16,51982864,51982975,.,1000,.,216.8883,-1.0,4.87269,59,51982923
chr13,112444101,112444202,.,1000,.,216.87318,-1.0,4.87269,68,112444169
chr13,79775918,79776048,.,1000,.,216.8689,-1.0,4.87269,55,79775973
chr4,147019209,147019277,.,1000,.,216.85349,-1.0,4.87269,47,147019256
chr9,100714751,100714853,.,1000,.,216.83957,-1.0,4.87269,37,100714788
chr3,100463069,100463137,.,1000,.,216.83333,-1.0,4.87269,47,100463116
chr17,49952594,49952733,.,1000,.,216.81474,-1.0,4.87269,63,49952657
chr3,53299682,53299767,.,1000,.,216.7821,-1.0,4.87269,47,53299729
chr11,31107119,31107227,.,1000,.,216.78209,-1.0,4.87269,57,31107176
chr7,51430608,51430690,.,1000,.,216.77743,-1.0,4.87269,56,51430664
chr17,80970518,80970607,.,1000,.,216.77435,-1.0,4.87269,77,80970595
chr3,192467415,192467491,.,1000,.,216.75701,-1.0,4.87269,27,192467442
chr1,152869958,152870049,.,1000,.,216.75439,-1.0,4.87269,55,152870013
chr17,8138653,8138807,.,1000,.,216.75406,-1.0,4.87269,79,8138732
chr9,129790438,129790552,.,1000,.,216.74641,-1.0,4.87269,57,129790495
chr10,120337058,120337180,.,1000,.,216.7243,-1.0,4.87269,61,120337119
chr17,69526116,69526234,.,1000,.,216.71791,-1.0,4.87269,60,69526176
chr1,204747015,204747069,.,1000,.,216.70201,-1.0,4.87269,7,204747022
chr17,78971414,78971501,.,1000,.,216.69441,-1.0,4.87269,55,78971469
chr10,111598592,111598729,.,1000,.,216.68448,-1.0,4.87269,76,111598668
chr16,75550381,75550495,.,1000,.,216.68029,-1.0,4.87269,54,75550435
chr17,63946884,63946993,.,1000,.,216.67147,-1.0,4.87269,52,63946936
chr3,30199224,30199345,.,1000,.,216.66277,-1.0,4.87269,67,30199291
chr22,22848488,22848627,.,1000,.,216.65892,-1.0,4.87269,70,22848558
chr3,187220298,187220420,.,1000,.,216.64774,-1.0,4.87269,58,187220356
chr1,159072150,159072235,.,1000,.,216.64608,-1.0,4.87269,31,159072181
chr3,129053490,129053604,.,1000,.,216.6376,-1.0,4.87269,58,129053548
chrX,154715061,154715177,.,1000,.,216.63121,-1.0,4.87269,73,154715134
chr2,217510874,217510980,.,1000,.,216.62832,-1.0,4.87269,65,217510939
chr14,34228161,34228265,.,1000,.,216.62382,-1.0,4.87269,41,34228202
chr17,51764495,51764604,.,1000,.,216.61121,-1.0,4.87269,66,51764561
chr12,4758217,4758343,.,1000,.,216.60942,-1.0,4.87269,69,4758286
chr8,73673123,73673241,.,1000,.,216.60922,-1.0,4.87269,55,73673178
chr9,69549564,69549687,.,1000,.,216.6042,-1.0,4.87269,49,69549613
chr15,88624469,88624580,.,1000,.,216.60006,-1.0,4.87269,60,88624529
chr11,122854097,122854194,.,1000,.,216.59456,-1.0,4.87269,68,122854165
chr11,58579706,58579764,.,1000,.,216.57023,-1.0,4.87269,28,58579734
chr10,58291714,58291838,.,1000,.,216.56342,-1.0,4.87269,50,58291764
chr2,174748992,174749069,.,1000,.,216.56114,-1.0,4.87269,64,174749056
chr20,57514370,57514493,.,1000,.,216.53626,-1.0,4.87269,57,57514427
chr4,36351233,36351337,.,1000,.,216.53519,-1.0,4.87269,48,36351281
chr2,98601666,98601801,.,1000,.,216.53502,-1.0,4.87269,81,98601747
chr22,45978667,45978797,.,1000,.,216.52135,-1.0,4.87269,77,45978744
chr2,106542880,106542982,.,1000,.,216.51109,-1.0,4.87269,50,106542930
chr17,63834947,63835082,.,1000,.,216.51079,-1.0,4.87269,76,63835023
chr12,102170049,102170157,.,1000,.,216.49482,-1.0,4.87269,65,102170114
chr20,8790589,8790709,.,1000,.,216.4834,-1.0,4.87269,56,8790645
chr4,48275392,48275514,.,1000,.,216.47465,-1.0,4.87269,71,48275463
chr16,77584378,77584501,.,1000,.,216.47061,-1.0,4.87269,56,77584434
chr9,120619860,120619965,.,1000,.,216.45789,-1.0,4.87269,64,120619924
chr9,27333296,27333391,.,1000,.,216.45182,-1.0,4.87269,27,27333323
chr10,97037445,97037553,.,1000,.,216.44633,-1.0,4.87269,69,97037514
chr3,185768619,185768730,.,1000,.,216.44338,-1.0,4.87269,56,185768675
chr8,89689297,89689388,.,1000,.,216.44095,-1.0,4.87269,54,89689351
chr1,229227570,229227692,.,1000,.,216.43308,-1.0,4.87269,78,229227648
chr7,138886610,138886718,.,1000,.,216.43076,-1.0,4.87269,50,138886660
chr14,24481692,24481790,.,1000,.,216.43008,-1.0,4.87269,53,24481745
chr2,200483810,200483903,.,1000,.,216.41107,-1.0,4.87269,38,200483848
chr14,95442685,95442750,.,1000,.,216.40363,-1.0,4.87269,8,95442693
chr1,214628260,214628395,.,1000,.,216.39674,-1.0,4.87269,61,214628321
chr8,18197407,18197508,.,1000,.,216.39573,-1.0,4.87269,73,18197480
chr11,46369581,46369693,.,1000,.,216.38909,-1.0,4.87269,49,46369630
chr1,208093892,208094012,.,1000,.,216.3883,-1.0,4.87269,56,208093948
chr12,51875383,51875485,.,1000,.,216.37993,-1.0,4.87269,49,51875432
chr2,127197928,127198038,.,1000,.,216.37823,-1.0,4.87269,52,127197980
chrX,115330651,115330809,.,1000,.,216.37513,-1.0,4.87269,83,115330734
chr22,20784403,20784505,.,1000,.,216.3684,-1.0,4.87269,55,20784458
chr3,123559192,123559313,.,1000,.,216.36494,-1.0,4.87269,62,123559254
chr5,139251392,139251500,.,1000,.,216.36371,-1.0,4.87269,31,139251423
chr1,39092459,39092613,.,1000,.,216.35391,-1.0,4.87269,85,39092544
chr2,238785125,238785252,.,1000,.,216.34733,-1.0,4.87269,67,238785192
chr22,31313396,31313520,.,1000,.,216.32427,-1.0,4.87269,71,31313467
chr4,77240632,77240739,.,1000,.,216.31236,-1.0,4.87269,55,77240687
chr19,41439989,41440060,.,1000,.,216.31093,-1.0,4.87269,66,41440055
chr1,153509865,153509979,.,1000,.,216.30659,-1.0,4.87269,62,153509927
chr11,3049987,3050091,.,1000,.,216.303,-1.0,4.87269,48,3050035
chr1,61852310,61852382,.,1000,.,216.29889,-1.0,4.87269,4,61852314
chr16,68240093,68240196,.,1000,.,216.29428,-1.0,4.87269,23,68240116
chr2,129397388,129397479,.,1000,.,216.28496,-1.0,4.87269,21,129397409
chr10,112308013,112308120,.,1000,.,216.27423,-1.0,4.87269,40,112308053
chr12,52025773,52025882,.,1000,.,216.25938,-1.0,4.87269,70,52025843
chr4,15231648,15231753,.,1000,.,216.25343,-1.0,4.87269,55,15231703
chr20,44190347,44190446,.,1000,.,216.24868,-1.0,4.87269,53,44190400
chr15,68925011,68925137,.,1000,.,216.24282,-1.0,4.87269,51,68925062
chr5,139575175,139575294,.,1000,.,216.23981,-1.0,4.87269,58,139575233
chr8,7035862,7035967,.,1000,.,216.22412,-1.0,4.87269,69,7035931
chr5,180670687,180670803,.,1000,.,216.21165,-1.0,4.87269,60,180670747
chr6,136317154,136317273,.,1000,.,216.1666,-1.0,4.87269,68,136317222
chr14,101771072,101771196,.,1000,.,216.1537,-1.0,4.87269,56,101771128
chr2,210503167,210503233,.,1000,.,216.13586,-1.0,4.87269,32,210503199
chr7,135662357,135662441,.,1000,.,216.13544,-1.0,4.87269,35,135662392
chr8,54169447,54169557,.,1000,.,216.13261,-1.0,4.87269,57,54169504
chr2,121402430,121402549,.,1000,.,216.13108,-1.0,4.87269,56,121402486
chr8,89848377,89848469,.,1000,.,216.12778,-1.0,4.87269,24,89848401
chr22,32473403,32473619,.,1000,.,216.12621,-1.0,4.87269,108,32473511
chr6,90393430,90393554,.,1000,.,216.11284,-1.0,4.87269,57,90393487
chr18,33839591,33839704,.,1000,.,216.10848,-1.0,4.87269,54,33839645
chr10,32795719,32795792,.,1000,.,216.09729,-1.0,4.87269,68,32795787
chr17,79746275,79746384,.,1000,.,216.09452,-1.0,4.87269,65,79746340
chr2,218996133,218996237,.,1000,.,216.08561,-1.0,4.87269,54,218996187
chr7,119270100,119270202,.,1000,.,216.08311,-1.0,4.87269,29,119270129
chr3,53938776,53938908,.,1000,.,216.08066,-1.0,4.87269,54,53938830
chr15,99286556,99286651,.,1000,.,216.07659,-1.0,4.87269,54,99286610
chr16,50067633,50067736,.,1000,.,216.06152,-1.0,4.87269,46,50067679
chr6,10429764,10429873,.,1000,.,216.05616,-1.0,4.87269,62,10429826
chr22,43945986,43946124,.,1000,.,216.05465,-1.0,4.87269,74,43946060
chr7,47254511,47254649,.,1000,.,216.02846,-1.0,4.87269,92,47254603
chr5,150656592,150656715,.,1000,.,216.02818,-1.0,4.87269,70,150656662
chr21,28745815,28745943,.,1000,.,216.01752,-1.0,4.87269,72,28745887
chr3,51389468,51389585,.,1000,.,216.01603,-1.0,4.87269,57,51389525
chr3,163490355,163490474,.,1000,.,216.00842,-1.0,4.87269,60,163490415
chr6,52234330,52234450,.,1000,.,216.00809,-1.0,4.87269,68,52234398
chr17,32998454,32998590,.,1000,.,216.00005,-1.0,4.87269,59,32998513
chr4,147590428,147590505,.,1000,.,215.9852,-1.0,4.87269,33,147590461
chr17,4566830,4566901,.,1000,.,215.97737,-1.0,4.87269,47,4566877
chr8,100540943,100541044,.,1000,.,215.97087,-1.0,4.87269,41,100540984
chr11,63872155,63872247,.,1000,.,215.94728,-1.0,4.87269,41,63872196
chr16,73956752,73956868,.,1000,.,215.94271,-1.0,4.87269,38,73956790
chrX,10190517,10190624,.,1000,.,215.91845,-1.0,4.87269,49,10190566
chr17,37397785,37397898,.,1000,.,215.87953,-1.0,4.87269,79,37397864
chrX,70454474,70454616,.,1000,.,215.87687,-1.0,4.87269,70,70454544
chr11,123021112,123021255,.,1000,.,215.86496,-1.0,4.87269,57,123021169
chr9,78369770,78369886,.,1000,.,215.85934,-1.0,4.87269,51,78369821
chr2,9914814,9914927,.,1000,.,215.8593,-1.0,4.87269,57,9914871
chr2,177416243,177416459,.,1000,.,215.85521,-1.0,4.87269,108,177416351
chr8,69663914,69663987,.,1000,.,215.85374,-1.0,4.87269,14,69663928
chr3,28916755,28916884,.,1000,.,215.85325,-1.0,4.87269,63,28916818
chr1,225911441,225911577,.,1000,.,215.84125,-1.0,4.87269,69,225911510
chr16,76653560,76653656,.,1000,.,215.84004,-1.0,4.87269,55,76653615
chr14,94549556,94549666,.,1000,.,215.82637,-1.0,4.87269,44,94549600
chr3,18295364,18295500,.,1000,.,215.82249,-1.0,4.87269,64,18295428
chr8,57420655,57420768,.,1000,.,215.82014,-1.0,4.87269,83,57420738
chr7,91034606,91034716,.,1000,.,215.81928,-1.0,4.87269,65,91034671
chr15,91302970,91303052,.,1000,.,215.80345,-1.0,4.87269,62,91303032
chr9,34253038,34253149,.,1000,.,215.78528,-1.0,4.87269,75,34253113
chr6,52882471,52882583,.,1000,.,215.77681,-1.0,4.87269,54,52882525
chr22,22207978,22208052,.,1000,.,215.76359,-1.0,4.87269,14,22207992
chr5,139775221,139775372,.,1000,.,215.76349,-1.0,4.87269,64,139775285
chr8,119769106,119769231,.,1000,.,215.75984,-1.0,4.87269,79,119769185
chr10,2978224,2978330,.,1000,.,215.74989,-1.0,4.87269,73,2978297
chr8,132875594,132875704,.,1000,.,215.71009,-1.0,4.87269,55,132875649
chrX,118807530,118807651,.,1000,.,215.70664,-1.0,4.87269,66,118807596
chr9,613972,614100,.,1000,.,215.70222,-1.0,4.87269,37,614009
chr15,37106503,37106608,.,1000,.,215.69962,-1.0,4.87269,56,37106559
chr1,39902347,39902474,.,1000,.,215.69786,-1.0,4.87269,61,39902408
chr5,174910362,174910447,.,1000,.,215.69438,-1.0,4.87269,25,174910387
chr1,222171207,222171286,.,1000,.,215.68696,-1.0,4.87269,35,222171242
chr8,82307676,82307785,.,1000,.,215.67184,-1.0,4.87269,54,82307730
chr8,64567700,64567916,.,1000,.,215.66995,-1.0,4.87269,108,64567808
chr18,10490852,10490953,.,1000,.,215.66805,-1.0,4.87269,37,10490889
chr7,32943191,32943306,.,1000,.,215.66761,-1.0,4.87269,41,32943232
chr1,202184791,202184912,.,1000,.,215.66515,-1.0,4.87269,73,202184864
chr1,243325472,243325558,.,1000,.,215.66299,-1.0,4.87269,29,243325501
chr1,84772474,84772572,.,1000,.,215.66216,-1.0,4.87269,53,84772527
chr22,26364591,26364649,.,1000,.,215.64641,-1.0,4.87269,33,26364624
chr5,14270345,14270480,.,1000,.,215.6224,-1.0,4.87269,60,14270405
chr8,41995398,41995503,.,1000,.,215.6214,-1.0,4.87269,51,41995449
chr8,22430402,22430526,.,1000,.,215.60553,-1.0,4.87269,61,22430463
chr2,119660170,119660284,.,1000,.,215.58923,-1.0,4.87269,61,119660231
chr5,5492465,5492604,.,1000,.,215.58881,-1.0,4.87269,77,5492542
chr2,13007036,13007161,.,1000,.,215.58815,-1.0,4.87269,66,13007102
chr20,45311707,45311832,.,1000,.,215.575,-1.0,4.87269,54,45311761
chr14,60184473,60184559,.,1000,.,215.57246,-1.0,4.87269,54,60184527
chr5,56838615,56838711,.,1000,.,215.57209,-1.0,4.87269,17,56838632
chr16,68445590,68445707,.,1000,.,215.57176,-1.0,4.87269,58,68445648
chr5,1594608,1594697,.,1000,.,215.56689,-1.0,4.87269,26,1594634
chr3,82133151,82133230,.,1000,.,215.56312,-1.0,4.87269,45,82133196
chr19,40464475,40464583,.,1000,.,215.54461,-1.0,4.87269,47,40464522
chr10,101214824,101214946,.,1000,.,215.54113,-1.0,4.87269,65,101214889
chr10,69123692,69123772,.,1000,.,215.52828,-1.0,4.87269,56,69123748
chr1,77533835,77533939,.,1000,.,215.52453,-1.0,4.87269,54,77533889
chr1,29793132,29793270,.,1000,.,215.49934,-1.0,4.87269,66,29793198
chr17,68172523,68172626,.,1000,.,215.49278,-1.0,4.87269,68,68172591
chr20,58447915,58448021,.,1000,.,215.49245,-1.0,4.87269,58,58447973
chr19,48842807,48842938,.,1000,.,215.47585,-1.0,4.87269,80,48842887
chr13,100573175,100573259,.,1000,.,215.46076,-1.0,4.87269,55,100573230
chr5,176574140,176574251,.,1000,.,215.45513,-1.0,4.87269,82,176574222
chr19,35135503,35135640,.,1000,.,215.45082,-1.0,4.87269,75,35135578
chr2,7037875,7037974,.,1000,.,215.43961,-1.0,4.87269,46,7037921
chr15,66619254,66619373,.,1000,.,215.4093,-1.0,4.87269,76,66619330
chr13,91313207,91313315,.,1000,.,215.39624,-1.0,4.87269,55,91313262
chr6,89122781,89122861,.,1000,.,215.39609,-1.0,4.87269,22,89122803
chr11,18722173,18722279,.,1000,.,215.37913,-1.0,4.87269,51,18722224
chr5,6837649,6837767,.,1000,.,215.36729,-1.0,4.87269,57,6837706
chr5,172479094,172479231,.,1000,.,215.35193,-1.0,4.87269,53,172479147
chr1,246497446,246497551,.,1000,.,215.3421,-1.0,4.87269,52,246497498
chrX,8815579,8815684,.,1000,.,215.33687,-1.0,4.87269,56,8815635
chr15,83559542,83559646,.,1000,.,215.33105,-1.0,4.87269,19,83559561
chr20,34538778,34538878,.,1000,.,215.33014,-1.0,4.87269,54,34538832
chr1,31705321,31705401,.,1000,.,215.32261,-1.0,4.87269,48,31705369
chr16,81723257,81723338,.,1000,.,215.31944,-1.0,4.87269,50,81723307
chr16,58512018,58512108,.,1000,.,215.30646,-1.0,4.87269,65,58512083
chr11,96012115,96012220,.,1000,.,215.30495,-1.0,4.87269,66,96012181
chr4,74874930,74875034,.,1000,.,215.30204,-1.0,4.87269,26,74874956
chr1,11645822,11645922,.,1000,.,215.29229,-1.0,4.87269,42,11645864
chr9,121202013,121202229,.,1000,.,215.28985,-1.0,4.87269,108,121202121
chr17,78843452,78843535,.,1000,.,215.28686,-1.0,4.87269,41,78843493
chr1,151340992,151341068,.,1000,.,215.28279,-1.0,4.87269,50,151341042
chr2,216698974,216699067,.,1000,.,215.27066,-1.0,4.87269,46,216699020
chr15,68829182,68829285,.,1000,.,215.26653,-1.0,4.87269,33,68829215
chr9,95131479,95131589,.,1000,.,215.24376,-1.0,4.87269,57,95131536
chr11,124746660,124746776,.,1000,.,215.21496,-1.0,4.87269,74,124746734
chr5,149834326,149834542,.,1000,.,215.20936,-1.0,4.87269,108,149834434
chr4,180664946,180665035,.,1000,.,215.2091,-1.0,4.87269,37,180664983
chr1,221435589,221435659,.,1000,.,215.20492,-1.0,4.87269,24,221435613
chr2,205766938,205767002,.,1000,.,215.20067,-1.0,4.87269,7,205766945
chr5,135945100,135945204,.,1000,.,215.18027,-1.0,4.87269,59,135945159
chr2,131674063,131674183,.,1000,.,215.17567,-1.0,4.87269,54,131674117
chr5,180328778,180328905,.,1000,.,215.15182,-1.0,4.87269,54,180328832
chr11,32052289,32052391,.,1000,.,215.14582,-1.0,4.87269,27,32052316
chr11,66579157,66579265,.,1000,.,215.14566,-1.0,4.87269,42,66579199
chr5,54311913,54312061,.,1000,.,215.10397,-1.0,4.87269,81,54311994
chr8,27992683,27992795,.,1000,.,215.09928,-1.0,4.87269,56,27992739
chr19,4558474,4558616,.,1000,.,215.06071,-1.0,4.87269,56,4558530
chr13,108322356,108322440,.,1000,.,215.04882,-1.0,4.87269,49,108322405
chr3,195002034,195002159,.,1000,.,215.03788,-1.0,4.87269,78,195002112
chr12,57008253,57008341,.,1000,.,215.03641,-1.0,4.87269,51,57008304
chr12,47307930,47308029,.,1000,.,215.03257,-1.0,4.87269,46,47307976
chr20,49846363,49846457,.,1000,.,215.00329,-1.0,4.87269,51,49846414
chr10,30002557,30002621,.,1000,.,214.9954,-1.0,4.87269,63,30002620
chr1,39191725,39191842,.,1000,.,214.97518,-1.0,4.87269,56,39191781
chr13,78978553,78978646,.,1000,.,214.97486,-1.0,4.87269,37,78978590
chr12,109597840,109597897,.,1000,.,214.97014,-1.0,4.87269,40,109597880
chr2,70341305,70341416,.,1000,.,214.93521,-1.0,4.87269,57,70341362
chr5,163696423,163696537,.,1000,.,214.91276,-1.0,4.87269,48,163696471
chr7,43700086,43700202,.,1000,.,214.90945,-1.0,4.87269,64,43700150
chr17,44523271,44523411,.,1000,.,214.90091,-1.0,4.87269,65,44523336
chr10,123043472,123043532,.,1000,.,214.89769,-1.0,4.87269,58,123043530
chr10,36889114,36889224,.,1000,.,214.88391,-1.0,4.87269,55,36889169
chr3,160032325,160032439,.,1000,.,214.85936,-1.0,4.87269,66,160032391
chr13,110137744,110137960,.,1000,.,214.83979,-1.0,4.87269,108,110137852
chr15,90693802,90693907,.,1000,.,214.83002,-1.0,4.87269,72,90693874
chr22,44081329,44081432,.,1000,.,214.8116,-1.0,4.87269,40,44081369
chrX,140766157,140766264,.,1000,.,214.8066,-1.0,4.87269,54,140766211
chr7,3155038,3155150,.,1000,.,214.80392,-1.0,4.87269,31,3155069
chr7,142881038,142881155,.,1000,.,214.79222,-1.0,4.87269,52,142881090
chr10,68550893,68551004,.,1000,.,214.78613,-1.0,4.87269,64,68550957
chr3,122384153,122384242,.,1000,.,214.76783,-1.0,4.87269,42,122384195
chr5,1479729,1479830,.,1000,.,214.76177,-1.0,4.87269,48,1479777
chr13,41222419,41222479,.,1000,.,214.75973,-1.0,4.87269,5,41222424
chr7,77247366,77247452,.,1000,.,214.75679,-1.0,4.87269,51,77247417
chr11,5124190,5124300,.,1000,.,214.74918,-1.0,4.87269,54,5124244
chr1,48498239,48498297,.,1000,.,214.7468,-1.0,4.87269,48,48498287
chr10,101297993,101298116,.,1000,.,214.73857,-1.0,4.87269,63,101298056
chr19,47305385,47305492,.,1000,.,214.73807,-1.0,4.87269,68,47305453
chr8,122795151,122795274,.,1000,.,214.73013,-1.0,4.87269,72,122795223
chr18,25921705,25921830,.,1000,.,214.71161,-1.0,4.87269,45,25921750
chr20,37534557,37534664,.,1000,.,214.68892,-1.0,4.87269,69,37534626
chr4,145154713,145154817,.,1000,.,214.68215,-1.0,4.87269,54,145154767
chr17,28251751,28251850,.,1000,.,214.66005,-1.0,4.87269,53,28251804
chr4,88212119,88212213,.,1000,.,214.65869,-1.0,4.87269,39,88212158
chr22,27880952,27881040,.,1000,.,214.62809,-1.0,4.87269,46,27880998
chr19,2391408,2391521,.,1000,.,214.62473,-1.0,4.87269,53,2391461
chr7,129376643,129376699,.,1000,.,214.61753,-1.0,4.87269,33,129376676
chr10,21278863,21278971,.,1000,.,214.61112,-1.0,4.87269,37,21278900
chr12,98654076,98654169,.,1000,.,214.60392,-1.0,4.87269,16,98654092
chr1,200559018,200559100,.,1000,.,214.59674,-1.0,4.87269,37,200559055
chr8,106705181,106705307,.,1000,.,214.58623,-1.0,4.87269,57,106705238
chr1,115112920,115113048,.,1000,.,214.57278,-1.0,4.87269,58,115112978
chr11,66868802,66868901,.,1000,.,214.56541,-1.0,4.87269,77,66868879
chrX,129823290,129823393,.,1000,.,214.5516,-1.0,4.87269,52,129823342
chr2,68715571,68715662,.,1000,.,214.54984,-1.0,4.87269,53,68715624
chr10,49512351,49512471,.,1000,.,214.54927,-1.0,4.87269,68,49512419
chr4,55867142,55867223,.,1000,.,214.54797,-1.0,4.87269,22,55867164
chr4,89227066,89227211,.,1000,.,214.54303,-1.0,4.87269,76,89227142
chr2,88060506,88060599,.,1000,.,214.53624,-1.0,4.87269,53,88060559
chr3,46378468,46378587,.,1000,.,214.5324,-1.0,4.87269,76,46378544
chr5,148957734,148957861,.,1000,.,214.52305,-1.0,4.87269,67,148957801
chr2,232292739,232292889,.,1000,.,214.50811,-1.0,4.87269,70,232292809
chr11,44727951,44728063,.,1000,.,214.5075,-1.0,4.87269,59,44728010
chr19,4233471,4233574,.,1000,.,214.50448,-1.0,4.87269,61,4233532
chr20,61887304,61887452,.,1000,.,214.49172,-1.0,4.87269,68,61887372
chr14,100851255,100851349,.,1000,.,214.48259,-1.0,4.87269,64,100851319
chr4,83282170,83282279,.,1000,.,214.4711,-1.0,4.87269,73,83282243
chr9,98118014,98118102,.,1000,.,214.46736,-1.0,4.87269,68,98118082
chr5,131417409,131417482,.,1000,.,214.45851,-1.0,4.87269,41,131417450
chr1,220296370,220296468,.,1000,.,214.44134,-1.0,4.87269,57,220296427
chr2,143162370,143162501,.,1000,.,214.4365,-1.0,4.87269,58,143162428
chrX,107659871,107659985,.,1000,.,214.42557,-1.0,4.87269,57,107659928
chr7,95871222,95871330,.,1000,.,214.40668,-1.0,4.87269,55,95871277
chr5,169302640,169302748,.,1000,.,214.40076,-1.0,4.87269,66,169302706
chr10,29304655,29304798,.,1000,.,214.37902,-1.0,4.87269,70,29304725
chr4,41214716,41214779,.,1000,.,214.37721,-1.0,4.87269,42,41214758
chr2,206693804,206693877,.,1000,.,214.36754,-1.0,4.87269,55,206693859
chr6,113936270,113936350,.,1000,.,214.36485,-1.0,4.87269,27,113936297
chr17,75323188,75323298,.,1000,.,214.3547,-1.0,4.87269,56,75323244
chr12,11554060,11554175,.,1000,.,214.35355,-1.0,4.87269,83,11554143
chr8,143430867,143431000,.,1000,.,214.34939,-1.0,4.87269,83,143430950
chr11,10406271,10406343,.,1000,.,214.34872,-1.0,4.87269,52,10406323
chr10,110557125,110557221,.,1000,.,214.33736,-1.0,4.87269,83,110557208
chr11,94183914,94184014,.,1000,.,214.33463,-1.0,4.87269,43,94183957
chr20,33291951,33292062,.,1000,.,214.3268,-1.0,4.87269,82,33292033
chr2,54704811,54704945,.,1000,.,214.30397,-1.0,4.87269,81,54704892
chr6,160138354,160138432,.,1000,.,214.28098,-1.0,4.87269,54,160138408
chr2,186862990,186863095,.,1000,.,214.26637,-1.0,4.87269,38,186863028
chr17,82321543,82321662,.,1000,.,214.2277,-1.0,4.87269,68,82321611
chr11,65014240,65014414,.,1000,.,214.21187,-1.0,4.87269,99,65014339
chr11,77820777,77820843,.,1000,.,214.20961,-1.0,4.87269,41,77820818
chr4,137819977,137820108,.,1000,.,214.18093,-1.0,4.87269,73,137820050
chr11,925696,925751,.,1000,.,214.17951,-1.0,4.87269,5,925701
chr3,168620994,168621111,.,1000,.,214.17385,-1.0,4.87269,67,168621061
